region,year,pop,pop2564,entrants,gdppc,mult_stock,mult_entrant,tert_stock,tert_entr,none_stock,sec_stock,gross_const,gross_cur,inv_cur,gdp,inv_gdp,stock_gdp,entrant_share,dep_cur,net_over_gross,net_const
us,1925,111732111.0,53124774.41318324,1897529.40215608,11149.772,7.817824999999999,8.301875,0.047,0.077,0.057,0.48499999999999993,24291025048738.82,4630725420219.986,175642937050.7638,1245787562728.6921,0.14098947710318036,3.7171067995550913,0.016982847501700562,126869189595.06812,,
us,1930,119629770.0,56488936.04061746,2022701.9889426834,10694.982000000005,7.886500000000001,8.677050000000001,0.052000000000000005,0.078,0.048,0.48900000000000005,26056165311507.434,4764614417732.014,187708551985.74078,1279438236814.1406,0.14671169469902948,3.723989388965051,0.016908015362252084,130537381307.7264,,
us,1935,124448298.0,61086196.46556712,2116604.0888057696,9680.838999999993,8.020325,8.9031,0.059000000000000004,0.084,0.04,0.507,28654830910111.875,4742944571337.061,182429000913.75848,1204763936762.021,0.15142302599467167,3.936824822366792,0.01700789904580109,129943686885.94687,,
us,1940,129417367.0,64557798.35593433,2166727.5069759297,12005.094999999988,8.1358,8.878725,0.064,0.099,0.032,0.527,30719332398331.254,6305428073836.748,230951348689.80002,1553667785484.8635,0.1486491197458442,4.058414631972929,0.016742169595954842,172751454077.71912,,
us,1945,138111665.0,69143230.4950565,2108446.570477895,16477.552999999996,8.251524999999999,8.9087,0.067,0.116,0.026000000000000002,0.5559999999999999,33369268375641.215,9401055221505.188,309506412752.1685,2275742279955.7446,0.13600240039403202,4.130984120788935,0.015266245399893593,257563156753.56677,,
us,1950,154202683.0,77198922.0,2354096.0,15240.00000000001,8.1332,9.106650000000002,0.08,0.126,0.019,0.476,36722774532003.734,9568803911534.502,326714027877.2163,2350048888920.0015,0.13902435367094104,4.071746743929222,0.015266245399893593,262159011274.91785,0.3660946995582737,13460182730499.654
us,1955,166200028.0,80953944.99999999,2184742.2,17370.0,8.364325,9.264375000000001,0.091,0.129,0.018000000000000002,0.515,39603330938505.44,11761663091430.607,351573507602.2013,2886894486360.0,0.1217825969266684,4.074157592874321,0.013145257713193647,322237344970.7016,0.36489309556963206,14442231522506.105
us,1960,180274556.0,83561136.0,2217438.6,18057.000000000015,8.600425000000001,9.628425,0.103,0.159,0.013000000000000001,0.557,42032676641160.37,12976866788626.133,385524917691.066,3255217657692.0024,0.11843291547036178,3.986482058415388,0.01230034148579459,355530596948.6612,0.35948058781367526,15115038694823.184
us,1965,195653774.0,86748334.99999999,2716585.0,21389.999999999993,9.003599999999999,9.969700000000001,0.12000000000000002,0.196,0.012,0.643,45681477148832.59,16706601939638.33,579316866579.5549,4185034225859.9985,0.13842583723685292,3.991986932007761,0.013884654225990039,457715121633.9269,0.35667665496024753,16296973602515.746
us,1970,207796338.0,91655746.0,3467952.2,23957.99999999998,9.393500000000001,10.432250000000002,0.14,0.254,0.01,0.707,50355850390969.12,20627077334721.844,866765565260.5846,4978384665803.996,0.1741057839934119,4.14332734800649,0.016689188237763844,565125406430.7355,0.36570428662976767,18409010815535.953
us,1975,219129299.0,100315610.0,3946531.0,25955.99999999998,9.80335,10.339399999999998,0.17800000000000002,0.22399999999999998,0.009000000000000001,0.7290000000000001,57518271281712.336,25525884040078.066,1059128418601.0574,5687720084843.996,0.1862131755434493,4.487893858928923,0.018010056245376844,699339288769.2621,0.39498341291855,22713839218721.613
us,1980,229858656.0,110114127.00000001,4351365.4,29611.000000000022,10.193575,10.846225,0.217,0.319,0.006999999999999999,0.735,65649641816207.37,33237062741900.64,1397517445064.2468,6806344662816.005,0.20532569452426888,4.883247086131162,0.018930613602822076,910604458682.2094,0.4207223731423277,27619289389625.652
us,1985,241690438.0,120991310.0,4329574.8,33023.0,10.328775000000002,10.830675,0.249,0.33299999999999996,0.009000000000000001,0.685,73091318160352.19,41268579508606.0,1548521700054.2505,7981343334074.0,0.19401767788177865,5.170630779961805,0.017913719863422977,1130646013934.411,0.4385902851372487,32066693553923.18
us,1990,253373387.0,130803066.0,3859810.2,36982.00000000002,10.528,11.02285,0.28,0.33399999999999996,0.01,0.655,80542776830808.64,50927715413156.766,1573440197974.056,9370254598034.006,0.16791861752659132,5.435040732387573,0.015233684349019656,1395279874333.062,0.4449427227352378,35824352643211.13
us,1995,268205796.0,139550438.0,3726493.8,39390.625,10.5806,10.9406,0.272,0.32,0.005,0.6970000000000001,86358342541202.27,58161335709489.99,1605958856408.3418,10564793933062.5,0.15201042884352878,5.505203043049824,0.013894158349956016,1593461252314.7942,0.4268262315434206,36868623459349.31
us,2000,281484126.0,147912422.0,3890280.2,45886.469999999994,10.69595,10.982199999999999,0.29,0.32799999999999996,0.004,0.68,92530905229706.05,72595326313009.97,1960445982760.5713,12916312903175.219,0.15178062017053137,5.620437260788553,0.013820602444913715,1988913049671.506,0.40663011821558454,37638836133721.85
us,2005,295716666.0,157128452.0,4233770.8,49654.75999999998,10.7607,11.247,0.3,0.384,0.004,0.6709999999999999,98891315475936.77,83956870690872.38,2364421640282.4316,14683740078230.154,0.16102311997390092,5.7176761672147345,0.01431698408232426,2300188238106.0923,0.3859104311185895,38155857392824.805
us,2010,311062785.0,165661945.0,4463825.0,49266.91400000003,10.931625,11.413975,0.327,0.40900000000000003,0.003,0.6469999999999999,105918123869728.6,89220127761243.7,2510148625582.317,15325103477195.5,0.1637932578607081,5.821828733098449,0.014350238007417056,2444387061951.8823,0.37962530391064975,40228012989014.086
us,2015,326126496.0,172745626.0,4574677.6,52808.15199999998,10.946625000000001,11.431275000000001,0.327,0.40499999999999997,0.003,0.65,110598719456208.39,99859243139513.88,2761570501536.3345,17222137571995.385,0.16035004307635284,5.7983071335984,0.014027310433556432,2735869675055.175,0.3830421484629736,42701152924294.24
us,2020,339436156.0,178031342.0,4451887.6,54379.20700000004,10.96035,11.413175,0.33,0.401,0.002,0.645,114125761060702.66,106109375483319.27,2763016874984.89,18458268990408.305,0.14968992360121475,5.7486092297418665,0.013115537403151595,2907106177625.1855,0.38801136973021805,44878231935320.49
us,2025,343477330.0,178149784.0,4612361.4,58487.465,10.99585,11.435550000000001,0.33399999999999996,0.40199999999999997,0.003,0.6430000000000001,114571580774618.86,114571580774618.86,3084914873165.819,20089118316668.45,0.15356148659875168,5.703166210114653,0.013428430342113119,3138947418482.7085,0.3910152563049344,45530895941290.63
oecd-ex-us,1925,439615453.0,205559895.59405053,8428026.720026474,4694.7567980969,6.002046618600093,6.430611063941025,0.0070152384027793255,0.014173916453181367,0.24594464178339975,0.07846785292742132,48533383903420.93,5792297400425.371,254443433092.15082,2063887636520.198,0.12328356863513812,2.8064984245903184,0.01917136138530252,158693079463.7088,,
oecd-ex-us,1930,459554258.0,223166480.4819457,8701828.163106084,4966.069737590521,6.112965512854056,6.5165225957734245,0.009003688711721278,0.015504707682551938,0.20643212308702588,0.09445162862522381,53664085145520.43,6774757024744.724,281604261328.29834,2282178493434.6665,0.12339274168887877,2.968548272728988,0.018935366198056386,185609781499.85544,,
oecd-ex-us,1935,477810312.5,233783768.53344914,8255013.722782706,4968.107424883191,6.2293820553301575,6.59626069374924,0.010813797259951786,0.016754624320349704,0.17003651437643322,0.11237565904235511,57287799741786.18,7235195999357.289,270524491131.93677,2373812961217.008,0.11396200777050443,3.0479216844649564,0.017276759221856907,198224547927.59695,,
oecd-ex-us,1940,496050339.0,248221544.05917534,8439673.81109231,5728.550063594371,6.327090799281482,6.754720386585873,0.012755242268779117,0.020992669582781544,0.14197905401349298,0.12900124216718925,61779780344089.86,8996803864266.666,326571101117.6626,2841649201024.459,0.1149230879729731,3.166050144762125,0.017013744669756813,246487777103.19632,,
oecd-ex-us,1945,510611751.0,242030088.25481555,8519234.37263488,4846.704370857306,6.432373216926402,7.079572331851169,0.01459034808326698,0.025774851783706428,0.11988724263451257,0.14918653073218824,61241160825209.02,7545484381039.012,292317031621.19086,2474784205382.8022,0.118118190258926,3.0489463948521798,0.016684368027078327,206725599480.52087,,
oecd-ex-us,1950,530345302.0,251383796.0,8848476.2,5603.584355436322,6.542604848807071,7.2289855827316565,0.017967435369176582,0.02949676468383841,0.09898544560377483,0.1672726124808932,64697990403659.6,9216242325422.11,358436113634.40607,2971834637266.3516,0.12061105592473823,3.101196213898257,0.016684368027078327,252499789737.59204,0.27806065411647474,17921268720241.402
oecd-ex-us,1955,557870313.0,267527253.00000003,8913257.4,7097.639562510601,6.678900914398597,7.407452995742166,0.02107378637526001,0.03293899977849425,0.0815031745300984,0.19656000636161602,70287136531708.945,12681977302871.06,468618353340.9266,3959562404298.9717,0.1183510462752497,3.2028734511424792,0.01597729291610468,347451432955.3715,0.2884159628965557,20182693294407.574
oecd-ex-us,1960,587359905.0,283210414.0,9088105.6,8599.82098050733,6.794865536144172,7.684421587467244,0.024834748535553237,0.0500184905788799,0.08100942719012623,0.22405697560511298,75699481664167.44,16549294960527.977,600584277656.9221,5051190034127.792,0.1188995610141655,3.2763160460633127,0.015472805553521736,453405341384.3281,0.2900830801910614,21877335150022.863
oecd-ex-us,1965,617193774.0,297117337.0,9072211.2,10747.596214029685,6.932561941751967,8.13689026079194,0.029987123880788405,0.0825228591468469,0.07078956181970415,0.2502896561088021,81026032261560.73,22137730403544.695,793383113301.6593,6633349468765.093,0.11960520353066226,3.337338173992814,0.014699129482793517,606513161740.9506,0.30005170936095654,24255713919731.72
oecd-ex-us,1970,646385844.0,308100448.0,10596571.8,13715.175026581592,7.1395095338339285,8.412401584875136,0.03986070761058465,0.09470118435244339,0.06055344970179216,0.28568205615852926,86529367207411.95,30169079671305.016,1222606600031.1824,8865294985164.664,0.13790929710484684,3.4030542381038047,0.016393570339390044,826550127980.9594,0.3095497918704335,26782323153714.613
oecd-ex-us,1975,674478028.0,325334724.0,10674427.8,15929.361014831093,7.478395744902824,8.670798932592689,0.058518799615854974,0.10167160540697151,0.05162900985926197,0.34048444419878815,95706554805965.34,38755845683701.19,1474355025791.774,10744004004583.354,0.1372258447747059,3.607206928363772,0.015826205386782446,1061803991334.279,0.33343828256644736,31937343950106.703
oecd-ex-us,1980,695455484.0,341112161.0,10915818.6,18250.304619324448,7.812584896484317,8.892461734378527,0.07471544787686718,0.11392074720142847,0.043077053447725486,0.40064623009408723,104832217498710.25,48636472636567.65,1771529679339.1436,12692274432179.72,0.13957543140161272,3.831974552429766,0.015695927131405007,1332506099631.9905,0.35006753195414814,36707958952045.31
oecd-ex-us,1985,711959440.0,362504308.0,11278618.4,19885.506218532628,8.08161613817757,9.17552331334031,0.08551149572794939,0.1413521455599388,0.046751611875775013,0.4596405663907279,115242908516775.31,58256989965553.84,2057895877582.8887,14157673871463.008,0.14535550799279942,4.11487017531742,0.015841658620328148,1596081916864.4888,0.3510368300921673,40460573044799.74
oecd-ex-us,1990,729651568.0,379660741.0,11354462.8,22761.39447608272,8.46665675075936,9.598300673617867,0.10482789687971847,0.1963124973562878,0.04230268082181318,0.5299519179361843,126447563187409.97,73165527804538.81,2480617526106.5884,16607887169340.297,0.14936382339386547,4.405468742562821,0.015561486191447479,2004535008343.529,0.36465326611089716,46109751005426.69
oecd-ex-us,1995,743355524.0,395187229.0,11161817.4,24838.074978837798,8.862153407375773,9.410777524597721,0.12614738903467615,0.16622678256176138,0.033407875882918166,0.5952650468361045,137766931347137.25,86988150797086.17,2609025680308.115,18463520241045.26,0.14130705554773515,4.711352421501263,0.015015449592596288,2383237008139.347,0.36784509800403314,50652185831901.47
oecd-ex-us,2000,752455147.0,407577620.0,10356400.2,28693.098950640524,9.253894910874722,9.603573242338339,0.15325664069381395,0.16203217489704733,0.02598268988413849,0.6428298692323328,148367135616011.75,108221200749530.36,2853771085570.241,21590269988789.76,0.13217857335975855,5.012498723069312,0.013763478449566642,2964964404096.722,0.37040329396161903,54902195501905.04
oecd-ex-us,2005,766662798.0,418983693.0,10035945.4,31940.75960037725,9.63275250737619,9.564767341657706,0.18288870604332474,0.1433425740396833,0.015677695511948503,0.676519743358788,158763382315658.88,128911826765760.56,3066040875944.8325,24487792125470.582,0.12520691372399145,5.264330328567066,0.013090429620663556,3531830870294.81,0.36717239246535105,58140141355296.18
oecd-ex-us,2010,780794396.0,428029657.0,9620508.6,33977.48248068411,9.938478206806113,10.127885596454037,0.21548320328050558,0.22444188498293902,0.009656439371271119,0.6807587782406311,167338769401418.06,144538967507247.66,3310609952599.5283,26529427911106.336,0.12479009964679892,5.44825044820275,0.01232143653858909,3959971712527.333,0.3618872018201857,60423873939442.83
oecd-ex-us,2015,792482812.0,427974752.0,9239484.6,36005.54835547788,9.870574723948154,10.274960354767183,0.1909560068274527,0.2483074887347114,0.009446782527885382,0.7302388207466767,166174128425562.75,152100281937873.47,3418198901687.7827,28533778208351.082,0.11979482270901533,5.330534247068541,0.011658908508920443,4167131011996.533,0.35415747116971846,59806622934623.08
oecd-ex-us,2020,803360187.0,427591678.0,9012574.799999999,36472.54576806026,9.986679361898014,10.341063212211395,0.20182686950932077,0.25951075217203473,0.008669025210915077,0.7361967496827151,167978295688341.78,155745830351687.22,3399226884880.8984,29300591188594.953,0.11601222866124365,5.315450099597655,0.01121859776703124,4267009050731.1567,0.3444614704124525,58555814623047.12
oecd-ex-us,2025,807947037.0,423225179.0,8775496.8,39337.14349655098,10.066099768346444,10.449930020827695,0.21102885585040485,0.2770292411423461,0.0082554575926086,0.7349264629613623,167585155960494.0,167585155960494.0,3607346951326.447,31782328532082.188,0.11350165698794112,5.2729036449084505,0.010861475317224291,4591374135903.945,0.3371764223810215,57130851767824.66
china,1925,478527872.85714287,195625595.10768327,8491531.887558898,1009.2060119436081,4.829194874755729,4.9939325672531005,5.5782554627820215e-05,0.0012357009728401979,0.9817470391425357,0.0022765736957422868,18829017438212.703,953411170748.725,42796529048.73686,482933206170.01514,0.08861790513048812,1.9742091837293945,0.017745114483840974,26120853993.115753,,
china,1930,488307834.0,200751687.7135428,8550951.238230173,1024.6969560320304,4.850566111856469,5.029437504350026,0.00010103676774671322,0.001241703312347749,0.9649699164238246,0.004557854140819604,19407915108939.992,997808224762.1187,44068603874.020134,500367551106.394,0.08807246548377745,1.9941505450459418,0.017511394744959535,27337211637.318317,,
china,1935,502867811.0,209177400.75759965,8735750.024969053,1023.2116465142869,4.8965205826972245,6.344524132874465,0.00016143472923454646,0.005221263651841701,0.9452254363537349,0.009818411312430199,20414069881917.777,1048015778686.6298,56710663253.61287,514540200872.3453,0.1102161952700028,2.0368005782829726,0.01737186161825946,28712761059.907665,,
china,1940,519252214.0,216697600.6445386,8873658.19234099,985.8156863506493,4.938489932263267,6.399359031650223,0.001238822659396272,0.006229088792205404,0.9260686900816137,0.013173700951566341,21329247119699.6,1054979449365.089,55980258167.02732,511886977733.5043,0.10936058271084101,2.0609616873557712,0.017089302564516348,28903546557.947643,,
china,1945,533371420.5,224433077.11360684,9020133.800972506,896.929667292115,4.982421045443791,6.457143842245343,0.0013026990988665936,0.006305656907815146,0.8983524786545368,0.018512402950728004,22287150195368.01,1002964770327.2667,52241041902.53491,478396650732.1878,0.109200266813281,2.0965129433749703,0.01691154316539258,27478486858.28128,,
china,1950,553815906.0,233035748.0,9365881.6,819.8017028064362,5.086502882502507,6.484509819175778,0.001374929427581529,0.007268124474348191,0.850475217403666,0.03189140174085402,23624851809386.082,971741294219.7585,49789140770.91962,454019222780.08923,0.1096630677134032,2.140308703824277,0.01691154316539258,26623049156.705715,0.26200079142511173,6195093643515.693
china,1955,615324803.0,246721552.0,10367209.6,1143.219941056657,5.268811007354877,6.780165903646897,0.0033825755044439815,0.009323300033423701,0.7532771346245317,0.05022557972239365,25908779776865.754,1486105016474.3555,80358531360.46167,703451585016.3591,0.11423462974867402,2.1125903304913236,0.01684835317779316,40715205930.80426,0.27960652280089937,7258232426066.11
china,1960,669116517.0,264405678.0,10571721.8,1093.813652238364,5.459702073309616,6.880164103549864,0.004433833267178347,0.009757336872946241,0.6543068639198127,0.06939344657583033,28771796002156.63,1579003386639.4417,79558733801.99475,731888781232.7834,0.10870331099759052,2.1574362486876626,0.015799522999968032,43260366757.24498,0.2942123049942206,8464682025373.366
china,1965,740661607.0,283140004.0,10780892.599999998,1314.0118935155738,5.71062258779283,7.110483767923971,0.006429639564587661,0.006766367779465708,0.5503683824825694,0.10596348288389812,32226411122899.4,2124633323581.2522,100728685178.07242,973238160668.3578,0.10349849527981762,2.1830559152368108,0.014555760009847518,58209132152.91102,0.30789760758214574,9924825344037.008
china,1970,842122040.0,304859981.0,13701594.8,1479.4481394173304,5.921283093681154,7.26654352728201,0.00740072501426754,0.00757081684078769,0.458749241987062,0.1368371778644281,35978536518076.65,2670643934232.2915,147298642786.04,1245875885240.3267,0.1182289861542881,2.1435874679580382,0.016270319679556184,73168326965.26826,0.31193153834918463,11241432756654.588
china,1975,937144396.0,340295015.0,18595122.400000002,1710.9359652771805,6.201153944303322,7.8804367949986505,0.007532185492322411,0.009329075589937333,0.3599621132728847,0.19027046976807765,42058652131966.625,3610454328692.8306,250716598560.68646,1603394051774.3604,0.15636617728700972,2.2517573423060924,0.01984232363696491,98916556950.48851,0.32550162032009977,13715546885267.525
china,1980,1006458657.0,399112154.0,17970218.6,2120.756788764717,6.475015553237303,7.921184956866527,0.007949762922601702,0.019947085759977584,0.2655214803545346,0.242582986810671,51506616278333.164,5480581434797.373,301880026939.8919,2134454029443.7698,0.14143196469710834,2.5676736810422622,0.017854899925611154,150152916021.84583,0.3508170399202382,18104692921841.605
china,1985,1085063923.0,452309833.0,22051266.4,2857.026848278672,6.753973097504701,7.822082355297297,0.011046900750334453,0.020299354445417035,0.24349943665673549,0.32020386778775206,60886723809562.53,8727898302486.689,492799480912.2856,3100056760109.5815,0.15896466389049793,2.815399516161818,0.02032255052682274,239120501437.9915,0.3657877033285372,22347500289449.87
china,1990,1180089354.0,521512397.0,26094816.0,3324.213671072428,7.023024183138722,8.458524352694502,0.016153388604109455,0.05303744420162331,0.23355622396864692,0.3898741204006975,72998855479664.0,12175245631242.164,733732530364.6787,3922869163653.83,0.18703976598629846,3.103658348855541,0.02211257640071889,333568373458.68945,0.37830422185974855,27674305012409.566
china,1995,1248244234.0,606823201.0,24936714.4,4437.118012587018,7.401197567903319,8.81720550164155,0.022228230123968084,0.06396808672480382,0.15009727088462158,0.4657918962296761,89514094959930.23,19928066058388.98,975598612451.7256,5538606974789.284,0.1761451240162861,3.5980285564759975,0.01997743207680621,545974412558.60223,0.391159464194294,35044040346911.67
china,2000,1299056028.0,682140570.0,19799227.800000004,5255.085947261719,7.861884799438473,9.172388230913905,0.043,0.0932,0.07933415725338014,0.5357080982132082,106887718227772.56,28182556016778.176,954356210859.2122,6826651077448.427,0.13979859231591465,4.128313531341618,0.015241242389277458,772124822377.4843,0.39072872308074985,41834256288700.71
china,2005,1340255966.0,728116263.0,21583147.8,7210.977533540368,8.26234541054112,9.629370454055366,0.072,0.159,0.052096485203294574,0.5763537309283576,119903353251026.6,43380866332005.48,1498672789392.953,9664555660019.443,0.15506898010766257,4.488656060150229,0.016103750587594848,1188516885808.3691,0.37599127577845914,45108379235244.51
china,2010,1382449977.0,779504878.0,25153421.4,10296.622389272596,8.675564439197563,10.211010431142222,0.105,0.232,0.03144227457109512,0.6167600870405694,134785702888156.53,69632399855884.414,2644603525649.4097,14234565385227.584,0.18578744444097597,4.89178264115797,0.018194814871048313,1907736982352.9976,0.3674668744734251,49585491324253.516
china,2015,1427652027.0,835781963.0,20376762.0,13982.660091361373,9.068034463805445,10.670106498509329,0.145,0.319,0.023576901275501737,0.6321496734165327,151054409329283.06,105973177598532.92,3040141007445.0767,19962373022284.07,0.1522935677061718,5.3086462957201865,0.014272919181026735,2903374728726.929,0.3707116173332127,55954171968255.164
china,2020,1457942863.0,846174835.0,17030907.2,17889.06987570809,9.481878813616758,11.401236513466838,0.187,0.45759999999999995,0.01473853887531469,0.6506804370467945,159912258243251.22,143529861642804.12,3473581538959.8857,26081241750996.906,0.13318313491830253,5.503183591222913,0.011681464090407224,3932324976515.1816,0.37463484907290057,59556844702841.95
china,2025,1454058729.0,841674094.0,16067127.0,19930.915622388315,9.75438630730042,12.060888575274864,0.22,0.5826666666666667,0.01178221268695396,0.6473851755308553,163633101429283.88,163633101429283.88,3862289134254.623,28980721837696.195,0.13327097771701513,5.646274179977147,0.011049847354549322,4483098669295.448,0.361645893871653,58868494074099.76
india,1925,386681582.0,140722536.06766003,5853609.919751902,944.00823119745,5.032651403304952,5.14139640096006,0.0019852637693565894,0.001984046513838501,0.8588611828729534,0.01758944922573643,4999104935918.718,668553679770.4684,28410615875.37808,365030596260.4517,0.07783077957417826,1.8315003909794207,0.015138062406478678,18316539171.793655,,
india,1930,404593262.0,143740668.91383672,6543546.146443302,985.8662857455997,5.0852451763640705,5.169884396579472,0.0029693963066056094,0.001984097027153558,0.8302204438657927,0.020918110801831733,5159686426907.34,720625412326.8744,33351242371.1653,398874856445.6363,0.083613298337121,1.8066453692979023,0.016173146616671293,19743161981.5582,,
india,1935,432883016.0,154643512.92664203,7085531.184951796,922.3028183642448,5.130464718646332,5.202690941389622,0.0039542656846585575,0.0019842529231100816,0.8097771982168068,0.023158602655316544,5600414388845.86,731748680245.5469,33999613300.20415,399249225678.81445,0.08515887098440098,1.8328117706462868,0.016368235581115515,20047909047.8232,,
india,1940,459914817.0,166885366.30632824,7695105.368154645,926.8861409731326,5.1602097206738105,5.212232612944447,0.003954780669815759,0.002,0.7932519703306545,0.026462091675957134,6078793067738.731,798200503485.2367,37176178846.08585,426288669905.49445,0.08720893017008306,1.872441281777892,0.016731588293565774,21868506944.801006,,
india,1945,458021156.0,178294867.38287553,8272973.6318866275,882.8325723329324,5.1912252566329515,5.2696802954898905,0.004936695194842009,0.003979471228615863,0.7727298749705973,0.027820013148292227,6533418320280.995,817122301071.7202,38487903611.28622,404355995334.3833,0.095183214927872,2.020799272175991,0.01806242686284698,22386912358.129322,,
india,1950,447563224.0,174223886.0,8084078.0,995.5401531639726,5.216928506142224,5.291893651372798,0.004940464365089006,0.003979567636595823,0.7606771169059479,0.0296195679360837,6415851924878.55,904859942071.4182,42589288436.307175,445567160571.52136,0.09558444204388543,2.0308048306584574,0.01806242686284698,24790683344.422417,0.2822674034011737,1806168656186.7778
india,1955,500051318.0,193229523.0,8833147.6,1065.7217045256407,5.242692489882444,5.440141994840667,0.004938369628059356,0.0059339726858877095,0.745090768934284,0.031978801310464454,7150882095030.344,1079621879739.7212,51211740207.878494,532915542969.2532,0.09609729136917514,2.0258780100958895,0.01766448218820613,29578681636.70469,0.2792548758815017,1989495378563.5466
india,1960,562663716.0,214896008.0,9567253.6,1168.6644163921046,5.218294751775899,5.493723994564311,0.003958698171886297,0.00881005102210958,0.7404092197523499,0.0246758627021196,7915688672440.607,1310529420495.781,61424827202.369286,657565063284.153,0.09341254673049111,1.99300342075726,0.017003501963862192,35904915630.0214,0.27515261922379564,2170652820982.821
india,1965,634743384.0,236995908.0,10190542.8,1217.013939217929,5.318500767999999,5.803928728206574,0.005916655483870967,0.011123180236739296,0.7181446451612903,0.041813011612903225,8897373548983.06,1534000941938.4285,71980513503.05716,772491546154.3585,0.09317967796721245,1.9857834685376685,0.01605458687222804,42027423066.80626,0.27810226854201703,2460324708996.2036
india,1970,711535104.0,258617185.0,11494563.6,1368.1828041212596,5.3692055169375354,6.203876406257817,0.006999999999999999,0.02263020859386724,0.709167151528714,0.052179165850793026,9801649279218.473,1899815977042.6426,97566281341.81444,973510093821.432,0.10022112966371638,1.9515113290557418,0.016154598044961672,52049752795.688835,0.27920138905563024,2721115187359.802
india,1975,799327683.0,284486973.0,14147444.4,1388.6929625824964,5.544411613482249,6.4434676722310735,0.010955795351961877,0.019558126617064506,0.7010647450297063,0.09838757164150903,11133958533675.398,2190403292060.6687,126591307182.20166,1110020728179.4727,0.11404409302321954,1.9732994496896596,0.01769917982435246,60011049097.55257,0.2928245591535378,3233672456391.928
india,1980,901830119.0,324521980.0,16461887.600000003,1475.868821008384,5.78356831445627,6.723580858920184,0.016778555605778175,0.031173157681288352,0.6974662472870446,0.1605617545209696,13248653366143.336,2770050871129.1436,163353341314.38663,1330982954478.3806,0.12273135487178773,2.08120687181508,0.018253867611179222,75891804688.46968,0.3183277969767577,4183819455853.141
india,1985,1016278198.0,372483004.0,18405168.800000004,1704.1156647977505,6.033573827900762,7.022531973627978,0.022845293787733825,0.03200778161615442,0.6208169509419023,0.19650312097918243,15864005180516.916,3829835857574.841,220258460165.77826,1731855597004.23,0.1271806151429612,2.2114059995531408,0.018110364697600256,104927009796.57098,0.3376611475992868,5302745416297.521
india,1990,1141498297.0,427543370.0,20295664.2,2026.8107273824585,6.274600604740434,7.43587491629184,0.03006671947355593,0.0659966851568691,0.5497919205459421,0.22656074823300026,18936425945725.184,5437251946068.248,305878208947.35205,2313600993648.4077,0.13220871264625486,2.350125177589085,0.017779846236599336,148965806741.59583,0.3486717050058858,6516551662785.363
india,1995,1275163673.0,488594576.0,22855852.8,2299.368530247179,6.526755064768165,7.643178951931906,0.04141813508605917,0.04759909907598853,0.5174709214598092,0.26637238178051714,22510114649982.227,7332541666773.2295,401679845695.4926,2932071220610.6045,0.13699525539213972,2.500806124772858,0.01792385815557969,200891552514.33505,0.3577362679131394,7933380480456.523
india,2000,1412194953.0,557625377.0,25694595.8,2667.668387137688,6.831010046660636,8.036974879054016,0.05886492222093743,0.059902480323018814,0.47830753167957885,0.3059572844326243,26888043656898.785,10161534504901.846,550891718035.4314,3767267832593.493,0.1462310997028799,2.6973220265856064,0.018194793675912535,278398205613.7492,0.3666872776841157,9697111467723.44
india,2005,1546744194.0,632510106.0,28962699.2,3289.7536889292473,7.036092460369215,8.422016405678118,0.06185743921649341,0.07019014285150721,0.4309400713649618,0.3471167454968954,31414543806323.414,14640718461614.86,802450957249.3796,5088407418041.3955,0.1577017898378615,2.8772693023174414,0.018724944507533738,401115574290.81805,0.3672032309644679,11371731206458.041
india,2010,1672490166.0,717629976.0,31537223.4,4289.397749828828,7.250230435669829,8.35238502988934,0.06485816316119347,0.039580942393387934,0.3835904936814028,0.391279242642879,36726888118773.93,22317662258086.867,1129874690559.2913,7173975554651.242,0.15749631176631732,3.110919752663114,0.0188564477335169,611442801591.421,0.3712272553575273,13422870498418.695
india,2015,1789252718.0,805233144.0,33119630.4,5462.82056388691,7.353734675350478,8.594729474751514,0.05863055020661956,0.05139804323080539,0.34145099173646665,0.42610557654171194,41798562821925.26,32347932961505.14,1555015164747.1309,9774366541880.947,0.1590911449948437,3.309465920159795,0.01851031442725465,886244738671.3737,0.38064425104949606,16075389218952.791
india,2020,1895786968.0,887226377.0,34630966.0,6240.628684974518,7.523596765683478,8.83519355110117,0.04625744143874246,0.07350370413312911,0.2864682506178976,0.49485989555318005,47118527138716.56,41657029598794.55,1909453193373.8755,11830902533101.67,0.16139539549340537,3.521035650681965,0.01826732991868525,1141288482158.7546,0.37929843598078544,18141328494051.582
india,2025,1952474474.0,969005758.0,35751172.4,7058.814199851972,7.761072561381178,9.085194583520792,0.0484543188709664,0.0999377576597835,0.23164709973018804,0.5475338173381337,53085981603180.516,53085981603180.516,2292747730944.3555,13782154541919.71,0.16635626338180645,3.851791201565368,0.018310699000718408,1454410454881.658,0.37672951275152616,20236761487713.848
latam,1925,100159133.54545455,36105075.72421289,1933256.1607164473,2402.487239018403,5.4332030120481924,5.522773599531958,0.006152883378172886,0.004265321047242943,0.6032076851093695,0.03591519475962101,2746686383836.3237,471286807062.1424,25651202697.31848,240631040214.09464,0.10659972493364137,1.9585453590809745,0.019301845895452866,12911967316.771025,,
latam,1930,109967921.72727272,39668462.27542872,2096200.4173057827,2495.8120530046635,5.507140801510478,5.620408135875185,0.007318849058610787,0.004720606087855762,0.5636218487394957,0.041775688756515265,3058837652825.111,545234619732.6091,29404414394.22768,274459264490.80066,0.10713580555854495,1.9865775737035989,0.019061926281597738,14937934787.194769,,
latam,1935,120307553.9090909,44048166.98859234,2271414.4847758254,2517.238366701919,5.575484840253679,5.6939896461910315,0.008090774201268398,0.004607559593265544,0.5277657771927725,0.04775503170994376,3438708494031.4272,618208286749.9645,32556477270.218983,302842790504.0231,0.10750289685296797,2.0413505162895795,0.01888006539050902,16937213335.615465,,
latam,1940,132070902.45454545,48524777.70113492,2448605.6224588603,2806.1579057458202,5.624434095940958,5.753380859286631,0.008594573475146515,0.005790325013196592,0.5021874104623398,0.05244245713045365,3821441964531.9087,765869002578.9906,39532481119.23465,370611807041.8078,0.10666816428429407,2.0664991995049817,0.018540083977252986,20982712399.4244,,
latam,1945,148610284.1818182,54059936.692167245,2703527.5720874644,3047.7597008906005,5.670331538177076,5.82670777076656,0.008938943926506938,0.007085970886752137,0.47648967476984766,0.05792456061815138,4292090461785.7163,934253443851.5927,48010337912.30643,452928435267.24536,0.10599983170404936,2.0626954969174034,0.018192062460359853,25595984763.05733,,
latam,1950,167822280.0,61048681.00000001,3053033.4000000004,3687.1617781174573,5.7035680849654815,5.972217827955051,0.009207629012764689,0.010346343368787933,0.4612144335358686,0.061108988261783743,4875372428528.19,1283852433119.0815,67229423668.50386,618787896332.5258,0.10864695975303297,2.07478594964172,0.018192062460359853,35174039263.53648,0.30042498751533897,1461969092564.6882
latam,1955,191451150.0,69355139.0,3316955.8,4152.071091916338,5.770316017764076,6.155776982110865,0.010614152536152095,0.01477797684306228,0.43654060045511267,0.07044483593922043,5603548387804.688,1661663291566.631,84778815148.29294,794918785429.1387,0.10665091415914257,2.0903560489762216,0.017325337559998984,45525021686.75702,0.3035815569227218,1698769053888.2876
latam,1960,219313371.0,78178899.0,3635859.0,4704.3140458918915,5.863261259092643,6.392805384810477,0.012978361811557029,0.021562644102185745,0.4060639543296108,0.08246777948778658,6418206377716.034,2156379042625.0085,109343966101.07393,1031718971647.1995,0.10598231602400401,2.0900837358667776,0.016578373600394842,59078877880.13722,0.30420653475880033,1948457451927.7585
latam,1965,251463631.0,87791792.0,4149756.6,5303.146136932161,5.986429301296684,6.6443900732036205,0.015592544654413669,0.02375214794837218,0.3680200150613042,0.10056489304120679,7358794133230.04,2787118068723.449,146221535444.11273,1333548383316.5845,0.10964846665739592,2.090001460458287,0.01650241262920442,76359399143.1082,0.30804404128962787,2261322608396.3496
latam,1970,285797004.0,98677579.0,4932628.6,6205.4254903411775,6.140728398547378,6.900756672872471,0.020205445232797346,0.04578869237176033,0.32424056425542636,0.12379242411520215,8484441441210.1,3760191300195.8594,211225669861.68427,1773492013684.7395,0.11910156247212303,2.120218907771344,0.017259203319010298,103018939731.3934,0.31607797659457304,2676587230774.63
latam,1975,321967666.0,112060931.0,5867588.4,7398.261544567905,6.321410542895565,7.163604156563663,0.03151594421826354,0.050488397992556666,0.27784716209494686,0.13353163052889486,9918662303886.523,5240803822422.397,310971724181.8252,2382001001962.0835,0.13055062694166542,2.2001686053471357,0.018224154222989584,143583666367.7369,0.3261386369845889,3227168993754.961
latam,1980,360551282.0,128803173.0,6793859.8,8598.857206144525,6.544151126145892,7.418426434721135,0.041395798594212496,0.06565778776478906,0.24531212950478298,0.16843763712810858,11802248740838.578,7248040625465.056,433380246029.71155,3100328989410.3467,0.1397852445692018,2.337829517519547,0.01884297779310073,198576455492.1933,0.3500534970165465,4122124456994.0723
latam,1985,400925473.0,149987248.0,7713080.0,8010.439512548122,6.775617287083844,7.630654571048858,0.049067735092769876,0.07447931311859547,0.21231105111640658,0.21182893703770023,14229449073127.746,8140658742379.146,471461219646.7486,3211589250506.2456,0.14679997436547396,2.5347758095453607,0.019238188938920327,223031746366.55197,0.3646531673007128,5179134263064.439
latam,1990,441946711.0,173694346.0,8255369.6,8030.643104199375,7.014804095329123,7.7995709253898395,0.057959471172112455,0.07260882666293597,0.18953390957446808,0.2587489195478724,17060278253177.47,9784791010153.64,517079784317.6741,3549116307115.744,0.14569254416401153,2.756965442506288,0.018679558857493114,268076466031.6066,0.37497845173654776,6381847912825.422
latam,1995,482374759.0,198335174.0,8926579.6,9020.372870251918,7.295466122926293,8.135877335181513,0.06924029331383438,0.07646644947185237,0.15948957377185202,0.308757787907546,20259917300269.24,13052006360668.094,655109600877.5728,4351200189377.907,0.1505583683501434,2.999633616612373,0.0185054865194553,357589215360.7697,0.3811678871817938,7698531221366.65
latam,2000,521388587.0,224221605.0,9607619.6,10090.750815430127,7.560375285707115,8.404028063117604,0.07796471602651545,0.07554501425614187,0.12625715693475612,0.3615365089213615,23735899383682.746,17105835544850.002,814754513676.609,5261202309426.212,0.15486089790100968,3.2513168167288304,0.018426984862252076,468653028626.02747,0.3798708452780205,8994623295810.459
latam,2005,556278281.0,251031201.0,10203767.2,11253.527795760832,7.879609424915603,8.639694111136665,0.08747475732871335,0.08681167711148163,0.09020402198816396,0.4300710445997037,27696014408875.375,22259791023308.03,992082059527.6859,6260093097411.555,0.15847720538499588,3.5558242787974015,0.018342918550868247,609857288309.8091,0.37903498074353853,10466693576757.453
latam,2010,588974888.0,278627597.0,10548778.2,13316.37565467307,8.180637357804558,8.866441799503585,0.10247250797383059,0.11571949806949808,0.06997984317226014,0.47956081701374154,31915095781457.285,30352698545056.94,1245482319027.1921,7843010859776.998,0.15880155482311867,3.8700314315158257,0.017910404017089435,831580782056.3546,0.37854062210528794,12065949827116.47
latam,2015,620109079.0,304855840.0,10740433.4,14305.947282062125,8.302060960291135,9.172097240798871,0.10067295332835835,0.15602559483190026,0.05796438727238658,0.520469300336304,35437682975730.555,36207376444367.86,1409311764041.7048,8871247793302.098,0.15886285637357045,4.081429950779289,0.017320232461876275,991982916284.0509,0.37839600451063105,13652504012893.93
latam,2020,646796520.0,327812451.0,10752531.999999998,12833.057379156267,8.46747988077769,9.484707288587735,0.10525324978416124,0.20013859609986434,0.04435084855899034,0.5585375956020756,38865521545282.69,35621299134870.914,1308774462685.2102,8300376853798.595,0.15767651104735816,4.291527934490003,0.016624288578423393,975926003695.0935,0.36876510486027364,14490281892894.494
latam,2025,658958893.0,347032797.0,10554924.6,14001.832616295293,8.631123737321701,9.765277817129673,0.11359050530027244,0.24083965717772232,0.03497835245094673,0.5866330906426723,41939451369878.27,41939451369878.27,1443193685817.2134,9226632120805.24,0.1564160862730117,4.545477788727321,0.016017576683649067,1149026064928.1719,0.3632216813444179,15344211844746.691
seasia,1925,120045899.23076923,43832737.97723259,2244929.224923793,1400.9985132773945,4.981951118890358,5.3197047123733725,0.00144774108322325,0.0014381331403762665,0.8941830911492735,0.01472338177014531,2566070454878.3794,305939629112.17377,16731229413.079866,168184126347.35562,0.0994816203910015,1.8190755320172587,0.01870059068497019,8381907646.908871,,
seasia,1930,127316700.2,47052777.590106554,2384584.2497501764,1585.356794824151,5.024384863459358,5.388904665591264,0.0017585892443436686,0.001446085122223601,0.8736818159412431,0.019264085374870607,2778041178873.7,374796202974.50037,20372305964.04989,201842395756.65933,0.10093174869273097,1.8568755170066138,0.01872954801690797,10268389122.58905,,
seasia,1935,137094107.4,51919886.013829626,2606923.8932102327,1475.0942379393275,5.076355827768721,5.435303401998698,0.002283627755320812,0.001842592947122564,0.845552046809746,0.024316211447841525,3097107655062.104,388781466227.39856,20901233197.797504,202226727881.17532,0.10335544374766664,1.9225028773438857,0.01901557946326607,10651547019.928728,,
seasia,1940,148490790.4888889,56096811.756818466,2814785.8908891496,1635.2078001734783,5.112889692574686,5.488907572963002,0.002479856204289079,0.0024695671042638603,0.8261350357423246,0.027513759761993307,3370350882897.7065,469005085943.007,25264123367.555996,242813298861.35684,0.10404752740491975,1.9315461226479307,0.01895596273426648,12849454409.397453,,
seasia,1945,162061462.3,59673839.031948194,2977995.4164361446,1334.3241554926847,5.179457720524017,5.622621633307762,0.0031657059679767105,0.005605411813934026,0.7862527510917031,0.0324962833575934,3631941006432.931,412410409839.6049,22342112402.850597,216242523821.35706,0.10331969867919194,1.9071660955099965,0.01837571606581847,11298915338.071367,,
seasia,1950,178942175.0,65889610.0,3288190.6000000006,1338.3960838426271,5.236344973798805,5.764843783885424,0.003445272713853421,0.009849446864520984,0.7502980662779541,0.037363071075356115,4054298328018.8677,461774391399.2382,25370509205.925552,239495506254.28207,0.10593313253647714,1.9281129680527436,0.018375716065818472,12651353189.020226,0.2929139398626379,1203608471057.4631
seasia,1955,200833021.0,74266317.0,3721523.2,1536.2256399091289,5.365418744145591,5.937800516341189,0.006341094607252779,0.01210021057489832,0.6839057774655426,0.04484438980329185,4682373185469.013,612139660659.7542,33946995527.96191,308524836200.6085,0.11003002528421715,1.9840855219244966,0.01853043479338988,16770949607.116552,0.29608946264292724,1398171306526.549
seasia,1960,230908360.0,84956345.0,4113374.0,1661.3406482474697,5.424273331838566,6.196075085047573,0.007442600896860987,0.02156942008185829,0.6521996711509717,0.048730403587443946,5415117698147.3545,765589690834.1552,42342213899.53199,383617444488.1601,0.1103761429724003,1.9957113573279752,0.017813880796693545,20975060022.853565,0.29637384906364533,1615610566120.9746
seasia,1965,264516342.0,95916085.0,4284951.0,1768.41035568261,5.578008108395325,6.4591158667548285,0.009456854410201911,0.02541736017693062,0.56945890010627,0.06266838469713072,6286965831057.616,946136146129.0859,48944284558.67749,467773438440.08295,0.10463245780242557,2.022637602691236,0.016199191957674962,25921538250.111942,0.30694664471005134,1948543375721.537
seasia,1970,300710517.0,106088079.0,4779391.0,2002.4033713631666,5.770266046058185,6.643350071347031,0.013789112006752986,0.031227910958904113,0.4794971763502989,0.07829233988420063,7193378916916.992,1225784119548.4998,63578644928.50549,602143753045.1608,0.10558715357748982,2.035700135307334,0.01589366094568618,33583126562.972595,0.31267952256115183,2266038931214.496
seasia,1975,338675003.0,117600873.0,5820911.799999999,2359.481615915438,5.940702710425861,6.913742965373342,0.015617341607489392,0.04202012022455165,0.41383937901179274,0.10370882647729938,8209541076301.963,1648408947332.694,94955657703.56992,799097443348.6058,0.11882863409706287,2.0628384698930597,0.017187308624604925,45161888968.01901,0.3172930959088949,2630571926619.6123
seasia,1980,378135860.0,133536525.0,7169331.8,2917.0109804543276,6.173376538393083,7.054796098401526,0.023001086640874562,0.04944987534829154,0.339776189450216,0.1316960871560922,9687090396889.502,2404699989543.8447,147537088960.79242,1103026455723.5403,0.13375661861529342,2.1800927593948414,0.018959671796269204,65882191494.35191,0.3337823348542916,3265894640660.8823
seasia,1985,423845809.0,156660174.0,8317653.0,3107.767573668352,6.343518462397255,7.385422946350394,0.027623988738592974,0.05552029769959403,0.33595484111060775,0.17386170798006598,11677754144062.898,3088427022657.6924,190908251786.45972,1317214261445.4297,0.14493333193718141,2.3446656425270125,0.019624242645277637,84614438976.92308,0.3488019161564924,4101060087299.8735
seasia,1990,469583863.0,184123955.0,9241115.4,3903.7358542012817,6.446118185878069,7.334727917128517,0.03372155272871906,0.06339109262326728,0.35379369055676896,0.2024084251512466,13946944532178.586,4633284650119.3545,264599381912.4959,1833131362547.4426,0.1443428372447847,2.5275246197744554,0.01967937173343625,126939305482.72205,0.3571465108862688,4982617642086.235
seasia,1995,516419831.0,214820844.0,9865343.400000002,5088.047309332576,6.688297425686504,7.484416701651109,0.034454821490969116,0.07695948449739669,0.26119692022218743,0.24114637379056064,16883501127611.021,7310433604333.426,375682795700.5487,2627568531605.5337,0.14297735384697796,2.78220473277875,0.019103339584958738,200285852173.51852,0.3597832227377553,6086144550767.658
seasia,2000,561608030.0,245965660.0,10419361.6,5306.209433045198,6.805056804319331,8.217774006669465,0.03582944142582296,0.1074486462575003,0.19362378697224042,0.25048350387957463,19668749438110.203,8881587940438.059,454338658529.61536,2980009826459.9307,0.15246213435119504,2.9803888099888725,0.018552729027040443,243331176450.35776,0.3521424427647703,6996395508920.549
seasia,2005,600638678.0,275210739.0,11300872.0,6476.307107916408,7.211273359106085,8.638334950901264,0.05189719780193908,0.11341814635458702,0.12970776808291226,0.31697423352749227,23321036579564.223,12853007772475.139,632221747099.6135,3889920539620.915,0.1625281906558496,3.304182602590567,0.01881475904553719,352137199245.8942,0.3621709974893972,8531502998220.886
seasia,2010,642199904.0,309490797.0,11442785.0,8048.26505220924,7.666900043239458,8.891735638717039,0.06549093447851105,0.13380155071059138,0.06741940165027083,0.40779649190894823,27882907339064.363,19097205044607.6,818880540106.7448,5168595043895.329,0.15843387480586846,3.6948541881150994,0.01781810450099351,523211097112.53705,0.3702476978015569,10437133112350.389
seasia,2015,682980599.0,340697605.0,11865363.0,9815.060684044201,7.9135003729450135,9.299991276634001,0.06709541266806501,0.18468695495819473,0.06470117684183171,0.4844903971686497,31681681430000.49,26462489387703.66,1083070082397.1482,6703496025209.858,0.16156794578889033,3.9475654625864016,0.0173729136923844,724999709252.155,0.36248986709295394,11657877830627.389
seasia,2020,717681242.0,368582861.0,11605255.4,11014.016701186283,8.136688225332259,9.715431876869854,0.07366898199886526,0.24350716170539488,0.054333255964559374,0.5364086561330514,35241414135385.18,33031518777879.55,1241831134791.5627,7904553185516.114,0.15710326765427154,4.1787964484070725,0.01617048728716808,904973117202.1794,0.3568794582880662,12684199820093.1
seasia,2025,733906521.0,388690023.0,11536600.2,11750.883344803678,8.3733845209468,10.130275229488621,0.0848457421861233,0.30896854000677326,0.04722817414595663,0.5817396133523828,38245024487975.305,38245024487975.305,1373313224619.8926,8624049914261.711,0.15924226300555444,4.434694240895913,0.015719440923185366,1047808890081.5151,0.355612425292666,13659101349767.857
russia,1925,139115516.0,68154038.86725381,4285177.141781227,621.0783210808714,5.387825,6.134225,0.005,0.005,0.6340000000000001,0.033,7098717571617.403,228061223059.87335,16325814274.116955,86401631113.5791,0.18895261656178558,2.6395476580769164,0.03080301367520519,6248252686.571873,,
russia,1930,145641301.0,74706088.73732463,4306632.363423986,787.0004342918381,5.545674999999999,6.6160749999999995,0.006999999999999999,0.006999999999999999,0.537,0.043,8009127970245.828,326050886899.3676,22424005510.070877,114619767137.82832,0.19563820508469879,2.8446305121811752,0.0295701310950524,8932901010.941578,,
russia,1935,152473209.0,81553726.71415536,4306933.109534541,1110.0963834461884,5.751575,7.1621250000000005,0.011000000000000001,0.009000000000000003,0.442,0.062,9067872768318.215,520704446904.0744,34242913680.050674,169259957883.3348,0.2023095958918598,3.0763593079881213,0.028247146746511652,14265875257.645874,,
russia,1940,159625598.0,88696927.49809489,4286359.357266098,1479.8331013854367,5.965274999999999,7.495175000000001,0.015,0.011000000000000001,0.348,0.084,10228545101464.723,782982008670.1478,47542618019.44099,236219243748.84497,0.20126479648707052,3.3146410776872886,0.026852581358950325,21451561881.373913,,
russia,1945,167113504.0,72122625.35711366,3780677.6883875625,1353.6576767013448,6.274099999999999,7.691000000000001,0.02,0.032,0.262,0.138,8747778597346.545,612536276466.7318,39360564304.964584,226214477570.06088,0.17399666337789643,2.707767792081403,0.022623412219203796,16781815793.60909,,
russia,1950,175947225.0,75935071.0,3980526.6,1945.5551313539092,6.517275,7.923749999999999,0.014999999999999998,0.03,0.17800000000000002,0.19799999999999998,9567165109702.676,962835272822.5356,61364166153.11662,342315026446.23083,0.17926226257191608,2.812716937431238,0.0226234122192038,26379048570.480427,0.30463001636016934,2901106349942.395
russia,1955,190357079.0,88279050.0,3357738.8,2518.3998843064596,6.826650000000001,8.1481,0.018000000000000002,0.027999999999999997,0.11699999999999999,0.26799999999999996,11650380437151.027,1517714135234.4758,68901384749.31781,479395245730.5156,0.14372563216459103,3.1658931721814247,0.017639159087958056,41581209184.50619,0.34117525486880595,3937362060532.8027
russia,1960,207552860.0,96583708.0,4225792.6,3211.1050295861987,6.9655249999999995,9.05205,0.017,0.09,0.094,0.30999999999999994,13005664571738.514,2160290922401.5034,122831465441.16293,666474032651.0001,0.18430045196597145,3.2413729816428454,0.020360078873401213,59186052668.53434,0.345211156917382,4473760085864.587
russia,1965,223269153.0,108821909.0,2526377.4,4008.84127634058,7.3218,8.930675000000003,0.024,0.047,0.073,0.4,15403131421946.453,3194133496936.875,90448501082.6051,895050596280.0002,0.10105406494172084,3.568662498200994,0.011315389367737691,87510506765.39383,0.3627735685904649,5561502227147.917
russia,1970,235089678.0,110580403.0,3524331.0,5120.644275977105,7.6228750000000005,9.406225000000001,0.031,0.109,0.057999999999999996,0.474,16295653654113.523,4316398904707.314,169752688013.2847,1203810613992.0007,0.14101278559952346,3.585612931583602,0.014991432333324306,118257504238.55655,0.35580031024579645,5763780568629.38
russia,1975,246160640.0,115675771.0,4286529.0,9961.609510523149,8.010325,9.916399999999998,0.049,0.17600000000000005,0.055999999999999994,0.5519999999999999,17912960109955.977,9230432555830.562,423437499670.0574,2452156172540.465,0.17267966225469675,3.7642107216473564,0.017413543448700816,252888563173.44006,0.3474050446456354,6200547233133.681
russia,1980,258067051.0,122573145.0,4809126.0,10581.932382689183,8.47805,10.798275,0.07400000000000001,0.327,0.043,0.628,20089360954343.06,10996545741675.73,549522553455.1791,2730848083882.001,0.2012278005131697,4.026787797746602,0.01863518020361305,301275225799.3351,0.37652527123494517,7526141380913.526
russia,1985,270195992.0,134242565.0,4649369.2,10986.50644961084,8.959225,10.239725,0.10899999999999999,0.233,0.028999999999999998,0.6809999999999999,23250671716138.64,13213573969391.04,523048477863.50806,2968510008766.999,0.17619899421553967,4.451247909007196,0.017207395141523786,362015725188.7956,0.3856440365607409,8919231812155.305
russia,1990,283141022.0,142898837.0,4021985.8,10871.586211513355,9.424825,10.23065,0.157,0.242,0.025,0.695,26036152596772.94,14641814600792.365,447338909183.5351,3078192030688.9995,0.14532521191779127,4.756628064401509,0.014204885507547543,401145605501.1607,0.4055033036538201,10484393042257.943
russia,1995,285022799.0,141407358.0,4146525.2,6828.437444942581,9.766725,10.583325,0.177,0.297,0.013000000000000001,0.746,26699048651320.664,9430664673451.639,299659311434.59296,1946260353353.9429,0.15396671412342003,4.845530895802304,0.014548047435321131,258374374615.1134,0.3989465018524434,10637186524326.5
russia,2000,282310214.0,143417411.0,4385142.4,8097.276623188403,10.21715,11.19935,0.23,0.4220000000000001,0.003,0.74,28327383797316.03,11865078715582.777,397663283690.39056,2285943896309.5156,0.17396021150492277,5.190450533251518,0.015533063213929625,325070649741.9939,0.3951174786019284,11187049126793.748
russia,2005,281018102.0,144277295.0,4825269.8,12349.037721202507,10.370375000000001,11.514750000000001,0.251,0.462,0.003,0.73,28924593980416.88,18476749445399.152,686134460636.4956,3470303141938.7334,0.19771600133271844,5.324246525355954,0.01717067251418558,506212313572.5795,0.3970716191456814,11462473526450.086
russia,2010,283417654.0,153477438.0,5103995.4,16298.389236430561,10.544475,11.467700584276946,0.27899999999999997,0.4807050592855236,0.004,0.705,31285587973960.1,26376319069780.14,953962504051.7358,4619251241368.001,0.20651886078602164,5.710085399461567,0.018008741967781586,722638878624.1134,0.3885521294392725,12069836536174.12
russia,2015,290027593.0,161876045.0,4121971.000000001,17800.143065208427,10.462827953125613,11.389658084233263,0.2676171388157636,0.4623326997840173,0.003250111979882912,0.7105895171113119,32742096795998.76,30147767819355.18,835678274354.1875,5162532648258.042,0.1618737025587944,5.839724389835624,0.014212340823722937,825966241626.1693,0.3888207254143936,12765510319487.615
russia,2020,296771549.0,163108294.0,3374551.2,18692.929185160363,10.518752466427499,11.459728041123842,0.2801406409075483,0.46161952597708367,0.0051943084306976285,0.6921958678754384,33167680365911.95,32071379528286.707,722882470955.4176,5547529549627.349,0.13030709696787046,5.78120030571826,0.011370871673416376,878667932281.8276,0.39184885887578763,13146289973928.38
russia,2025,293235374.0,155782731.0,3336781.6,19331.91242270042,10.561199402961481,11.618517850487008,0.29196617280153114,0.48501360807342037,0.0077501196213131006,0.6731537988311289,31805876965408.254,31805876965408.254,749468407421.5009,5668800569405.804,0.1322093445069032,5.610688994257934,0.011379191925187035,871393889463.2399,0.3847282204998393,12452975065684.318
mena,1925,73941448.5,28953667.552241478,1381103.7936979802,1455.293578586352,4.912180187297307,5.014845087846667,0.0015254163174580043,0.003120081312617976,0.9419549247531246,0.010643989359763874,2760655871803.2603,206980049105.098,10079394724.168814,107606515193.42345,0.09366900048803767,1.9234899367668392,0.018678343766797865,5670686276.852,,
mena,1930,79142083.0,30730313.577377923,1427905.9798801593,1612.086861559876,4.930655609136182,4.990992925132201,0.0017547312381933713,0.002163790704146952,0.934679787051348,0.012981075047226516,2941074745944.1484,244264357248.49158,11488808886.612452,127583912200.78122,0.09004904057599594,1.9145388555266132,0.018042309802234535,6692174171.19155,,
mena,1935,85042786.0,32917463.05974884,1491581.4289055658,1722.6718636260332,4.949927989214175,5.024247282205892,0.0020556625577812016,0.0025599522643050057,0.9273411979969183,0.015344472265023112,3162711942187.382,280690554360.4281,12909830321.004292,146500814646.56992,0.0881212186577186,1.915965826112217,0.017539188202342827,7690152174.258305,,
mena,1940,91537608.0,35456797.79054411,1653680.256727507,1896.4036610060034,4.970170154497733,5.0661869645356985,0.0030541935099021715,0.003042930471301913,0.9203384037222619,0.01734401097590074,3420622659867.8594,334196234910.24396,15887791783.546526,173592254930.93243,0.09152362119996563,1.9251794098948216,0.01806558301946788,9156061230.417643,,
mena,1945,99274842.0,36923698.73988369,1781634.4420160954,1846.236357276407,4.9930545955239705,5.134586126278959,0.003374874631057111,0.005383290038700101,0.9114912456658166,0.019998911081181764,3578540315837.7705,340375907938.1086,16889288016.833258,183284822663.27084,0.09214777181994005,1.8570872535553258,0.017946484790336864,9325367340.770098,,
mena,1950,106722482.0,39693730.0,1915293.4,2237.119695912428,5.02330379748221,5.226405374957583,0.004363820470717023,0.007726113723399098,0.899564148877942,0.023288341543513957,3870310034673.0186,446067494418.0095,22393791242.51134,238750966478.8596,0.0937956045698111,1.8683379631784944,0.017946484790336864,12221027244.329027,0.27175672188497735,1054775823086.3174
mena,1955,121236944.0,44644194.0,2123040.4000000004,2551.9661036066086,5.062494403201257,5.349210841639475,0.0047612068542249725,0.009759710365172305,0.8773028673835126,0.026112657730642707,4386962715917.7773,576772365771.4548,28981634582.525494,309392571592.8526,0.09367269043764918,1.8642088360494402,0.017511497155520517,15801982623.875475,0.2781862316370814,1224241412024.787
mena,1960,138460342.0,49952770.0,2239699.8,3003.825559923433,5.121253141625995,5.567907199018171,0.006054170514004309,0.01307221188487272,0.8537420085300972,0.032164578111946535,4965582707037.712,768440998610.9418,37459028338.118835,415910714335.34,0.09006507177383367,1.8476104897633487,0.01617574944311491,21053178044.13539,0.28254948291709053,1406838019585.6414
mena,1965,158519399.0,55426671.0,2423309.2,3561.8235365671103,5.19636692082816,5.83017958893485,0.007641544191261863,0.017708441054808687,0.8209620159384886,0.03984377878338873,5590530294128.919,1025866868303.5139,50322610616.884415,564618126360.6729,0.08912680671668481,1.8169215978167155,0.015287146023055514,28105941597.356544,0.2860136217254898,1603705108674.147
mena,1970,182213328.0,61379013.0,2942556.8,4561.635925769136,5.2835966286429334,6.11253412920887,0.009460564734045449,0.01850153298658637,0.7922664079360185,0.052953392212691096,6294829270055.513,1479347408383.1104,82047768178.41328,831190863158.7551,0.09871110453092455,1.7797926733231657,0.01614896578805695,40530065983.098915,0.28892773437711744,1826409141787.3833
mena,1975,209665797.0,69848428.0,3637423.6,5874.834293743049,5.416649769192573,6.517382270316147,0.012612016081239089,0.031070655633354552,0.7547808690916662,0.07346741306680762,7343816097897.944,2222711075456.207,139271642159.50394,1231751814440.5684,0.11306794155018779,1.8045121179429382,0.017348674185518203,60896193848.115265,0.30179256850449043,2226723997915.354
mena,1980,243421228.0,81853429.0,4323111.0,6306.276203134026,5.659939393154027,7.015385736801589,0.018186437640441692,0.057282140107775215,0.6741208866954328,0.10607857841988447,8992554094663.533,2921605991325.6216,191258581379.04376,1535081497474.062,0.12459180942103397,1.903225331119586,0.01775979455661936,80043999762.3458,0.3258420798563924,2944602141308.769
mena,1985,285543319.0,97989757.0,5188712.399999999,6248.114247105798,5.99685087319754,7.250371107090395,0.03659708585571035,0.06005949267313962,0.578308564656124,0.1324253976737971,11406130351486.045,3671579124039.186,235054623230.28024,1784107279609.776,0.13174915315725405,2.057936294527223,0.018171366846093148,100591208877.78592,0.3548141433544467,4067164884243.3735
mena,1990,327861640.0,115795488.0,5937215.2,6042.294162771117,6.265554155755335,7.507463070068474,0.040917473659169985,0.0662497420504643,0.5031869182963454,0.17959099604515855,14082686976733.357,4383822790008.142,269325738762.00214,1981036473568.5654,0.13595193342243153,2.2128935274529735,0.018108904719686025,120104733972.8258,0.3723279640965303,5275083540423.307
mena,1995,366868155.0,134722805.0,6620624.6,7225.354281710354,6.556277041824441,7.870171376602348,0.04874327882960413,0.08923219538523816,0.42796012908777975,0.22420560240963855,17144815422793.893,6382011171504.934,376480337863.0527,2650752394552.4277,0.14202772716031833,2.407622524314467,0.01804633220345876,174849621137.12146,0.38216579301263975,6589010128252.766
mena,2000,406190815.0,156998630.0,7822800.4,9125.738082973085,6.829872535034497,8.169593807815838,0.05523596949195339,0.10269690190834448,0.3510540797457168,0.2686662606848715,20813391909011.496,9785352190635.932,583217723301.8213,3706790989399.375,0.15733763381040328,2.6398446037610253,0.01925892982095127,268091840839.3406,0.3848276483265803,8070281780368.777
mena,2005,449390902.0,185491052.0,9242175.6,12230.389465870172,7.127962341737051,8.522404584481006,0.06422504541832669,0.13134562892379464,0.28892465976095616,0.31696188047808765,25663906332487.85,16170693585649.72,963333471677.3959,5496225753878.694,0.17527181648198675,2.942145084604292,0.020566005139107155,443032700976.70465,0.39258459312042665,10135071249861.684
mena,2010,499063119.0,222227075.0,10009889.2,15970.597984704378,7.467461609823981,8.634074788373393,0.08534938953456768,0.13871875908328676,0.24122091999260697,0.3538254601593842,32211011972610.547,26502762594042.59,1380277009163.7942,7970336442541.682,0.173176755976895,3.3251748888019406,0.02005736112108897,726103084768.2902,0.39873241484047084,12853190012826.447
mena,2015,554452027.0,259753553.0,9896270.000000002,18004.27734135389,7.763423770030672,9.00773643677265,0.09189846889402813,0.1832742468957069,0.20942749594055995,0.4222880275221834,39142556788285.305,36307009926582.836,1604955148614.0442,9982508066583.834,0.1607767444723222,3.6370629188990624,0.017848739869427876,994712600728.2969,0.41078086778231443,16557041848994.271
mena,2020,604701694.0,288868738.0,9858482.8,17655.4258865071,7.9726121534368355,9.454249497085309,0.10046796836763607,0.23878485614592254,0.18125552076011878,0.4573746609898177,44702888075478.51,40661123984958.69,1645566131694.8547,10676265941862.295,0.15413311551583675,3.8085529347413427,0.01630305140173793,1114003396848.183,0.3976806434282797,18175690516746.457
mena,2025,635444926.0,319119799.0,10382589.2,19410.396220758448,8.18969768760362,10.074590131855016,0.11312149729568123,0.3224317337491097,0.1548594943331612,0.4851003689560514,50728967258457.01,50728967258457.01,2030333863659.3716,12334237790130.531,0.1646095930860017,4.112857893744252,0.016339085851792605,1389834719409.781,0.387656535305178,20021433218000.87
ssa,1925,125286202.0,44179267.62160743,2279579.521587135,469.1169042165641,4.9908482892525985,5.232980131657691,0.001590702595058809,0.0038174745661280676,0.8984250420063475,0.018815981081585664,768705945029.9856,103436534872.86177,5596092897.542934,58773875223.2911,0.09521395137350577,1.7599066673737316,0.018194976663009826,2833877667.7496376,,
ssa,1930,133691555.0,47697712.933679156,2400024.5377619457,491.0276328968723,5.042860727583262,5.294774740129378,0.0023716481639624257,0.004420811956279277,0.8787372615997723,0.02621559920296044,838574957424.1273,118108311985.7216,6239777492.936798,65646247789.95202,0.09505154830634317,1.7991631808665165,0.017951953193767144,3235844163.9923725,,
ssa,1935,142252189.33333334,51420183.04518324,2547131.9409699,560.9491747062325,5.108231526609912,5.350552375643224,0.0033318013265785764,0.0049850986277873086,0.8562391497362511,0.036222384707787124,915738662835.5542,147342388189.207,7644931087.533566,79796248206.68806,0.095805645745796,1.8464826542666652,0.01790574860680223,4036777758.608411,,
ssa,1940,151638748.0,53825168.82239285,2621915.170137252,623.2990751368285,5.1662988023892975,5.378457088130017,0.004200227081996348,0.005637709199961304,0.8340681739645555,0.04490936466406674,969465326050.1525,173325077843.98434,8789675193.280165,94516291383.3066,0.09299640373778559,1.8338116668275974,0.017290535596727902,4748632269.698201,,
ssa,1945,163494977.66666666,58642727.013807125,2873506.260330326,650.4628397417986,5.2256462000358495,5.486947844534963,0.004215137121347912,0.006697640868974883,0.8092504929198782,0.053814662125829006,1068369594595.082,199331828780.60605,10255703829.807919,106347407456.58192,0.09643586125026112,1.874345915409236,0.017575501714730508,5461145993.989207,,
ssa,1950,177731427.0,63749087.0,3123719.0,1332.5907670449712,5.299717136335704,5.528919195084486,0.002165305943288561,0.007109600614439325,0.7743211746115354,0.07051948907031867,1177860937203.1572,450218627464.9095,23014895212.484623,236843258633.9273,0.0971735287938138,1.9009138366939213,0.017575501714730508,12334756916.846836,0.28980021030020964,335151650265.7349
ssa,1955,196888996.0,70600060.0,3437064.8,1488.9173431886002,5.353023472740259,5.602580980716254,0.002495674946432823,0.00723753443526171,0.7470850726132847,0.0763554083009285,1317563566487.836,562697267998.9093,28671238368.873024,293151440827.3909,0.09780350486407739,1.9194763853479688,0.01745686589818356,15416363506.819433,0.29010831200910564,374644084997.09863
ssa,1960,219820928.0,78182551.0,3768429.4,1570.9033725561856,5.380726507354251,5.77156088615236,0.0027029096477794792,0.008175721356996258,0.7252976601730832,0.07622917482816341,1466621726273.6665,660845941383.3224,34166708071.714912,345317437153.63043,0.09894289831797365,1.913734640308113,0.01714317846934028,18105368257.077324,0.2895953404607933,416480250547.02313
ssa,1965,248494050.0,86934837.0,4240535.4,1764.4478497054408,5.456972363961319,5.965979135904311,0.0028466153895254213,0.0071105898123324405,0.6966040915328886,0.08951233523760892,1653914130891.842,837055829596.4291,44638670378.051186,438454792187.0963,0.10180906030330965,1.909104073012943,0.017064937369727768,22933036427.299427,0.2926139580263502,473936350182.4641
ssa,1970,282938234.0,97231322.0,4775851.8,1986.6003541883276,5.542288907366802,6.098485445522814,0.003494632229404562,0.0080090026788459,0.6647282797505482,0.10395477973631008,1878722820747.2615,1070547298968.1223,57860654500.370316,562085195877.82,0.10293929625740836,1.9045997062709092,0.01687948543567993,29330062985.42801,0.2972554798424732,546021427651.6183
ssa,1975,324075404.0,109083289.0,5414817.2,2051.874829135588,5.625297687122736,6.254757949142965,0.0036258551307847085,0.008619740064042192,0.6246954728370221,0.11481013581488933,2139297054570.6433,1259083689149.7793,69493657804.53972,664962164209.5466,0.1045076871210382,1.8934666615904026,0.016708510220664573,34495443538.35012,0.3025427432667095,633624019093.5566
ssa,1980,373697806.0,122952294.0,6327552.0,2062.119215343433,5.717877621317633,6.383652067218266,0.004404780211331034,0.010158617150920403,0.5800248676435051,0.12615074361283804,2450974829821.202,1449723774772.714,83294955467.88838,770609426484.2825,0.10808971783267861,1.8812691941580901,0.016932269599677554,39718459582.81409,0.31008387979721824,745463022225.2103
ssa,1985,433193716.0,140838853.0,7458480.0,1859.2149151761553,5.8842543778591905,6.616423763579149,0.006686338528122093,0.01877217129566288,0.5211502629031339,0.1528273760938479,2889224426416.4033,1540790220817.0115,91749400890.24292,805400217947.7834,0.11391777509574912,1.913074005297706,0.01721742427122373,42213430707.315384,0.323059220401036,915277408709.0352
ssa,1990,500371800.0,162382398.0,8732917.2,1856.698155358697,6.125897355081391,6.686154552779265,0.009272294222966871,0.019115711524579096,0.4584354539332118,0.2003705218548268,3467975537637.3027,1846928028488.5447,108411925917.78635,929039398053.5109,0.11669249565188196,1.987997529876731,0.017452856455939362,50600767903.795746,0.33906435035833615,1150836659215.2993
ssa,1995,572922645.0,186089628.0,10191626.6,1804.4167260128568,6.376049739062194,6.794667941903211,0.012291866363967601,0.018971915868137165,0.3976957594102974,0.2521146192438129,4136578051362.094,2140970622572.6533,124953545979.27238,1033791203349.5262,0.12086922927416845,2.0709893986675647,0.017788835349665747,58656729385.55215,0.35333965361186365,1430484531716.6577
ssa,2000,654657207.0,212477836.0,11893694.8,2012.1506211214723,6.502724386736509,6.990429560719853,0.015497949199446533,0.02160200864389968,0.39042644297291956,0.2831114968373196,4816996613455.969,2780157940180.95,167294298807.45425,1317268905686.6982,0.1270008713370813,2.1105470023462227,0.01816782076608224,76168710689.88905,0.36114238932015863,1704468773078.811
ssa,2005,749831310.0,246207774.0,13820900.400000002,2511.0060011253117,6.651188117405536,7.0600755174024385,0.015880985407534815,0.017007440931565976,0.35667431615158407,0.3178511124674028,5709109228801.351,4111958695821.534,245015429531.6188,1882830919241.654,0.13013140321187386,2.183923502529746,0.018432012928347848,112656402625.24751,0.36386701664494814,2029492220031.423
ssa,2010,860870664.0,287409017.0,15788964.0,3213.5788373792466,6.833588218216336,7.222349049832634,0.019155108821406325,0.01909530903776343,0.3204459452778135,0.3557618487278624,6847255820765.89,6311580901756.306,366455350376.93054,2766475747551.02,0.13246288195417202,2.281451737772701,0.018340692348182978,172920024705.65222,0.3681625770349146,2448622402756.4346
ssa,2015,986814815.0,337594924.0,17868896.0,3586.039257720696,6.756936170176748,7.491043604017791,0.015715130642712415,0.02970233871370746,0.2960053114105392,0.32862147735508684,7952672235712.719,8180140518372.737,480015306130.81055,3538756666690.3857,0.13564518596293987,2.311586042456882,0.018107648697998115,224113438859.52704,0.3829406299505999,3164488139162.9165
ssa,2020,1123640194.0,394854824.0,20464164.0,3383.5073669706267,6.888665471098451,7.767725453072899,0.016142185911468113,0.04272775495611188,0.2602928577316566,0.3575664813474872,9482872304520.39,9203217155687.506,537842356696.0963,3801844874223.304,0.14146878015531197,2.4207240064121955,0.01821238160513863,252142935772.26044,0.3770264927758551,3677088245411.511
ssa,2025,1211149117.0,460587815.0,23792974.2,3486.3208983999684,7.037391423764275,8.042059612394556,0.018210217532247993,0.058873337699135705,0.22153023932922586,0.38604415876791387,11300340012524.602,11300340012524.602,667088387967.0712,4222454477675.7686,0.15798592773326167,2.6762491039914833,0.019644958548898483,309598356507.5233,0.37549182197628045,4332155742963.266
