year,region,gross_index,net_index
2025,us,1.000000,1.000000
2025,oecd-ex-us,1.000000,1.000000
2025,china,1.000000,1.000000
2025,india,1.000000,1.000000
2025,latam,1.000000,1.000000
2025,seasia,1.000000,1.000000
2025,russia,1.000000,1.000000
2025,mena,1.000000,1.000000
2025,ssa,1.000000,1.000000
2025,world,1.000000,1.000000
2026,us,1.012181,1.019499
2026,oecd-ex-us,1.006731,1.007513
2026,china,0.992710,0.983665
2026,india,1.010931,1.025910
2026,latam,1.001603,1.004250
2026,seasia,1.001078,1.003140
2026,russia,0.997109,0.993707
2026,mena,1.020021,1.043408
2026,ssa,1.034459,1.071208
2026,world,1.004820,1.007234
2027,us,1.024375,1.038462
2027,oecd-ex-us,1.013790,1.015485
2027,china,0.985551,0.968101
2027,india,1.022520,1.052655
2027,latam,1.003402,1.008855
2027,seasia,1.002784,1.007582
2027,russia,0.994375,0.987951
2027,mena,1.040784,1.087344
2027,ssa,1.070504,1.143536
2027,world,1.009945,1.014917
2028,us,1.036586,1.056890
2028,oecd-ex-us,1.021165,1.023874
2028,china,0.978495,0.953237
2028,india,1.034693,1.080080
2028,latam,1.005366,1.013760
2028,seasia,1.005055,1.013175
2028,russia,0.991777,0.982679
2028,mena,1.062218,1.131634
2028,ssa,1.108253,1.217229
2028,world,1.015354,1.022996
2029,us,1.048809,1.074783
2029,oecd-ex-us,1.028833,1.032620
2029,china,0.971519,0.939009
2029,india,1.047363,1.107972
2029,latam,1.007465,1.018920
2029,seasia,1.007829,1.019787
2029,russia,0.989297,0.977843
2029,mena,1.084241,1.176071
2029,ssa,1.147779,1.292420
2029,world,1.021020,1.031409
2030,us,1.061040,1.092151
2030,oecd-ex-us,1.036773,1.041665
2030,china,0.964599,0.925363
2030,india,1.060433,1.136111
2030,latam,1.009673,1.024262
2030,seasia,1.011039,1.027240
2030,russia,0.986916,0.973397
2030,mena,1.106774,1.220438
2030,ssa,1.189093,1.369106
2030,world,1.026913,1.040087
2031,us,1.073273,1.108990
2031,oecd-ex-us,1.044965,1.050971
2031,china,0.957715,0.912241
2031,india,1.073807,1.164269
2031,latam,1.011963,1.029728
2031,seasia,1.014626,1.035383
2031,russia,0.984618,0.969297
2031,mena,1.129736,1.264536
2031,ssa,1.232143,1.447145
2031,world,1.033004,1.048963
2032,us,1.085504,1.125289
2032,oecd-ex-us,1.053389,1.060476
2032,china,0.950849,0.899593
2032,india,1.087394,1.192216
2032,latam,1.014313,1.035261
2032,seasia,1.018531,1.044073
2032,russia,0.982388,0.965505
2032,mena,1.153052,1.308171
2032,ssa,1.276825,1.526295
2032,world,1.039265,1.057964
2033,us,1.097728,1.141050
2033,oecd-ex-us,1.062028,1.070140
2033,china,0.943984,0.887376
2033,india,1.101107,1.219747
2033,latam,1.016703,1.040811
2033,seasia,1.022700,1.053178
2033,russia,0.980212,0.961982
2033,mena,1.176650,1.351167
2033,ssa,1.322992,1.606198
2033,world,1.045667,1.067024
2034,us,1.109940,1.156274
2034,oecd-ex-us,1.070865,1.079931
2034,china,0.937107,0.875550
2034,india,1.114871,1.246682
2034,latam,1.019113,1.046331
2034,seasia,1.027082,1.062573
2034,russia,0.978077,0.958695
2034,mena,1.200463,1.393361
2034,ssa,1.370478,1.686467
2034,world,1.052183,1.076084
2035,us,1.122137,1.170965
2035,oecd-ex-us,1.079883,1.089807
2035,china,0.930205,0.864090
2035,india,1.128620,1.272864
2035,latam,1.021527,1.051776
2035,seasia,1.031633,1.072148
2035,russia,0.975971,0.955612
2035,mena,1.224429,1.434608
2035,ssa,1.419108,1.766708
2035,world,1.058789,1.085089
2036,us,1.134314,1.185126
2036,oecd-ex-us,1.089069,1.099724
2036,china,0.923268,0.852979
2036,india,1.142297,1.298162
2036,latam,1.023929,1.057107
2036,seasia,1.036311,1.081804
2036,russia,0.973883,0.952720
2036,mena,1.248492,1.474785
2036,ssa,1.468718,1.846555
2036,world,1.065462,1.093990
2037,us,1.146467,1.198760
2037,oecd-ex-us,1.098408,1.109652
2037,china,0.916287,0.842172
2037,india,1.155853,1.322468
2037,latam,1.026304,1.062288
2037,seasia,1.041080,1.091449
2037,russia,0.971804,0.949988
2037,mena,1.272602,1.513774
2037,ssa,1.519157,1.925680
2037,world,1.072183,1.102737
2038,us,1.158593,1.211873
2038,oecd-ex-us,1.107886,1.119573
2038,china,0.909255,0.831646
2038,india,1.169249,1.345694
2038,latam,1.028640,1.067292
2038,seasia,1.045908,1.101006
2038,russia,0.969724,0.947392
2038,mena,1.296713,1.551476
2038,ssa,1.570292,2.003803
2038,world,1.078933,1.111297
2039,us,1.170687,1.224470
2039,oecd-ex-us,1.117492,1.129458
2039,china,0.902167,0.821383
2039,india,1.182448,1.367768
2039,latam,1.030926,1.072103
2039,seasia,1.050765,1.110403
2039,russia,0.967636,0.944909
2039,mena,1.320783,1.587811
2039,ssa,1.622008,2.080685
2039,world,1.085696,1.119636
2040,us,1.182716,1.236528
2040,oecd-ex-us,1.127140,1.139194
2040,china,0.894937,0.811274
2040,india,1.195510,1.388783
2040,latam,1.033101,1.076629
2040,seasia,1.055595,1.119554
2040,russia,0.965481,0.942453
2040,mena,1.344917,1.622929
2040,ssa,1.674415,2.156382
2040,world,1.092425,1.127691
2041,us,1.194650,1.248011
2041,oecd-ex-us,1.136790,1.148719
2041,china,0.887551,0.801292
2041,india,1.208392,1.408651
2041,latam,1.035146,1.080836
2041,seasia,1.060361,1.128382
2041,russia,0.963244,0.939988
2041,mena,1.369056,1.656719
2041,ssa,1.727393,2.230656
2041,world,1.099087,1.135407
2042,us,1.206505,1.258970
2042,oecd-ex-us,1.146455,1.158066
2042,china,0.880021,0.791461
2042,india,1.221083,1.427354
2042,latam,1.037072,1.084739
2042,seasia,1.065061,1.136879
2042,russia,0.960934,0.937530
2042,mena,1.393185,1.689162
2042,ssa,1.780896,2.303406
2042,world,1.105690,1.142805
2043,us,1.218280,1.269410
2043,oecd-ex-us,1.156126,1.167223
2043,china,0.872354,0.781788
2043,india,1.233569,1.444867
2043,latam,1.038879,1.088330
2043,seasia,1.069686,1.145007
2043,russia,0.958554,0.935071
2043,mena,1.417276,1.720189
2043,ssa,1.834858,2.374494
2043,world,1.112228,1.149871
2044,us,1.229966,1.279338
2044,oecd-ex-us,1.165788,1.176179
2044,china,0.864548,0.772279
2044,india,1.245829,1.461172
2044,latam,1.040564,1.091600
2044,seasia,1.074222,1.152736
2044,russia,0.956101,0.932604
2044,mena,1.441301,1.749741
2044,ssa,1.889217,2.443802
2044,world,1.118690,1.156596
2045,us,1.241554,1.288762
2045,oecd-ex-us,1.175429,1.184927
2045,china,0.856605,0.762924
2045,india,1.257849,1.476258
2045,latam,1.042125,1.094543
2045,seasia,1.078658,1.160046
2045,russia,0.953571,0.930120
2045,mena,1.465232,1.777775
2045,ssa,1.943915,2.511236
2045,world,1.125066,1.162970
2046,us,1.253037,1.297690
2046,oecd-ex-us,1.185035,1.193460
2046,china,0.848528,0.753727
2046,india,1.269616,1.490125
2046,latam,1.043560,1.097154
2046,seasia,1.082983,1.166920
2046,russia,0.950964,0.927614
2046,mena,1.489044,1.804270
2046,ssa,1.998900,2.576717
2046,world,1.131348,1.168988
2047,us,1.264404,1.306140
2047,oecd-ex-us,1.194591,1.201772
2047,china,0.840319,0.744691
2047,india,1.281120,1.502775
2047,latam,1.044867,1.099434
2047,seasia,1.087190,1.173331
2047,russia,0.948278,0.925079
2047,mena,1.512713,1.829174
2047,ssa,2.054122,2.640177
2047,world,1.137528,1.174648
2048,us,1.275647,1.314121
2048,oecd-ex-us,1.204085,1.209861
2048,china,0.831983,0.735821
2048,india,1.292352,1.514197
2048,latam,1.046046,1.101388
2048,seasia,1.091272,1.179273
2048,russia,0.945513,0.922511
2048,mena,1.536217,1.852465
2048,ssa,2.109533,2.701557
2048,world,1.143597,1.179948
2049,us,1.286756,1.321669
2049,oecd-ex-us,1.213502,1.217738
2049,china,0.823523,0.727122
2049,india,1.303304,1.524373
2049,latam,1.047098,1.103007
2049,seasia,1.095223,1.184730
2049,russia,0.942668,0.919907
2049,mena,1.559534,1.874126
2049,ssa,2.165086,2.760811
2049,world,1.149548,1.184893
2050,us,1.297719,1.328775
2050,oecd-ex-us,1.222827,1.225393
2050,china,0.814944,0.718599
2050,india,1.313971,1.533275
2050,latam,1.048022,1.104282
2050,seasia,1.099039,1.189687
2050,russia,0.939743,0.917262
2050,mena,1.582645,1.894160
2050,ssa,2.220737,2.817895
2050,world,1.155374,1.189475
2051,us,1.308525,1.335440
2051,oecd-ex-us,1.232046,1.232825
2051,china,0.806252,0.710257
2051,india,1.324346,1.540893
2051,latam,1.048821,1.105210
2051,seasia,1.102715,1.194158
2051,russia,0.936740,0.914573
2051,mena,1.605529,1.912565
2051,ssa,2.276442,2.872779
2051,world,1.161067,1.193696
2052,us,1.319164,1.341678
2052,oecd-ex-us,1.241144,1.240040
2052,china,0.797452,0.702102
2052,india,1.334426,1.547220
2052,latam,1.049494,1.105791
2052,seasia,1.106250,1.198118
2052,russia,0.933658,0.911837
2052,mena,1.628167,1.929331
2052,ssa,2.332154,2.925436
2052,world,1.166621,1.197556
2053,us,1.329623,1.347503
2053,oecd-ex-us,1.250105,1.247052
2053,china,0.788551,0.694137
2053,india,1.344206,1.552254
2053,latam,1.050044,1.106023
2053,seasia,1.109641,1.201557
2053,russia,0.930501,0.909052
2053,mena,1.650539,1.944465
2053,ssa,2.387831,2.975845
2053,world,1.172028,1.201062
2054,us,1.339889,1.352930
2054,oecd-ex-us,1.258914,1.253872
2054,china,0.779556,0.686369
2054,india,1.353682,1.556002
2054,latam,1.050473,1.105905
2054,seasia,1.112886,1.204471
2054,russia,0.927270,0.906216
2054,mena,1.672627,1.957950
2054,ssa,2.443428,3.023989
2054,world,1.177282,1.204218
2055,us,1.349932,1.357972
2055,oecd-ex-us,1.267536,1.260491
2055,china,0.770458,0.678796
2055,india,1.362839,1.558465
2055,latam,1.050772,1.105432
2055,seasia,1.115973,1.206850
2055,russia,0.923954,0.903325
2055,mena,1.694398,1.969767
2055,ssa,2.498886,3.069847
2055,world,1.182360,1.207024
2056,us,1.359727,1.362606
2056,oecd-ex-us,1.275943,1.266878
2056,china,0.761272,0.671411
2056,india,1.371673,1.559630
2056,latam,1.050948,1.104487
2056,seasia,1.118902,1.208672
2056,russia,0.920560,0.900361
2056,mena,1.715827,1.979878
2056,ssa,2.554150,3.113352
2056,world,1.187252,1.209449
2057,us,1.369273,1.366896
2057,oecd-ex-us,1.284133,1.273077
2057,china,0.752004,0.664258
2057,india,1.380186,1.559540
2057,latam,1.051004,1.103056
2057,seasia,1.121678,1.209899
2057,russia,0.917092,0.897345
2057,mena,1.736906,1.988335
2057,ssa,2.609191,3.154593
2057,world,1.191959,1.211532
2058,us,1.378566,1.370859
2058,oecd-ex-us,1.292098,1.279030
2058,china,0.742673,0.657320
2058,india,1.388384,1.558193
2058,latam,1.050953,1.101140
2058,seasia,1.124310,1.210501
2058,russia,0.913562,0.894277
2058,mena,1.757626,1.995155
2058,ssa,2.663967,3.193564
2058,world,1.196482,1.213256
2059,us,1.387587,1.374497
2059,oecd-ex-us,1.299818,1.284753
2059,china,0.733286,0.650591
2059,india,1.396263,1.555593
2059,latam,1.050799,1.098740
2059,seasia,1.126798,1.210471
2059,russia,0.909975,0.891115
2059,mena,1.777967,2.000357
2059,ssa,2.718432,3.230884
2059,world,1.200814,1.214638
2060,us,1.396320,1.377832
2060,oecd-ex-us,1.307274,1.290262
2060,china,0.723852,0.643945
2060,india,1.403820,1.551747
2060,latam,1.050545,1.095857
2060,seasia,1.129144,1.209806
2060,russia,0.906334,0.887851
2060,mena,1.797911,2.004324
2060,ssa,2.772537,3.266517
2060,world,1.204946,1.215672
2061,us,1.404746,1.380889
2061,oecd-ex-us,1.314444,1.295597
2061,china,0.714381,0.637372
2061,india,1.411053,1.546830
2061,latam,1.050198,1.092497
2061,seasia,1.131350,1.208502
2061,russia,0.902644,0.884483
2061,mena,1.817438,2.007457
2061,ssa,2.826233,3.300417
2061,world,1.208871,1.216394
2062,us,1.412843,1.383692
2062,oecd-ex-us,1.321306,1.300762
2062,china,0.704881,0.630886
2062,india,1.417959,1.541151
2062,latam,1.049760,1.088456
2062,seasia,1.133417,1.206487
2062,russia,0.898911,0.881008
2062,mena,1.836528,2.009832
2062,ssa,2.879471,3.332550
2062,world,1.212579,1.216814
2063,us,1.420592,1.386168
2063,oecd-ex-us,1.327836,1.305526
2063,china,0.695362,0.624482
2063,india,1.424535,1.534805
2063,latam,1.049238,1.083736
2063,seasia,1.135349,1.203696
2063,russia,0.895139,0.877196
2063,mena,1.855161,2.011519
2063,ssa,2.932200,3.363262
2063,world,1.216060,1.216860
2064,us,1.427970,1.388179
2064,oecd-ex-us,1.334010,1.309912
2064,china,0.685834,0.617905
2064,india,1.430778,1.527882
2064,latam,1.048636,1.078456
2064,seasia,1.137148,1.200159
2064,russia,0.891333,0.873042
2064,mena,1.873318,2.012584
2064,ssa,2.984371,3.392556
2064,world,1.219306,1.216472
2065,us,1.434953,1.389961
2065,oecd-ex-us,1.339800,1.314038
2065,china,0.676306,0.611097
2065,india,1.436684,1.520464
2065,latam,1.047959,1.072939
2065,seasia,1.138815,1.196149
2065,russia,0.887501,0.868687
2065,mena,1.890975,2.013089
2065,ssa,3.035933,3.420495
2065,world,1.222306,1.215768
2066,us,1.441515,1.391727
2066,oecd-ex-us,1.345179,1.317984
2066,china,0.666788,0.604198
2066,india,1.442252,1.512637
2066,latam,1.047214,1.067211
2066,seasia,1.140355,1.191686
2066,russia,0.883646,0.864199
2066,mena,1.908113,2.013089
2066,ssa,3.086836,3.447106
2066,world,1.225047,1.214858
2067,us,1.447629,1.393462
2067,oecd-ex-us,1.350116,1.321769
2067,china,0.657290,0.597250
2067,india,1.447478,1.504461
2067,latam,1.046406,1.061297
2067,seasia,1.141769,1.186811
2067,russia,0.879777,0.859591
2067,mena,1.924709,2.012632
2067,ssa,3.137028,3.472434
2067,world,1.227519,1.213763
2068,us,1.452893,1.395184
2068,oecd-ex-us,1.354457,1.325397
2068,china,0.647743,0.590270
2068,india,1.452222,1.496008
2068,latam,1.045429,1.055253
2068,seasia,1.142989,1.181564
2068,russia,0.875746,0.854873
2068,mena,1.940563,2.011764
2068,ssa,3.186427,3.496533
2068,world,1.229554,1.212509
2069,us,1.455173,1.396897
2069,oecd-ex-us,1.357473,1.328868
2069,china,0.637702,0.583270
2069,india,1.455697,1.487321
2069,latam,1.043652,1.049063
2069,seasia,1.143597,1.175981
2069,russia,0.870696,0.850055
2069,mena,1.954641,2.010522
2069,ssa,3.234792,3.519470
2069,world,1.230259,1.211106
2070,us,1.457099,1.398572
2070,oecd-ex-us,1.360078,1.332181
2070,china,0.627648,0.576260
2070,india,1.458613,1.478471
2070,latam,1.041776,1.042737
2070,seasia,1.143996,1.170089
2070,russia,0.865608,0.845141
2070,mena,1.968006,2.008932
2070,ssa,3.282181,3.541291
2070,world,1.230671,1.209561
2071,us,1.454745,1.400178
2071,oecd-ex-us,1.360416,1.335310
2071,china,0.615064,0.569242
2071,india,1.456762,1.469430
2071,latam,1.034187,1.036275
2071,seasia,1.140498,1.163903
2071,russia,0.857920,0.840127
2071,mena,1.973604,2.006987
2071,ssa,3.326349,3.562052
2071,world,1.227594,1.207862
2072,us,1.456237,1.401757
2072,oecd-ex-us,1.364782,1.338303
2072,china,0.608403,0.562239
2072,india,1.453547,1.460259
2072,latam,1.029738,1.029711
2072,seasia,1.138547,1.157475
2072,russia,0.853995,0.835041
2072,mena,1.978383,2.004773
2072,ssa,3.359193,3.581882
2072,world,1.227691,1.206053
2073,us,1.458066,1.403307
2073,oecd-ex-us,1.369350,1.341208
2073,china,0.602166,0.555261
2073,india,1.449456,1.450986
2073,latam,1.025311,1.023059
2073,seasia,1.136254,1.150834
2073,russia,0.850272,0.829893
2073,mena,1.982370,2.002372
2073,ssa,3.389936,3.600843
2073,world,1.227832,1.204158
2074,us,1.459864,1.404825
2074,oecd-ex-us,1.373716,1.343991
2074,china,0.595822,0.548315
2074,india,1.444631,1.441631
2074,latam,1.020614,1.016329
2074,seasia,1.133434,1.144016
2074,russia,0.846393,0.824696
2074,mena,1.985588,1.999736
2074,ssa,3.419284,3.618994
2074,world,1.227705,1.202176
2075,us,1.461634,1.406312
2075,oecd-ex-us,1.377889,1.346657
2075,china,0.589394,0.541410
2075,india,1.439161,1.432215
2075,latam,1.015681,1.009532
2075,seasia,1.130123,1.137030
2075,russia,0.842370,0.819448
2075,mena,1.988099,1.996886
2075,ssa,3.447177,3.636387
2075,world,1.227328,1.200114
2076,us,1.463375,1.407768
2076,oecd-ex-us,1.381878,1.349210
2076,china,0.582900,0.534550
2076,india,1.433130,1.422752
2076,latam,1.010536,1.002677
2076,seasia,1.126365,1.129896
2076,russia,0.838216,0.814160
2076,mena,1.989965,1.993839
2076,ssa,3.473625,3.653065
2076,world,1.226725,1.197979
2077,us,1.465088,1.409193
2077,oecd-ex-us,1.385691,1.351655
2077,china,0.576356,0.527741
2077,india,1.426616,1.413258
2077,latam,1.005203,0.995773
2077,seasia,1.122197,1.122632
2077,russia,0.833942,0.808855
2077,mena,1.991247,1.990626
2077,ssa,3.498674,3.669068
2077,world,1.225913,1.195782
2078,us,1.466772,1.410586
2078,oecd-ex-us,1.389339,1.353997
2078,china,0.569778,0.520987
2078,india,1.419692,1.403743
2078,latam,0.999702,0.988827
2078,seasia,1.117660,1.115259
2078,russia,0.829558,0.803515
2078,mena,1.991999,1.987241
2078,ssa,3.522397,3.684427
2078,world,1.224915,1.193525
2079,us,1.468427,1.411947
2079,oecd-ex-us,1.392829,1.356240
2079,china,0.563179,0.514296
2079,india,1.412421,1.394216
2079,latam,0.994052,0.981853
2079,seasia,1.112789,1.107791
2079,russia,0.825075,0.798147
2079,mena,1.992272,1.983696
2079,ssa,3.544886,3.699170
2079,world,1.223747,1.191217
2080,us,1.470053,1.413275
2080,oecd-ex-us,1.396168,1.358387
2080,china,0.556571,0.507675
2080,india,1.404863,1.384683
2080,latam,0.988271,0.974853
2080,seasia,1.107617,1.100236
2080,russia,0.820502,0.792754
2080,mena,1.992112,1.980018
2080,ssa,3.566240,3.713318
2080,world,1.222429,1.188862
2081,us,1.471650,1.414572
2081,oecd-ex-us,1.399364,1.360442
2081,china,0.549965,0.501132
2081,india,1.397065,1.375154
2081,latam,0.982373,0.967830
2081,seasia,1.102175,1.092607
2081,russia,0.815847,0.787347
2081,mena,1.991560,1.976201
2081,ssa,3.586560,3.726891
2081,world,1.220975,1.186467
2082,us,1.473219,1.415835
2082,oecd-ex-us,1.402424,1.362408
2082,china,0.543370,0.494669
2082,india,1.389070,1.365633
2082,latam,0.976372,0.960790
2082,seasia,1.096492,1.084913
2082,russia,0.811118,0.781923
2082,mena,1.990653,1.972252
2082,ssa,3.605937,3.739906
2082,world,1.219401,1.184033
2083,us,1.474759,1.417070
2083,oecd-ex-us,1.405353,1.364289
2083,china,0.536795,0.488275
2083,india,1.380914,1.356127
2083,latam,0.970280,0.953737
2083,seasia,1.090593,1.077166
2083,russia,0.806323,0.776487
2083,mena,1.989422,1.968181
2083,ssa,3.624455,3.752397
2083,world,1.217718,1.181564
2084,us,1.476269,1.418297
2084,oecd-ex-us,1.408159,1.366092
2084,china,0.530248,0.481952
2084,india,1.372628,1.346640
2084,latam,0.964108,0.946677
2084,seasia,1.084501,1.069395
2084,russia,0.801468,0.771040
2084,mena,1.987897,1.963994
2084,ssa,3.642182,3.764375
2084,world,1.215939,1.179068
2085,us,1.477713,1.419481
2085,oecd-ex-us,1.410810,1.367811
2085,china,0.523721,0.475697
2085,india,1.364202,1.337170
2085,latam,0.957843,0.939608
2085,seasia,1.078210,1.061594
2085,russia,0.796540,0.765581
2085,mena,1.986055,1.959683
2085,ssa,3.659094,3.775824
2085,world,1.214042,1.176537
2086,us,1.479140,1.420592
2086,oecd-ex-us,1.413354,1.369434
2086,china,0.517249,0.469506
2086,india,1.355703,1.327708
2086,latam,0.951531,0.932527
2086,seasia,1.071774,1.053741
2086,russia,0.791576,0.760103
2086,mena,1.983975,1.955227
2086,ssa,3.675282,3.786676
2086,world,1.212077,1.173954
2087,us,1.480512,1.421669
2087,oecd-ex-us,1.415768,1.370983
2087,china,0.510811,0.463389
2087,india,1.347121,1.318278
2087,latam,0.945153,0.925455
2087,seasia,1.065189,1.045864
2087,russia,0.786558,0.754625
2087,mena,1.981642,1.950675
2087,ssa,3.690797,3.797027
2087,world,1.210023,1.171345
2088,us,1.481855,1.422752
2088,oecd-ex-us,1.418078,1.372459
2088,china,0.504424,0.457346
2088,india,1.338490,1.308881
2088,latam,0.938731,0.918420
2088,seasia,1.058487,1.037971
2088,russia,0.781505,0.749149
2088,mena,1.979104,1.946033
2088,ssa,3.705705,3.806889
2088,world,1.207906,1.168722
2089,us,1.483168,1.423802
2089,oecd-ex-us,1.420289,1.373866
2089,china,0.498091,0.451378
2089,india,1.329824,1.299522
2089,latam,0.932274,0.911394
2089,seasia,1.051681,1.030067
2089,russia,0.776422,0.743678
2089,mena,1.976374,1.941306
2089,ssa,3.720033,3.816283
2089,world,1.205733,1.166078
2090,us,1.484450,1.424819
2090,oecd-ex-us,1.422403,1.375203
2090,china,0.491815,0.445486
2090,india,1.321132,1.290202
2090,latam,0.925787,0.904379
2090,seasia,1.044784,1.022156
2090,russia,0.771313,0.738215
2090,mena,1.973467,1.936498
2090,ssa,3.733802,3.825276
2090,world,1.203508,1.163416
2091,us,1.485701,1.425802
2091,oecd-ex-us,1.424425,1.376475
2091,china,0.485599,0.439668
2091,india,1.312425,1.280948
2091,latam,0.919276,0.897379
2091,seasia,1.037808,1.014243
2091,russia,0.766183,0.732760
2091,mena,1.970396,1.931613
2091,ssa,3.747030,3.833807
2091,world,1.201236,1.160737
2092,us,1.486922,1.426750
2092,oecd-ex-us,1.426358,1.377689
2092,china,0.479445,0.433925
2092,india,1.303711,1.271759
2092,latam,0.912745,0.890396
2092,seasia,1.030764,1.006333
2092,russia,0.761035,0.727327
2092,mena,1.967171,1.926657
2092,ssa,3.759735,3.841882
2092,world,1.198921,1.158044
2093,us,1.488112,1.427664
2093,oecd-ex-us,1.428205,1.378875
2093,china,0.473356,0.428257
2093,india,1.294995,1.262615
2093,latam,0.906201,0.883431
2093,seasia,1.023659,0.998430
2093,russia,0.755873,0.721908
2093,mena,1.963802,1.921632
2093,ssa,3.771928,3.849508
2093,world,1.196567,1.155345
2094,us,1.489271,1.428548
2094,oecd-ex-us,1.429969,1.380000
2094,china,0.467331,0.422662
2094,india,1.286284,1.253516
2094,latam,0.899646,0.876486
2094,seasia,1.016504,0.990537
2094,russia,0.750701,0.716503
2094,mena,1.960298,1.916543
2094,ssa,3.783623,3.856693
2094,world,1.194177,1.152633
2095,us,1.490398,1.429402
2095,oecd-ex-us,1.431654,1.381064
2095,china,0.461374,0.417142
2095,india,1.277584,1.244465
2095,latam,0.893086,0.869564
2095,seasia,1.009306,0.982659
2095,russia,0.745522,0.711114
2095,mena,1.956669,1.911419
2095,ssa,3.794829,3.863443
2095,world,1.191754,1.149908
2096,us,1.491494,1.430222
2096,oecd-ex-us,1.433261,1.382069
2096,china,0.455484,0.411694
2096,india,1.268899,1.235471
2096,latam,0.886523,0.862665
2096,seasia,1.002073,0.974796
2096,russia,0.740337,0.705759
2096,mena,1.952921,1.906287
2096,ssa,3.805557,3.869768
2096,world,1.189301,1.147174
2097,us,1.492558,1.431006
2097,oecd-ex-us,1.434793,1.383016
2097,china,0.449663,0.406320
2097,india,1.260232,1.226533
2097,latam,0.879961,0.855792
2097,seasia,0.994810,0.966964
2097,russia,0.735152,0.700429
2097,mena,1.949061,1.901100
2097,ssa,3.815816,3.875674
2097,world,1.186820,1.144430
2098,us,1.493590,1.431755
2098,oecd-ex-us,1.436253,1.383906
2098,china,0.443911,0.401020
2098,india,1.251588,1.217646
2098,latam,0.873403,0.848950
2098,seasia,0.987524,0.959161
2098,russia,0.729967,0.695119
2098,mena,1.945097,1.895861
2098,ssa,3.825614,3.881168
2098,world,1.184314,1.141676
2099,us,1.494591,1.432469
2099,oecd-ex-us,1.437643,1.384740
2099,china,0.438229,0.395793
2099,india,1.242970,1.208810
2099,latam,0.866852,0.842136
2099,seasia,0.980221,0.951382
2099,russia,0.724785,0.689829
2099,mena,1.941033,1.890574
2099,ssa,3.834958,3.886258
2099,world,1.181785,1.138913
2100,us,1.495517,1.433134
2100,oecd-ex-us,1.438923,1.385507
2100,china,0.432603,0.390634
2100,india,1.234345,1.200013
2100,latam,0.860286,0.835343
2100,seasia,0.972877,0.943620
2100,russia,0.719587,0.684553
2100,mena,1.936822,1.885227
2100,ssa,3.843755,3.890903
2100,world,1.179200,1.136130
