region,year,agefrom,ageto,lu,lp,ls,lh,cov_pop,source
china,1950,15,24,27.963358422661656,48.505264598893234,22.714480960489144,0.8072444951820749,103364.0,bl-v3
china,1950,25,34,73.12192562845026,20.349133911436493,6.000753903380956,0.5281907029639633,84414.0,bl-v3
china,1950,35,44,86.55231701510625,10.625578496299184,2.5793663160628486,0.24273817253170582,69309.0,bl-v3
china,1950,45,54,92.49326219455713,6.138682450582633,1.2292352581559498,0.1387106096815428,53979.0,bl-v3
china,1950,55,64,97.85766772914562,1.829771178315064,0.2785485501049522,0.03399388426753738,38589.0,bl-v3
china,1955,15,24,26.678979035091,49.40062483650361,23.066296386262568,0.8539392353974363,107036.0,bl-v3
china,1955,25,34,51.88766697556676,37.12305517256967,9.95124652487399,1.0478774043351489,88486.0,bl-v3
china,1955,35,44,82.77873597230752,13.493884763553124,3.4124536597621575,0.31492211490145716,71644.0,bl-v3
china,1955,45,54,88.05562388655315,9.59319995724364,2.144853559466971,0.20632259673626452,56132.0,bl-v3
china,1955,55,64,96.76960845896147,2.7411217546063655,0.42418996021775546,0.06508244346733667,38208.0,bl-v3
china,1960,15,24,21.806928153717628,46.42149002134966,30.68263714842662,1.0987539218416413,107730.0,bl-v3
china,1960,25,34,35.970353283673326,50.80533002496814,11.859867492721941,1.3645564269655939,96523.0,bl-v3
china,1960,35,44,72.9258663740423,20.460061635104413,6.0634522229377215,0.5409806421089982,76093.0,bl-v3
china,1960,45,54,86.41973667088999,10.697439989042223,2.627455227202685,0.25536811286511657,58406.0,bl-v3
china,1960,55,64,92.23260273972602,6.347973172437008,1.2769860424165524,0.14240230986353158,38617.0,bl-v3
china,1965,15,24,20.533006117098747,45.434766805838755,32.95236867657054,1.0827246981907628,123588.0,bl-v3
china,1965,25,34,26.75023645281306,53.601684874322764,18.032410516031618,1.6172024355823982,101331.0,bl-v3
china,1965,35,44,51.65863929440388,37.27841630170316,10.002520316301702,1.059827615571776,82200.0,bl-v3
china,1965,45,54,82.6115842502559,13.603948631013305,3.457232919651996,0.3266680527123848,62528.0,bl-v3
china,1965,55,64,87.88138021013738,9.706674979794482,2.1956755570950235,0.21626648193049303,43305.0,bl-v3
china,1970,15,24,14.914194918393047,45.48891843008469,38.841810847181414,0.7552561791649175,161996.0,bl-v3
china,1970,25,34,17.891117391221044,56.023690150020116,24.19973827907957,1.8854541796792672,104386.0,bl-v3
china,1970,35,44,36.04261948829613,50.73362678279804,11.868752966793686,1.3553572128470333,91850.0,bl-v3
china,1970,45,54,72.80141384176723,20.531436306557993,6.131572247343107,0.5453734051438611,69442.0,bl-v3
china,1970,55,64,86.39853498147917,10.69212469305365,2.656943854829983,0.25291047571482084,48054.0,bl-v3
china,1975,15,24,13.50539347177101,38.05141046184916,47.656336047941004,0.7876128830450435,182224.0,bl-v3
china,1975,25,34,12.774462762135242,54.545523609723055,31.275613968432268,1.4039272174638444,121073.0,bl-v3
china,1975,35,44,26.676366510133967,53.61263706775629,18.10563222947287,1.6057565408306402,98382.0,bl-v3
china,1975,45,54,51.734580322187284,37.25881856106796,9.955961234837304,1.0506398819074514,77905.0,bl-v3
china,1975,55,64,82.48590071448453,13.691451424329589,3.4941412266864615,0.31811004917880664,53885.0,bl-v3
china,1980,15,24,5.25155390249142,31.82099077270479,62.024413264923794,0.9138507845948632,200167.0,bl-v3
china,1980,25,34,9.191036747135305,52.86117102878181,36.83460954208766,1.1157286394340227,159441.0,bl-v3
china,1980,35,44,17.88768310810154,56.00471208868077,24.180197122344097,1.9380518988448572,102931.0,bl-v3
china,1980,45,54,36.22943880977587,50.56670867055972,11.809307334175687,1.3945451854887363,87849.0,bl-v3
china,1980,55,64,72.46320371577575,20.756209908735332,6.156221968709256,0.565200293350717,61360.0,bl-v3
china,1985,15,24,5.257368622748569,35.22495156152779,57.884722493499645,1.633130720004615,242679.0,bl-v3
china,1985,25,34,10.172036496958587,39.9025791184068,48.078215037635744,1.8471733466655555,180015.0,bl-v3
china,1985,35,44,18.16228547488374,49.70423168126021,30.242067116343375,1.8912436214336588,119345.0,bl-v3
china,1985,45,54,33.91413622683352,46.169066265378326,18.003544432124187,1.9132551877079045,94695.0,bl-v3
china,1985,55,64,58.32016048715249,31.738151552229457,8.941702188202488,0.9910980849671341,70286.0,bl-v3
china,1990,15,24,5.6101022812069035,34.72877117998444,57.60194318665734,2.0591833521513037,255961.0,bl-v3
china,1990,25,34,9.085990548117982,27.711533474149157,60.1937126749434,3.008767709615492,197421.0,bl-v3
china,1990,35,44,18.145204319962325,45.901114993222215,33.74649241715512,2.207188269660347,157131.0,bl-v3
china,1990,45,54,33.28810636729832,41.14953004956943,22.82598104045309,2.736206879145508,99053.0,bl-v3
china,1990,55,64,56.51077544385782,30.8626959085697,11.196957447612808,1.429571199959678,79361.0,bl-v3
china,1995,15,24,2.013601767401459,24.7726001808174,68.27002158286135,4.943776468919793,225642.0,bl-v3
china,1995,25,34,5.409948452093608,29.247910798614758,60.93297009130024,4.399223213348725,238225.0,bl-v3
china,1995,35,44,10.964194581141467,37.65331478024775,48.18443961762542,3.1980510209853494,176790.0,bl-v3
china,1995,45,54,20.773048618755798,46.62596947133929,29.880610399854376,2.7203680428545427,115367.0,bl-v3
china,1995,55,64,42.42233462718482,38.32979534678319,16.890498675158053,2.357194124209743,86048.0,bl-v3
china,2000,15,24,1.3427382085422455,15.179745184807244,77.0521080388944,6.42537766025295,203834.0,bl-v3
china,2000,25,34,2.5437224213681855,26.183009738766316,64.62966659793487,6.633937776579377,252188.0,bl-v3
china,2000,35,44,4.456469847365677,28.06772648672644,62.3064158033562,5.159657979363138,193731.0,bl-v3
china,2000,45,54,10.924372710502041,47.842062063512984,37.93750645671366,3.296099617867967,151780.0,bl-v3
china,2000,55,64,25.409102292983757,46.356581782349224,25.020899035640337,3.213416889026672,90319.0,bl-v3
china,2005,15,24,0.5989869114550691,9.716080785583214,81.1945263461634,8.490487878555617,221797.0,bl-v3
china,2005,25,34,1.7349884613827447,18.9227177604736,72.02268420176611,7.329483078943935,222297.0,bl-v3
china,2005,35,44,2.7181836702443443,25.41331387179301,66.93410195740101,4.934389737632241,234137.0,bl-v3
china,2005,45,54,6.947140537003715,38.207488900053754,51.74667749398266,3.1084090271773417,171172.0,bl-v3
china,2005,55,64,14.860751624779292,49.69229788872608,33.025369472932866,2.411817968368459,106476.0,bl-v3
china,2010,15,24,0.4931364518215132,6.562965707408204,84.47622143780987,8.457786609901559,222672.0,bl-v3
china,2010,25,34,0.898394790795812,10.434982184800349,79.51465713205145,9.152160565707234,200952.0,bl-v3
china,2010,35,44,1.6596673544726195,20.552618364418937,73.47871435365047,4.318648864314155,248132.0,bl-v3
china,2010,45,54,3.316770288288384,27.413274120978063,66.60924881407072,2.6608986501920326,188249.0,bl-v3
china,2010,55,64,8.96127460228522,48.113943245409345,41.597718042739714,1.3272241175093797,140993.0,bl-v3
china,2015,15,24,0.4895546503377047,0.06677722004677931,82.66414979895404,16.769938871514547,190255.0,bl-v3
china,2015,25,34,0.6190234617841174,7.450695848413881,80.16149474132426,11.767830955929316,234850.0,bl-v3
china,2015,35,44,1.3819994707665813,17.010575563768143,75.68799658240792,5.909824500816276,222964.0,bl-v3
china,2015,45,54,2.4065588376426037,23.64731371286037,70.38092156854268,3.5658985055528416,231323.0,bl-v3
china,2015,55,64,6.12066602550144,37.833597299847575,54.01567691321284,2.0298625123998937,165324.0,bl-v3
india,1950,15,24,71.27037657329609,25.308728923769355,3.0511756324282757,0.37051679878772803,88429.0,bl-v3
india,1950,25,34,75.26797559213894,20.733775543985317,3.2722952719174168,0.7187003039696631,66454.0,bl-v3
india,1950,35,44,77.9710685789712,18.09904686853563,3.237171733091668,0.70115230796509,50759.0,bl-v3
india,1950,45,54,79.77520497311828,16.482639728942655,3.072963149641577,0.6698154681899643,35712.0,bl-v3
india,1950,55,64,82.57712568935715,14.552866079512716,2.4696551156473787,0.4072294015968392,24298.0,bl-v3
india,1955,15,24,70.0264162801605,26.379215696492782,3.2079130751993334,0.3864533847516806,95945.0,bl-v3
india,1955,25,34,74.25727512870967,21.679752014879107,3.3298840939108874,0.7337076471063911,74198.0,bl-v3
india,1955,35,44,76.51027812460417,19.514588060727792,3.263868230099705,0.7120429582179758,55263.0,bl-v3
india,1955,45,54,78.00984370701943,18.10390582410163,3.1926042161594435,0.7019362824776814,39989.0,bl-v3
india,1955,55,64,81.94452347515846,14.563413671385739,2.8689072759706984,0.6239981781607014,26347.0,bl-v3
india,1960,15,24,65.71407873085931,27.97381119693362,5.666668215343515,0.6520558685173355,103314.0,bl-v3
india,1960,25,34,73.40106503014123,22.448020947847834,3.4049965570146306,0.7394056319992269,82777.0,bl-v3
india,1960,35,44,75.9611367882781,21.015659520765727,2.522780837184908,0.4924173140590684,61014.0,bl-v3
india,1960,45,54,78.97783152053275,18.419237291897893,2.2015753607103217,0.3953538290788014,45050.0,bl-v3
india,1960,55,64,80.85180316562642,16.88190696230905,1.9262122831821789,0.3383564950515535,28999.0,bl-v3
india,1965,15,24,66.16494247380345,25.959801755876526,6.976040516142736,0.898607069527046,112992.0,bl-v3
india,1965,25,34,70.95345753236236,22.50008530132777,5.326792381670751,1.2196647846391055,90151.0,bl-v3
india,1965,35,44,75.28759005595708,20.570514688738633,3.3966513173233848,0.7441415539752857,68624.0,bl-v3
india,1965,45,54,76.68880334981334,19.31542911916053,3.278841287458379,0.7161396428211081,49555.0,bl-v3
india,1965,55,64,77.6641103903977,18.470326745877788,3.1564570198836086,0.700542555771096,32992.0,bl-v3
india,1970,15,24,56.072124148849504,31.641797599102354,11.104521050123735,1.1967487972455773,130118.0,bl-v3
india,1970,25,34,67.75495152119598,23.114673397834647,7.400995691915401,1.7285752475349325,97259.0,bl-v3
india,1970,35,44,76.40085132377598,19.067668152692395,3.7525013322242295,0.7780267484630682,76939.0,bl-v3
india,1970,45,54,76.65049716243904,19.03392308668613,3.561836164850507,0.7537557340489186,55153.0,bl-v3
india,1970,55,64,77.13213916977116,18.84326742948377,3.3170952634379995,0.7081540713145289,37580.0,bl-v3
india,1975,15,24,55.05414660379463,22.91026475776992,19.97917254179264,2.068592658661193,152479.0,bl-v3
india,1975,25,34,65.78421756580175,19.40392010453612,12.38665783087549,2.416693018480493,107140.0,bl-v3
india,1975,35,44,73.81692837008787,16.617411350877607,8.068014662339817,1.4896121230783808,84434.0,bl-v3
india,1975,45,54,76.55675391080645,15.453271016090628,6.816837479826791,1.1731375932761292,62583.0,bl-v3
india,1975,55,64,80.90475963031068,14.128078236572494,4.300747976022735,0.66547990351778,41873.0,bl-v3
india,1980,15,24,54.51986587696494,15.964154198447,27.69627101232187,1.7988072404630313,174243.0,bl-v3
india,1980,25,34,62.359778826376285,13.670102036700948,20.050506957047798,3.919613873764872,123975.0,bl-v3
india,1980,35,44,74.67299114213003,11.919937088371178,11.542129602324236,1.861684087508328,91557.0,bl-v3
india,1980,45,54,75.52879702122237,11.806078745062507,10.951350926620702,1.7046686393045742,70633.0,bl-v3
india,1980,55,64,79.74957266769876,10.551160689669798,8.50340805463067,1.2027234746463642,47153.0,bl-v3
india,1985,15,24,46.17175359132968,20.516453197689277,30.3657267010889,2.9469789376821223,195610.0,bl-v3
india,1985,25,34,56.29583299736923,16.22172940653934,23.179320031432574,4.2946806518842475,146345.0,bl-v3
india,1985,35,44,64.21948618626611,15.358812501848071,17.033844781533062,3.3868576835506667,101457.0,bl-v3
india,1985,45,54,71.28868981064021,14.475064665722014,12.121056936751256,2.123011464639959,77630.0,bl-v3
india,1985,55,64,74.05133525456291,14.236764988416118,10.190217174285662,1.5211001864722837,53091.0,bl-v3
india,1990,15,24,40.21556930395825,20.11783931458131,36.61395002540298,3.0537079580619837,216510.0,bl-v3
india,1990,25,34,51.046192961129066,18.628759272986038,24.835815578023542,5.481811011948884,168635.0,bl-v3
india,1990,35,44,55.80772888363851,18.592905577588386,20.939786431524766,4.659579107248333,118510.0,bl-v3
india,1990,45,54,63.670974989102646,18.175814709659175,15.09571857733586,3.058130132064135,84883.0,bl-v3
india,1990,55,64,69.85319602036402,17.658465211459752,10.70225984094766,1.7861201876684523,60106.0,bl-v3
india,1995,15,24,34.39200029122555,20.98122648781992,38.361014706890046,6.26460114948436,233496.0,bl-v3
india,1995,25,34,46.66722675057015,18.015898513387953,28.31429306740434,7.003483296731143,189424.0,bl-v3
india,1995,35,44,52.693083166318424,17.49838429064859,23.57693097664634,6.232310633519538,140706.0,bl-v3
india,1995,45,54,59.8102658762333,16.653650980846383,18.60207014920658,4.934887279006833,94969.0,bl-v3
india,1995,55,64,68.91052718679647,15.328772978694852,12.86399057743056,2.8984360323826275,67073.0,bl-v3
india,2000,15,24,28.854275130148448,18.679585998461796,47.76416038308283,4.703173303239121,258743.0,bl-v3
india,2000,25,34,41.80506436231906,16.392752425817477,31.57499133721846,10.23674685109084,209517.0,bl-v3
india,2000,35,44,49.79256406623463,16.527405995121107,25.728255981568633,7.951773957075622,162332.0,bl-v3
india,2000,45,54,55.30084389622963,15.40226751169837,22.15321727593811,7.141839916094447,111554.0,bl-v3
india,2000,55,64,66.55792369683576,13.408535388927818,15.442227103660176,4.589494501644117,74204.0,bl-v3
india,2005,15,24,18.22015226773628,21.86827943692804,54.74167965583889,5.169617771958628,288702.0,bl-v3
india,2005,25,34,34.732746931567334,17.00013059602649,38.65996066225165,9.606989227373068,226500.0,bl-v3
india,2005,35,44,45.84692593648566,17.03099751074656,28.436599975875076,8.685778028774456,182384.0,bl-v3
india,2005,45,54,50.882178414494675,16.80142200385241,24.743790781315834,7.57279163907783,132904.0,bl-v3
india,2005,55,64,58.45282404262166,15.277816831742173,19.95891264704831,6.3105852135254645,83901.0,bl-v3
india,2010,15,24,11.938652724849712,21.33504606220576,60.63636810397959,6.082886995130798,309907.0,bl-v3
india,2010,25,34,28.339042543467464,16.163577625434677,45.93010797814207,9.575044888226527,251625.0,bl-v3
india,2010,35,44,41.24357976518652,16.92670383555124,31.944895236300898,9.884819278900501,201692.0,bl-v3
india,2010,45,54,49.38219378796354,16.994004981595406,25.88550368742115,7.738121106096275,153766.0,bl-v3
india,2010,55,64,54.77917467683129,15.860732013539442,22.343402738019908,7.016692178664337,99561.0,bl-v3
india,2015,15,24,8.69000761245045,17.20362258623147,60.11778283589559,13.992186350360758,329723.0,bl-v3
india,2015,25,34,17.564976451846892,20.261575800064556,48.35598713094301,13.810922733598721,288133.0,bl-v3
india,2015,35,44,35.185122891823205,16.96422608363397,38.18550067532745,9.65840169542732,225076.0,bl-v3
india,2015,45,54,46.49023795290855,16.82924980992786,28.06231760329188,8.618043852979927,172303.0,bl-v3
india,2015,55,64,51.515276381487865,16.52393068434524,24.437084714471535,7.523710233709562,119165.0,bl-v3
latam,1950,15,24,41.71541273584906,48.94175445492663,8.601585102201257,0.7261913653039832,30528.0,bl-v3
latam,1950,25,34,44.22151303353994,47.950550793441465,6.520787726933052,1.2960081761835687,22749.0,bl-v3
latam,1950,35,44,45.93753347707671,46.924147753064005,5.865529391738538,1.2585082841579662,17624.0,bl-v3
latam,1950,45,54,49.47198871541196,44.18463131859638,5.118374555572731,1.2060643066934613,12938.0,bl-v3
latam,1950,55,64,53.36110005920662,41.460731793960925,4.145763173475429,1.0275737122557727,8445.0,bl-v3
latam,1955,15,24,37.10305117239345,51.28551157646365,10.601287125792656,1.0101271198938213,33905.0,bl-v3
latam,1955,25,34,42.20096839530707,48.94750487254939,7.438512630412353,1.4096384759429816,26167.0,bl-v3
latam,1955,35,44,43.69092263610315,48.1871555092472,6.679107059129982,1.440184943995832,19195.0,bl-v3
latam,1955,45,54,46.2074615810605,46.42343970649315,6.004344455212515,1.365010383497162,14446.0,bl-v3
latam,1955,55,64,50.21984357311928,43.30385921580734,5.218936914685603,1.2604867757538334,9717.0,bl-v3
latam,1960,15,24,32.12142087984241,52.7486024950755,13.665839264609323,1.4836617202889035,38075.0,bl-v3
latam,1960,25,34,38.06883145912858,51.264300010316724,8.974232607723785,1.7003335740568795,29079.0,bl-v3
latam,1960,35,44,42.14348894808169,48.66578718631712,7.525297443805783,1.6604579653254825,21399.0,bl-v3
latam,1960,45,54,43.31456836995083,48.13990477375988,6.995942615298437,1.5529078234891394,16067.0,bl-v3
latam,1960,55,64,46.599073905109485,45.513457116788324,6.403046532846715,1.491625912408759,10960.0,bl-v3
latam,1965,15,24,27.003917044424295,53.17875770625566,17.687890752493203,2.127769945602901,44120.0,bl-v3
latam,1965,25,34,32.48449427718338,53.38726362279175,11.658712366260263,2.46665775068425,32152.0,bl-v3
latam,1965,35,44,38.768623330074945,50.45094534050179,8.860459840338873,1.9187732160312803,24552.0,bl-v3
latam,1965,45,54,41.0998246215367,49.3106929448729,7.849228220508428,1.730000571265353,17505.0,bl-v3
latam,1965,55,64,44.05738672286618,47.40180108616359,6.9732317419145655,1.5666385669125398,12337.0,bl-v3
latam,1970,15,24,21.05168997801531,53.55125881282693,23.042155446895613,2.350862140853612,52764.0,bl-v3
latam,1970,25,34,27.474679307958475,53.96082435986158,14.95375252595156,3.5589168166089964,36125.0,bl-v3
latam,1970,35,44,33.37437712655033,53.25604690301101,10.86266600812205,2.4884729082061976,27333.0,bl-v3
latam,1970,45,54,38.001002444987776,50.92193408720456,9.006966177669113,1.9884927669111652,19632.0,bl-v3
latam,1970,55,64,41.432811958405544,48.98817229924899,7.834371750433275,1.7267287694974003,13848.0,bl-v3
latam,1975,15,24,15.185946719400635,56.90965111979292,23.376552838470072,4.505294136561682,62199.0,bl-v3
latam,1975,25,34,24.657450938363347,54.55005501571876,15.339247642183484,5.453472658854911,41988.0,bl-v3
latam,1975,35,44,28.55049600368385,55.97434693944676,11.381728447850543,4.091926783541098,30403.0,bl-v3
latam,1975,45,54,32.49401823868893,54.990860390325565,9.272448566016124,3.2423551698312703,22699.0,bl-v3
latam,1975,55,64,33.65485146566988,54.835387238507444,8.56400288543511,2.94242573283494,15249.0,bl-v3
latam,1980,15,24,13.388666444499984,51.464248798911385,30.165996139853924,4.984182565469744,72018.0,bl-v3
latam,1980,25,34,18.132044903636007,52.8203073713491,20.419286509040337,8.636945161931253,50330.0,bl-v3
latam,1980,35,44,25.278645505421473,55.65804622828495,13.630139909059112,5.434533927946835,34308.0,bl-v3
latam,1980,45,54,31.565401660959576,55.01976069587121,10.003293974101625,3.401279568622821,25407.0,bl-v3
latam,1980,55,64,36.79194621907307,52.11035079567894,8.522777326054129,2.5613085143454524,17218.0,bl-v3
latam,1985,15,24,11.732363365043836,47.65568500901573,34.13715923646087,6.473389790461979,80415.0,bl-v3
latam,1985,25,34,14.948203810457626,50.282678646898724,25.28468547664531,9.489202576369753,59153.0,bl-v3
latam,1985,35,44,20.877327934207557,53.58189002833287,17.93861545019181,7.598484818092921,39883.0,bl-v3
latam,1985,45,54,27.769148544959513,54.9328294614759,12.605267494077296,4.693846045047912,28281.0,bl-v3
latam,1985,55,64,34.933648000000005,52.58609499999999,9.39816,3.0831445,20000.0,bl-v3
latam,1990,15,24,8.013255603012768,47.245733213924865,37.388513594194904,7.3403289473684215,87096.0,bl-v3
latam,1990,25,34,14.274386082888677,44.41450113295812,30.43565294934581,10.883248446750967,68405.0,bl-v3
latam,1990,35,44,17.10596156256528,51.22070419887194,21.948383329851683,9.733386672237309,47870.0,bl-v3
latam,1990,45,54,24.76878083047143,53.69754979706525,15.307556977833281,6.212735872619419,32030.0,bl-v3
latam,1990,55,64,32.214327534813364,52.81813898651954,11.130279396716643,3.851902834008097,22477.0,bl-v3
latam,1995,15,24,6.863386733019218,43.087328498067656,42.898678278363064,7.14463973741331,94445.0,bl-v3
latam,1995,25,34,11.77045137706035,40.365756531537436,35.508158460208065,12.356909017059301,76322.0,bl-v3
latam,1995,35,44,13.901736430257113,47.4445586173856,27.23532232020867,11.418387423035293,56357.0,bl-v3
latam,1995,45,54,20.75465021235676,51.68052354622432,19.101683361380452,8.466474610679276,37437.0,bl-v3
latam,1995,55,64,28.762252566490943,52.65415315708113,13.499727694320029,5.086133417892108,25229.0,bl-v3
latam,2000,15,24,5.481542504570383,34.57353360225738,52.40070016294412,7.53326196248311,100648.0,bl-v3
latam,2000,25,34,7.969718204338107,38.250615551930395,40.70288949308199,13.071790707510123,82755.0,bl-v3
latam,2000,35,44,11.665554380803531,42.41337700346296,33.09749639912966,12.816892065826975,65262.0,bl-v3
latam,2000,45,54,16.44303339394208,48.720782961550405,24.157158632311848,10.68371302496785,45098.0,bl-v3
latam,2000,55,64,24.732161027242753,51.5710834634739,16.771581467985424,6.924350858927643,28815.0,bl-v3
latam,2005,15,24,3.339315242881072,28.510025460636513,60.65842919358699,7.410486910744196,104475.0,bl-v3
latam,2005,25,34,5.2982536204480235,33.03630469601583,47.00513469623829,14.512997464017973,89906.0,bl-v3
latam,2005,35,44,7.669385380693965,37.89734322753933,40.5057380913227,13.810729594913116,72972.0,bl-v3
latam,2005,45,54,11.671476615869679,44.35267322273102,30.99916128669019,12.913017979130696,53284.0,bl-v3
latam,2005,55,64,19.82901280730163,49.598362726335935,21.496016487560727,9.035535698513176,33965.0,bl-v3
latam,2010,15,24,1.3363049340837974,24.78730293263674,64.71446811309585,9.158693045676218,106423.0,bl-v3
latam,2010,25,34,3.938139525232404,27.011858814741036,50.02236948041169,19.02820270999336,96384.0,bl-v3
latam,2010,35,44,5.950690821742083,33.981018437004806,43.71145597001786,16.35572201121815,79514.0,bl-v3
latam,2010,45,54,8.832959785868619,39.55846157567158,36.663849527556515,14.944921151923635,62018.0,bl-v3
latam,2010,55,64,14.947559538245136,46.56658073434544,26.579443420478245,11.908031478876655,41234.0,bl-v3
latam,2015,15,24,0.8374950836018502,24.82332357747597,58.83436123754744,15.516831069789772,108311.0,bl-v3
latam,2015,25,34,4.480702116986054,22.964731313334006,52.13009691983545,20.429019464231967,99670.0,bl-v3
latam,2015,35,44,7.312813158954675,26.488921268983816,49.12049150614827,17.07855829601725,84414.0,bl-v3
latam,2015,45,54,10.656650535078999,30.02518270463351,44.3010713102594,15.019786544527502,69429.0,bl-v3
latam,2015,55,64,17.13663773394031,35.097815073343455,34.54464683864441,13.221443196762774,49425.0,bl-v3
mena,1950,15,24,83.1208070156846,12.992883637134378,3.298281581178465,0.5871857778719797,18872.0,bl-v3
mena,1950,25,34,86.75337892076706,9.223632376988256,2.9560056488776576,1.0678474803032556,13454.0,bl-v3
mena,1950,35,44,90.20639397406559,6.744986651411137,2.287769832189168,0.761214721586575,10488.0,bl-v3
mena,1950,45,54,91.43222236620448,6.162964882726449,1.8433173513023198,0.5652753660748995,7717.0,bl-v3
mena,1950,55,64,91.33663184864012,6.972684272763106,1.3342648797792667,0.3555794245171462,5074.0,bl-v3
mena,1955,15,24,80.13002954281286,14.48182342115459,4.564768016272762,0.8160717745060054,20648.0,bl-v3
mena,1955,25,34,84.05224864655838,11.581583526682136,3.252183552461975,1.1011820056715649,15516.0,bl-v3
mena,1955,35,44,87.06548683623383,9.279726015171796,2.710981704596162,0.9270281124497992,11205.0,bl-v3
mena,1955,45,54,89.92569865913903,7.355565749235475,2.0769395436367915,0.6225511644318984,8502.0,bl-v3
mena,1955,55,64,91.24279448178281,6.689626812875839,1.6123470109656879,0.4419702865228156,5654.0,bl-v3
mena,1960,15,24,74.42657319900144,18.393209254636233,6.1409580064194005,1.0350401212553495,22432.0,bl-v3
mena,1960,25,34,81.18263101362429,13.295783255130308,4.1560811803945965,1.369516083441687,17689.0,bl-v3
mena,1960,35,44,84.91723156953589,10.974817524181093,3.0251824758189065,1.0840120295862796,12303.0,bl-v3
mena,1960,45,54,86.61204000430153,9.958242821808797,2.584418754704807,0.8448983761694806,9299.0,bl-v3
mena,1960,55,64,91.85436752674636,5.830404342353682,1.78261013215859,0.5339773442416614,6356.0,bl-v3
mena,1965,15,24,66.5301277565942,22.435028106450723,9.657208616690907,1.3742450568025473,25439.0,bl-v3
mena,1965,25,34,76.0595036167313,16.522764964881016,5.6697101373309575,1.7461909005136809,19078.0,bl-v3
mena,1965,35,44,82.27089768883879,13.011178128523111,3.4474619503945885,1.251878523111612,14192.0,bl-v3
mena,1965,45,54,85.15917841814837,10.931699366441856,2.8889188636828123,1.0042305334150827,9786.0,bl-v3
mena,1965,55,64,88.95468789275242,8.196620583717358,2.165148722245496,0.6877447283898898,7161.0,bl-v3
mena,1970,15,24,57.28454852266939,27.35947338257769,13.495583927661743,1.8575261079979624,31408.0,bl-v3
mena,1970,25,34,70.40771786277602,18.898821963722398,8.252657728706625,2.405195682176656,20288.0,bl-v3
mena,1970,35,44,79.49253568791534,14.513472803347282,4.416989908934284,1.567405857740586,16252.0,bl-v3
mena,1970,45,54,84.69022272727274,11.058257272727275,3.1260454545454546,1.128612727272727,11000.0,bl-v3
mena,1970,55,64,87.54940047070482,9.082016598538337,2.5183636814071595,0.8356212064907717,8073.0,bl-v3
mena,1975,15,24,46.898828049694764,32.615562814608545,18.425249544821675,2.046709863982007,37348.0,bl-v3
mena,1975,25,34,63.35840716019417,20.648950242718445,12.538487343966713,3.4298994452149794,23072.0,bl-v3
mena,1975,35,44,76.21221903131385,16.157133152924285,5.618888275252664,1.9890511956701828,18107.0,bl-v3
mena,1975,45,54,82.55545896925459,12.366563444665635,3.7486109267861094,1.3328474526284748,13563.0,bl-v3
mena,1975,55,64,88.17985875706215,8.24603695856874,2.6178166195856876,0.9569938794726929,8496.0,bl-v3
mena,1980,15,24,37.811282667949335,33.67335761240523,25.16345862250624,3.353706223230032,43659.0,bl-v3
mena,1980,25,34,52.19943867229023,25.836206151630492,17.04433254466276,4.923270239687276,29163.0,bl-v3
mena,1980,35,44,68.77748768725631,19.548797455366305,8.600539195567414,3.072092653396265,19492.0,bl-v3
mena,1980,45,54,77.69640032638715,15.566125407983932,4.884260607582223,1.8568114486567913,15932.0,bl-v3
mena,1980,55,64,84.20534028203555,11.060620273860616,3.3557142857142863,1.3832904148783978,9786.0,bl-v3
mena,1985,15,24,27.211007692908467,35.903746290221804,30.708727936582317,6.131554982817869,51216.0,bl-v3
mena,1985,25,34,41.924342573992234,29.983767510379,19.12824293558323,8.943034953796706,37335.0,bl-v3
mena,1985,35,44,57.67643752190678,24.5865019277953,12.055993252716439,5.659976340694006,22824.0,bl-v3
mena,1985,45,54,70.66624103216849,20.34595116871095,6.031032747049294,2.953581346910437,17284.0,bl-v3
mena,1985,55,64,78.24745951751487,15.873522802379378,3.6992357898215467,2.2026536682088564,12104.0,bl-v3
mena,1990,15,24,22.204967791673806,34.94573873565188,36.160430015418875,6.695051910227857,58370.0,bl-v3
mena,1990,25,34,34.74064063027574,30.627701519414746,25.25072211592572,9.38283398987057,44425.0,bl-v3
mena,1990,35,44,48.87322756888829,27.339158069770598,16.38709006379802,7.368044319261572,29468.0,bl-v3
mena,1990,45,54,64.69045986350342,22.16065810854729,8.825363449247101,4.201578918860362,18462.0,bl-v3
mena,1990,55,64,74.74734912255671,18.024042659437864,4.82640105578542,2.3178006848337853,14018.0,bl-v3
mena,1995,15,24,16.5220162533487,35.056587694748345,40.88927967433437,7.519163087238279,66817.0,bl-v3
mena,1995,25,34,26.95814833210816,31.96220094172809,30.54855780501858,10.495764806389445,50333.0,bl-v3
mena,1995,35,44,41.78763181043488,29.207294518665126,20.21456897025675,8.785019517290669,36378.0,bl-v3
mena,1995,45,54,57.571230478647436,23.677097710415993,12.616237158520294,6.134506380430277,21707.0,bl-v3
mena,1995,55,64,70.89175968992248,19.38801485788114,6.41503488372093,3.3013217054263566,15480.0,bl-v3
mena,2000,15,24,13.194744851024685,31.233212807277553,46.913731537793225,8.656183369959626,78268.0,bl-v3
mena,2000,25,34,21.01428576422878,33.61090511816529,33.34610019577682,11.950257831072577,57208.0,bl-v3
mena,2000,35,44,33.65500220607017,30.40614796925435,26.41960313958619,9.554548916703434,43063.0,bl-v3
mena,2000,45,54,47.29724674476806,27.677147002285004,17.032742374233795,8.003933480831309,27571.0,bl-v3
mena,2000,55,64,63.130828075235854,22.409299320954272,9.648833603749774,4.736161889309537,16641.0,bl-v3
mena,2005,15,24,13.396354096140824,22.824984474587353,54.732163518782244,9.038329909182174,85666.0,bl-v3
mena,2005,25,34,16.588146556227148,31.139067383031115,38.17023893739274,14.096408178494144,67005.0,bl-v3
mena,2005,35,44,26.70655292182073,32.15219344748441,30.484284524607475,10.642244023317692,49233.0,bl-v3
mena,2005,45,54,39.670512386565896,30.327415015610867,21.020879168976688,8.979905751218231,34271.0,bl-v3
mena,2005,55,64,55.12506370416408,25.566875906360057,13.044370727159727,6.264721359022166,19308.0,bl-v3
mena,2010,15,24,12.792277668721518,16.61032682439646,58.19414321957043,12.403711356774691,87111.0,bl-v3
mena,2010,25,34,15.508406484014746,26.83952564448383,40.18112095872991,17.4692990636199,77853.0,bl-v3
mena,2010,35,44,21.41150681518915,32.25127032990498,33.80601925335421,12.533566497028362,56198.0,bl-v3
mena,2010,45,54,33.25515238375227,29.399704787103726,26.78049169484051,10.563108432554264,40818.0,bl-v3
mena,2010,55,64,46.01127842630368,27.099851355172277,17.715685664660498,9.171123722583511,24757.0,bl-v3
mena,2015,15,24,7.827219476234787,18.35519958427496,56.83272879983565,17.035170338501697,82747.0,bl-v3
mena,2015,25,34,13.011658610864377,19.89979593249276,43.95842813801377,23.190394522823492,86687.0,bl-v3
mena,2015,35,44,15.85916721252903,30.448875424283926,33.814861251712024,19.913988715536238,67172.0,bl-v3
mena,2015,45,54,25.063875698026344,31.178613538514004,28.84538428748029,14.953015047529734,46918.0,bl-v3
mena,2015,55,64,37.06269474371531,31.021414952660795,19.53105452171074,12.425196865817826,30630.0,bl-v3
oecd-ex-us,1950,15,24,8.740388130209947,58.17365862887414,30.568599750037265,2.5136524371366655,87213.0,bl-v3
oecd-ex-us,1950,25,34,7.045114609378273,69.05250799681522,20.081350449078798,3.820714335600843,71591.0,bl-v3
oecd-ex-us,1950,35,44,9.077704053380582,72.52527188659393,15.326523201727671,3.0658657732986327,72236.0,bl-v3
oecd-ex-us,1950,45,54,10.903263495596951,73.6755630667496,12.87135774380463,2.52964841064589,61094.0,bl-v3
oecd-ex-us,1950,55,64,18.104474798087267,70.05191616903468,9.976924062507152,1.8773022627954337,43707.0,bl-v3
oecd-ex-us,1955,15,24,7.774405799059003,54.93308525247068,34.4215238288197,2.8684565858490356,88842.0,bl-v3
oecd-ex-us,1955,25,34,5.930895053178034,66.13248449224915,23.529752237331824,4.4034814449008115,83023.0,bl-v3
oecd-ex-us,1955,35,44,8.298465294312669,70.06466650592243,18.035605202085655,3.5876738298321227,66358.0,bl-v3
oecd-ex-us,1955,45,54,9.627922412235804,72.95993210694286,14.507399590534114,2.903030800264949,66428.0,bl-v3
oecd-ex-us,1955,55,64,12.746990370016016,73.15333118409285,11.773370286403628,2.3230408286362034,48079.0,bl-v3
oecd-ex-us,1960,15,24,6.391263236590453,51.26902375612315,39.08661388768007,3.2502430288220143,89619.0,bl-v3
oecd-ex-us,1960,25,34,6.156915823259302,60.39639021647454,28.25183265392184,5.1787652281885475,85368.0,bl-v3
oecd-ex-us,1960,35,44,7.759010612852867,67.77413829650106,20.330848168889013,4.144345683963277,69821.0,bl-v3
oecd-ex-us,1960,45,54,9.794895177742092,70.64546609372515,16.281747905725076,3.2905199878466953,69117.0,bl-v3
oecd-ex-us,1960,55,64,11.733470319634701,71.9964200913242,13.562167853881279,2.7050073059360735,54750.0,bl-v3
oecd-ex-us,1965,15,24,5.185553152262356,46.88183893128985,43.089133166476124,4.830938108333592,97089.0,bl-v3
oecd-ex-us,1965,25,34,4.822279393317369,57.96128794617403,31.064011403808863,6.155339491390124,87690.0,bl-v3
oecd-ex-us,1965,35,44,6.478574190785044,64.68254934834485,23.978311937832714,4.854027289971241,81715.0,bl-v3
oecd-ex-us,1965,45,54,9.097663583687954,68.27948761835968,18.846564703296018,3.7780505001334737,63683.0,bl-v3
oecd-ex-us,1965,55,64,10.852548306168902,70.90544252272011,15.170066789612719,3.0745807373440326,60189.0,bl-v3
oecd-ex-us,1970,15,24,4.599816594724221,38.796032517985616,48.81660757793764,7.78901160671463,104250.0,bl-v3
oecd-ex-us,1970,25,34,3.4606799220887416,50.74429345072563,36.93951035251467,8.834506918564722,88819.0,bl-v3
oecd-ex-us,1970,35,44,5.668204763260272,60.7911189391783,27.47368749406964,6.072090805579276,84312.0,bl-v3
oecd-ex-us,1970,45,54,7.5515701079040465,66.00992390238103,21.85467346392795,4.604739008947415,67282.0,bl-v3
oecd-ex-us,1970,55,64,9.965198678127134,69.39773581608172,17.065979409288058,3.552265296070923,62941.0,bl-v3
oecd-ex-us,1975,15,24,4.694493713515941,31.53878498727735,54.74635496183206,9.025486454123635,106896.0,bl-v3
oecd-ex-us,1975,25,34,2.538844376282357,40.47354168825516,43.38361723073097,13.607547304719075,96502.0,bl-v3
oecd-ex-us,1975,35,44,4.558851716125452,54.24680600672808,32.590039420598124,8.613784724229218,86503.0,bl-v3
oecd-ex-us,1975,45,54,6.700572577873391,62.05218427383938,25.098513563399827,6.154172511679418,78557.0,bl-v3
oecd-ex-us,1975,55,64,9.257921061702861,66.60192657704239,19.34113133402275,4.813877800758359,58020.0,bl-v3
oecd-ex-us,1980,15,24,4.748851164483261,24.54721561135371,61.082975709606984,9.619855895196507,109920.0,bl-v3
oecd-ex-us,1980,25,34,1.8820943517391426,32.751707034207776,48.78614685669921,16.56262352275886,104333.0,bl-v3
oecd-ex-us,1980,35,44,3.083603773584905,45.40647010684247,39.69545908160946,11.803908842918844,87980.0,bl-v3
oecd-ex-us,1980,45,54,6.064870904831409,56.90665898024016,29.262138748175502,7.749686614578862,81529.0,bl-v3
oecd-ex-us,1980,55,64,8.16573049141121,62.94273710065768,22.788539178772847,6.093337750270671,61883.0,bl-v3
oecd-ex-us,1985,15,24,3.9052216788406002,20.926164361516662,64.17577241151174,10.993697240078317,111851.0,bl-v3
oecd-ex-us,1985,25,34,2.130949664207653,25.194436992887432,55.223435094314674,17.44922479668269,105869.0,bl-v3
oecd-ex-us,1985,35,44,2.6929044417917942,36.658116793365586,45.47210906577873,15.172230529203578,95502.0,bl-v3
oecd-ex-us,1985,45,54,5.69973241507945,49.04520499300549,35.08885505218982,10.167798462403006,83637.0,bl-v3
oecd-ex-us,1985,55,64,9.508107895499526,57.37511461654177,25.924056914945,7.177889151106141,72459.0,bl-v3
oecd-ex-us,1990,15,24,2.776096656302842,18.52251350024546,65.62297269041255,13.090516827578684,109998.0,bl-v3
oecd-ex-us,1990,25,34,1.991771425453156,16.677834671808355,60.24930441742231,21.088902056370568,109951.0,bl-v3
oecd-ex-us,1990,35,44,1.985986336794164,27.59306447566483,51.717905168088315,18.684115654791775,103636.0,bl-v3
oecd-ex-us,1990,45,54,4.762612328735149,40.59106400112038,41.74656735055902,12.887143524029597,85686.0,bl-v3
oecd-ex-us,1990,55,64,9.46994448766466,50.47298250240642,31.472433312675538,8.575690871451362,75839.0,bl-v3
oecd-ex-us,1995,15,24,2.52051296857251,15.439964312760312,63.59064293828096,18.45346630064369,105640.0,bl-v3
oecd-ex-us,1995,25,34,1.4886589912183141,12.859349336702465,60.742479424875214,24.923332947781446,112393.0,bl-v3
oecd-ex-us,1995,35,44,2.1600688663823067,18.425872526729176,58.02168445479998,21.399056258103315,106438.0,bl-v3
oecd-ex-us,1995,45,54,3.219776420385013,29.560470996371226,50.47288908280215,16.743557480499305,93971.0,bl-v3
oecd-ex-us,1995,55,64,7.313803161652218,41.569041305456395,40.29150981642019,10.827412162162162,78440.0,bl-v3
oecd-ex-us,2000,15,24,1.3665767383084777,17.25794431796528,66.01877132455445,15.351752098606944,99709.0,bl-v3
oecd-ex-us,2000,25,34,1.2672213333810032,8.441065685862657,59.95330440378617,30.33910279672152,111881.0,bl-v3
oecd-ex-us,2000,35,44,1.7286252886051883,11.534397301824438,61.53892516637241,25.197416904341527,110445.0,bl-v3
oecd-ex-us,2000,45,54,2.3959522943714435,20.80896588664262,56.680322853295856,20.1016570187422,101749.0,bl-v3
oecd-ex-us,2000,55,64,5.372965569269583,33.35266343466324,47.42237824334017,13.850844319671523,80858.0,bl-v3
oecd-ex-us,2005,15,24,1.144861105326725,10.653306088875931,72.52616457040523,15.66274967723127,96044.0,bl-v3
oecd-ex-us,2005,25,34,0.9616648647649675,5.356574908287823,58.3215440911485,35.36431560077251,108219.0,bl-v3
oecd-ex-us,2005,35,44,1.196664611807806,7.321376021558405,62.05964712202338,29.42640693250669,113552.0,bl-v3
oecd-ex-us,2005,45,54,1.4675452230878527,13.631974177306926,61.33969581096415,23.56149071698977,104869.0,bl-v3
oecd-ex-us,2005,55,64,2.6704866100953932,24.718168234146788,54.81223923595154,17.80109708661682,89209.0,bl-v3
oecd-ex-us,2010,15,24,0.7800524586573212,7.571131201401818,77.88389212572555,13.759262183769579,91310.0,bl-v3
oecd-ex-us,2010,25,34,0.7836654171845867,3.7716825279676813,54.11415193831573,41.31165533716593,102976.0,bl-v3
oecd-ex-us,2010,35,44,0.7878250443031838,5.540128721687842,59.157324616700315,34.49853036862012,113423.0,bl-v3
oecd-ex-us,2010,45,54,0.9090953755113967,8.647163391291642,62.817897702367034,27.62676349722385,109504.0,bl-v3
oecd-ex-us,2010,55,64,1.2847020769492679,18.075686899639916,59.56812053115424,21.069344208169536,96921.0,bl-v3
oecd-ex-us,2015,15,24,0.7570466456428523,11.01660673367062,71.65532273067585,16.625299475917146,88154.0,bl-v3
oecd-ex-us,2015,25,34,0.7932545960340953,4.304269139004663,51.60326934690282,43.30422003544169,101011.0,bl-v3
oecd-ex-us,2015,35,44,0.9541487493131806,5.630662048838487,52.133755032922295,41.291107918464405,111019.0,bl-v3
oecd-ex-us,2015,45,54,1.1260684063307722,8.240150037177354,58.69005948376588,31.946424866338567,112972.0,bl-v3
oecd-ex-us,2015,55,64,1.544166184423203,14.257999221758828,58.214686308941786,25.98225250932892,100226.0,bl-v3
russia,1950,15,24,11.337076190476191,37.6672346031746,47.792001587301584,3.1968898412698414,31500.0,bl-v3
russia,1950,25,34,13.43498055260898,46.76886649492347,34.277080870839015,5.516446936404505,19797.0,bl-v3
russia,1950,35,44,19.019460163319355,65.2763716618848,12.73413418671375,3.097817700286912,22655.0,bl-v3
russia,1950,45,54,19.82242067851373,69.49888142164781,8.234974474959612,2.4497053311793215,15475.0,bl-v3
russia,1950,55,64,34.86917711598746,57.97145278213167,5.660155760188088,1.4971865203761754,10208.0,bl-v3
russia,1955,15,24,9.707117191062471,30.98509439124487,56.114229822161434,3.193118407052743,32895.0,bl-v3
russia,1955,25,34,7.66785529807182,47.13786980364408,39.34797452679993,5.85531682292588,28265.0,bl-v3
russia,1955,35,44,18.963560005832885,56.5430496281534,20.6292587371798,3.9898386234384873,20573.0,bl-v3
russia,1955,45,54,19.17574342629482,68.11729349269588,10.001722709163346,2.6959532536520587,18825.0,bl-v3
russia,1955,55,64,20.353969011800736,70.81856319250517,6.869270336005766,1.9557787586703899,11101.0,bl-v3
russia,1960,15,24,5.991863490062049,27.830728008759994,62.1794475229784,3.9915094402229823,30137.0,bl-v3
russia,1960,25,34,5.354833205521472,48.05821255112475,40.58603303936605,6.001570168711656,31296.0,bl-v3
russia,1960,35,44,13.559779419308507,47.191277316097256,33.79351492767005,5.453292295065148,19494.0,bl-v3
russia,1960,45,54,19.10212925455138,64.68933975881176,13.036588909065513,3.171863388741445,21477.0,bl-v3
russia,1960,55,64,19.93875209441247,69.23077511473738,8.352797406570993,2.4803540467691416,13727.0,bl-v3
russia,1965,15,24,3.995813971204387,14.606963510322236,73.70717757294126,7.689389045478785,26254.0,bl-v3
russia,1965,25,34,2.51439582052858,36.15565980331899,53.12107652120468,8.20909864781807,32540.0,bl-v3
russia,1965,35,44,7.847321169997104,46.068864031277144,39.96139986967854,6.118372067767159,27624.0,bl-v3
russia,1965,45,54,19.359238727609632,56.95760294420425,19.867878319950584,3.881558575252213,19428.0,bl-v3
russia,1965,55,64,19.552896266554804,68.98572901060706,8.965906394199076,2.4863660334392046,16687.0,bl-v3
russia,1970,15,24,1.2297132530120483,13.244044879518073,80.56611054216867,4.986874698795181,33200.0,bl-v3
russia,1970,25,34,1.208980484522207,26.633852960969044,62.10925538358009,10.073213660834456,29720.0,bl-v3
russia,1970,35,44,5.229044337238686,41.1019418463457,45.76739621279249,7.903120343933577,30471.0,bl-v3
russia,1970,45,54,14.314791689211123,46.37133318904881,33.751009089925326,5.565443674926956,18482.0,bl-v3
russia,1970,55,64,19.62018505897772,66.62796539973787,11.074837221494104,2.6767659239842727,19075.0,bl-v3
russia,1975,15,24,1.511864050455501,8.853733551350931,79.52500739702562,10.11624698279218,38529.0,bl-v3
russia,1975,25,34,0.6466525554187191,11.686946582512315,72.90270974445812,14.762913716133006,25984.0,bl-v3
russia,1975,35,44,3.028735058494405,34.052898969989826,50.54077028229908,12.378981434384537,31456.0,bl-v3
russia,1975,45,54,9.079818271305797,42.95102866012948,39.74086131829024,8.228387915041836,26413.0,bl-v3
russia,1975,55,64,23.38845318782309,54.13630614589316,18.1084089603676,4.36675186674325,17410.0,bl-v3
russia,1980,15,24,1.6395174359903693,4.796734667460584,78.66548010459006,14.897866518238539,38627.0,bl-v3
russia,1980,25,34,0.30948819720075205,7.903160344981945,70.75699991047182,21.025970336327553,33509.0,bl-v3
russia,1980,35,44,1.7319078476299585,23.81545145353,56.96559107833309,17.480582128025205,27932.0,bl-v3
russia,1980,45,54,7.106110542115487,39.8121246689034,41.42779021719936,11.65413844252163,28315.0,bl-v3
russia,1980,55,64,19.63331054461182,40.42324855156431,31.427815179606025,8.515531286210893,17260.0,bl-v3
russia,1985,15,24,1.6449571253572888,5.031644694627545,68.30234235548038,25.029682377646854,34286.0,bl-v3
russia,1985,25,34,0.3102691994857398,3.448786240915174,68.49469577309578,27.752484454123262,38113.0,bl-v3
russia,1985,35,44,0.808507385021815,9.821832846335509,62.28926309890724,27.086238642276744,24983.0,bl-v3
russia,1985,45,54,4.449014597286622,30.99412536493216,45.34390073845097,19.213624935600205,29115.0,bl-v3
russia,1985,55,64,12.193801189180135,37.875775898165976,36.84250230298969,13.085983167238926,23882.0,bl-v3
russia,1990,15,24,1.3406020829481728,5.908038762556234,74.15999907561472,18.59820884944845,32454.0,bl-v3
russia,1990,25,34,0.39979371213703774,1.6816001671192815,60.36598835387508,37.56839957175685,38296.0,bl-v3
russia,1990,35,44,0.4351461303932741,4.0143096917249235,57.064416248344685,38.486127929537126,32471.0,bl-v3
russia,1990,45,54,2.490218911174785,19.27555835721108,49.72630105062082,28.499028462273163,26175.0,bl-v3
russia,1990,55,64,9.825291479820628,37.95046804932736,34.99151505445228,17.22978899743754,24976.0,bl-v3
russia,1995,15,24,0.9234137237175934,5.900769881309966,72.43558776355313,20.73921174652241,34291.0,bl-v3
russia,1995,25,34,0.29557277567897194,1.0374337388821133,56.14864384091382,42.51244102686142,33617.0,bl-v3
russia,1995,35,44,0.3071500948252506,1.6817553508534273,55.57459468978597,42.43601815226226,36910.0,bl-v3
russia,1995,45,54,0.7551242690058481,6.309812951496388,53.26435500515995,39.6772385620915,23256.0,bl-v3
russia,1995,55,64,4.881003029945303,25.297022783614686,43.66522488490142,26.159141777830246,25413.0,bl-v3
russia,2000,15,24,0.4285410837973652,4.570410158902621,71.65588374303952,23.310209425505903,36815.0,bl-v3
russia,2000,25,34,0.2880895436716732,1.0600621831053285,48.900010842182475,49.685048630377246,31359.0,bl-v3
russia,2000,35,44,0.29107464412566425,0.8912285580550126,46.680080123351416,52.131262975302185,36319.0,bl-v3
russia,2000,45,54,0.24052797772647022,1.823623523020508,47.655819978269726,50.18224263207932,29452.0,bl-v3
russia,2000,55,64,0.9917427629499166,11.580905026419183,47.84696156798989,39.47454455132547,22143.0,bl-v3
russia,2005,15,24,0.27562218578381625,7.873949923219073,58.288956039665806,33.55940735535255,38421.0,bl-v3
russia,2005,25,34,0.3500789787859307,1.20913919245722,48.144750665809525,50.3120292650075,32667.0,bl-v3
russia,2005,35,44,0.3049685953559193,0.7827686841771349,43.882794378885926,55.036236200989734,31524.0,bl-v3
russia,2005,45,54,0.272213107365005,1.2002773520838967,45.69563869106644,52.831912016587026,33279.0,bl-v3
russia,2005,55,64,0.4400618293306081,4.978210015329586,46.11938886050076,48.45808124680633,19570.0,bl-v3
russia,2010,15,24,0.45063906607293297,7.372325791310627,54.874288422192805,37.39834185822602,33236.0,bl-v3
russia,2010,25,34,0.4222351450944266,1.950362160294795,40.67012033625058,57.04001093965914,34736.0,bl-v3
russia,2010,35,44,0.35873135099748477,0.7837170519932467,41.504204251800296,57.42614857182236,29023.0,bl-v3
russia,2010,45,54,0.3025587396029385,0.8418347398457896,42.73820715196406,56.17013842511079,32942.0,bl-v3
russia,2010,55,64,0.31735656473027385,2.353186874526534,44.05148239703361,53.3394430046649,25081.0,bl-v3
russia,2015,15,24,1.3738372541457773,8.03000539915156,53.08334670266102,37.620626301581176,25930.0,bl-v3
russia,2015,25,34,0.4739165401720326,3.5115528214960987,37.59117307128971,58.40746904210274,37551.0,bl-v3
russia,2015,35,44,0.3997424562752258,1.0426535972836184,42.672221154462164,55.87126625664681,31218.0,bl-v3
russia,2015,45,54,0.333034236075626,0.717198432975643,41.082335888264346,57.86668915005962,29355.0,bl-v3
russia,2015,55,64,0.3047622686069531,1.3015097419511688,43.151715000173645,55.23170353905463,28793.0,bl-v3
seasia,1950,15,24,50.58039153863793,37.693938890162805,11.201169456546664,0.5083378238936024,34888.0,bl-v3
seasia,1950,25,34,63.718376615769145,30.241595657437422,5.3859464209005345,0.6540918498847972,25607.0,bl-v3
seasia,1950,35,44,72.32481724927797,22.689571755801218,4.4514495568170505,0.5343745642864257,20082.0,bl-v3
seasia,1950,45,54,77.54933892059822,18.600162560508632,3.4565110902391445,0.39192399393107435,13841.0,bl-v3
seasia,1950,55,64,83.94026925207756,13.58467700831025,2.234581717451524,0.2412686980609418,9025.0,bl-v3
seasia,1955,15,24,46.04841545616052,41.318865868951825,11.764274480091967,0.8766979308182673,38276.0,bl-v3
seasia,1955,25,34,57.82586656845208,34.94637588130064,5.9749149391420255,1.2579830930583322,28509.0,bl-v3
seasia,1955,35,44,66.57334648443003,27.908082288290828,4.766255694894556,0.7525621154478417,21291.0,bl-v3
seasia,1955,45,54,72.13118286445012,23.082173913043484,4.177673273657288,0.599079283887468,15640.0,bl-v3
seasia,1955,55,64,79.93854992734067,17.04602242059373,2.6099719742578373,0.4131015154660577,9634.0,bl-v3
seasia,1960,15,24,36.879797737987644,46.9091931504507,15.032377311478614,1.1859154310281652,40937.0,bl-v3
seasia,1960,25,34,56.19636275973621,36.83740761478163,5.931953776284683,1.0435473435361455,32148.0,bl-v3
seasia,1960,35,44,62.83456685376147,30.860029587086103,5.396288996214595,0.95257059565766,22983.0,bl-v3
seasia,1960,45,54,70.47814842622005,24.04895581865435,4.565583020502455,0.8738891134854172,17315.0,bl-v3
seasia,1960,55,64,74.18592667277728,21.02547754353804,3.947146654445463,0.8107030247479378,10910.0,bl-v3
seasia,1965,15,24,28.09380969552185,52.8235205426968,17.054217394243988,2.027280430912082,44371.0,bl-v3
seasia,1965,25,34,43.94001181534307,44.51101611950374,9.791259740625089,1.7550775030241654,35547.0,bl-v3
seasia,1965,35,44,56.48003441741754,36.526267063691556,5.853746084535365,1.1419556053985074,25859.0,bl-v3
seasia,1965,45,54,64.91128468487847,29.21270165627016,4.934006775650677,0.9473144762314474,18596.0,bl-v3
seasia,1965,55,64,70.64011323763955,24.38451196172249,4.179332535885167,0.796530303030303,12540.0,bl-v3
seasia,1970,15,24,20.118309387428873,54.90742697292051,22.694082665702485,2.2750139869455177,52549.0,bl-v3
seasia,1970,25,34,31.971526667711434,51.86049548137701,13.48692211252155,2.6485454213028263,38286.0,bl-v3
seasia,1970,35,44,48.76673128501103,42.9436465795281,6.68479477168562,1.6056027839076557,29455.0,bl-v3
seasia,1970,45,54,58.72370971709718,35.040898892988935,5.204204182041821,1.0847630996309963,20325.0,bl-v3
seasia,1970,55,64,66.93678434708636,27.90959449879484,4.3387083510562885,0.8247518786332055,14106.0,bl-v3
seasia,1975,15,24,17.33762911313068,53.70206095267941,26.20389768097775,2.7636673456596688,63820.0,bl-v3
seasia,1975,25,34,25.856570094576796,52.66317945648271,17.974955345384895,3.4967827127977973,41765.0,bl-v3
seasia,1975,35,44,40.66002802314956,47.648846481876326,9.830911666159,1.8585951873286628,32830.0,bl-v3
seasia,1975,45,54,53.26424053644819,39.324556348691324,6.037749080683539,1.372237075492105,23115.0,bl-v3
seasia,1975,55,64,60.79406427221172,32.583989961540965,5.310312235186754,1.311984225278665,15341.0,bl-v3
seasia,1980,15,24,12.021662883781618,53.58605719178547,30.784305557443226,3.5918943419818685,73577.0,bl-v3
seasia,1980,25,34,18.90796335661504,54.03288268043325,22.381529102135847,4.709803826298208,49395.0,bl-v3
seasia,1980,35,44,30.913760792639778,52.760062845010616,13.581846850672328,2.8259620665251237,35325.0,bl-v3
seasia,1980,45,54,49.442221591124245,42.045151652845625,6.699138172592676,1.8241731985308038,26409.0,bl-v3
seasia,1980,55,64,55.454179712884745,36.97520883795121,5.882642523778578,1.6995309269214864,16927.0,bl-v3
seasia,1985,15,24,17.020620512696958,49.04315568833422,29.570809521514963,4.363689587047656,83012.0,bl-v3
seasia,1985,25,34,19.94915510488582,50.58824797530536,24.07978441980881,5.370408755974508,60256.0,bl-v3
seasia,1985,35,44,29.5192519847407,48.96511264047841,17.195922002268276,4.327412362099185,38796.0,bl-v3
seasia,1985,45,54,43.32350437710438,43.48701515151515,10.294456902356904,2.8850525252525245,29700.0,bl-v3
seasia,1985,55,64,54.92378086814254,36.526071373792114,6.4571256199192195,2.092603916355642,19559.0,bl-v3
seasia,1990,15,24,12.857051401002039,49.18671629572222,33.249594162400534,4.683094320675012,91613.0,bl-v3
seasia,1990,25,34,22.082038877749813,48.753956884660774,22.43011134337273,6.670244727898411,70323.0,bl-v3
seasia,1990,35,44,29.043780516557714,47.51571407137498,17.77217597256457,5.603340263637338,46655.0,bl-v3
seasia,1990,45,54,41.802784307692306,41.63489230769231,12.314416923076923,4.187708307692308,32500.0,bl-v3
seasia,1990,55,64,56.606858668534166,33.61413621044339,6.941679870442509,2.7851569133803125,22847.0,bl-v3
seasia,1995,15,24,11.447205154934185,51.3900960673698,31.35806209631265,5.804470505273486,97848.0,bl-v3
seasia,1995,25,34,17.171814403385476,48.758204236882534,27.098066701932037,6.971263885740194,79398.0,bl-v3
seasia,1995,35,44,21.95474300236856,51.11281962621669,20.719081966079422,6.211906778928441,57841.0,bl-v3
seasia,1995,45,54,28.974361693382658,48.92068749143719,16.81039895876147,5.2971239895876145,36495.0,bl-v3
seasia,1995,55,64,41.6868630809638,42.97950135129991,11.442945072513417,3.8896745460774236,26271.0,bl-v3
seasia,2000,15,24,8.8946776929195,51.113438676849654,32.91974146439625,7.062981017085579,104357.0,bl-v3
seasia,2000,25,34,15.497456973259698,48.899099509742,27.182814792702384,8.413713216299069,87097.0,bl-v3
seasia,2000,35,44,17.14628719237307,53.17777533072205,22.957610376173232,6.712071687236715,67655.0,bl-v3
seasia,2000,45,54,19.497056952099296,54.582248958193304,19.77062642828337,6.1467318636017385,44634.0,bl-v3
seasia,2000,55,64,24.217914447630758,53.47423153079339,17.13103953297829,5.175382698347673,29292.0,bl-v3
seasia,2005,15,24,7.710560266671551,36.55151440502573,45.93836114214545,9.801398926720271,109198.0,bl-v3
seasia,2005,25,34,7.740696488214016,42.8554480168173,37.52470212243765,11.877717392464229,93713.0,bl-v3
seasia,2005,35,44,12.281316583573863,49.34615009183942,29.758262660718973,8.614143269483074,76220.0,bl-v3
seasia,2005,45,54,15.176595682878563,54.02343445346116,23.150063540475283,7.649695913439719,55083.0,bl-v3
seasia,2005,55,64,20.448725278731352,53.56114682382964,19.490495184858887,6.500769814989213,32917.0,bl-v3
seasia,2010,15,24,7.697157847533632,25.35381713004485,56.98321659192825,9.96958260089686,111500.0,bl-v3
seasia,2010,25,34,4.466147187862102,32.733472413417445,47.310420805561876,15.487113683856082,100973.0,bl-v3
seasia,2010,35,44,5.710380260347688,41.33664017849686,41.97611315937049,10.974090393862381,83811.0,bl-v3
seasia,2010,45,54,9.37381422278946,50.23271350526856,30.791161574499213,9.601615122414357,64249.0,bl-v3
seasia,2010,55,64,14.87118588631746,55.491223301452,22.626904207344264,7.007780613509094,40358.0,bl-v3
seasia,2015,15,24,5.868925526982202,17.678531404929203,63.189917608874005,13.264786086243179,112148.0,bl-v3
seasia,2015,25,34,5.578573391894359,27.87267907084026,52.36786450875052,14.184734312981137,104051.0,bl-v3
seasia,2015,35,44,4.761661516107695,37.32949947410082,41.80831126725437,16.100613187599627,92223.0,bl-v3
seasia,2015,45,54,7.1178464098027305,43.92762642934481,35.84580109330024,13.126615786832863,75734.0,bl-v3
seasia,2015,55,64,11.847418564684038,52.18447523852795,25.32649605910357,10.662088971416154,50623.0,bl-v3
ssa,1950,15,24,71.50865935708946,22.76925990530775,5.255723398953402,0.4839491652130576,20065.0,bl-v3
ssa,1950,25,34,76.78959143706103,17.946894921663965,4.598185440302539,0.6924128849270665,14808.0,bl-v3
ssa,1950,35,44,80.26152116897714,14.316170850505808,4.7486071562382905,0.6779748969651556,10676.0,bl-v3
ssa,1950,45,54,84.3606717721349,11.517589681580008,3.57770388284294,0.5095243853284966,7443.0,bl-v3
ssa,1950,55,64,89.13910967219749,8.614138000809389,1.9178267907729667,0.30506475111290976,4942.0,bl-v3
ssa,1955,15,24,68.7784162368244,24.993213725050456,5.682079838528818,0.5401318681318681,22295.0,bl-v3
ssa,1955,25,34,74.143995621237,20.444408562914308,4.721668795232013,0.7250197652496504,16443.0,bl-v3
ssa,1955,35,44,78.3191405332886,16.254895186986417,4.733701995639779,0.704146402817374,11926.0,bl-v3
ssa,1955,45,54,82.25878743785618,12.885769370680247,4.244833272705226,0.5996483569782951,8247.0,bl-v3
ssa,1955,55,64,86.55933109744736,9.622178125582261,3.312770635364263,0.4845351220421092,5367.0,bl-v3
ssa,1960,15,24,63.36334346869374,29.85481616323265,6.233372674534907,0.5623036607321463,24995.0,bl-v3
ssa,1960,25,34,71.32803839687618,23.138538423992625,4.789014046314876,0.7564347307337708,18439.0,bl-v3
ssa,1960,35,44,76.75456077015644,18.12790312876053,4.466109356197353,0.6764854091456076,13296.0,bl-v3
ssa,1960,45,54,80.29200562527045,14.496132626568585,4.562252271743834,0.6605181739506708,9244.0,bl-v3
ssa,1960,55,64,84.15035822913147,11.485392024332546,3.819165258533288,0.5387360594795538,5918.0,bl-v3
ssa,1965,15,24,58.30135431686301,32.624803235449264,8.423977140847548,0.6470698083347988,28435.0,bl-v3
ssa,1965,25,34,67.34714910788078,25.643818367446155,6.1385448976615296,0.8994866060576594,20569.0,bl-v3
ssa,1965,35,44,73.9258178513732,20.280185783521805,5.087291330102316,0.7317851373182551,14856.0,bl-v3
ssa,1965,45,54,78.221685252836,16.152135166314167,4.933050374927899,0.7004008844452989,10402.0,bl-v3
ssa,1965,55,64,82.19560847355768,12.783682391826924,4.420100661057692,0.5875300480769231,6656.0,bl-v3
ssa,1970,15,24,51.41273623241145,36.49143346676371,11.451988112566715,0.6474536026200873,32976.0,bl-v3
ssa,1970,25,34,63.25815076155236,27.80278160227175,7.887189570604938,1.0540289131744256,23242.0,bl-v3
ssa,1970,35,44,70.43228330061277,22.901531322505804,5.869676958772087,0.8136254387530489,16809.0,bl-v3
ssa,1970,45,54,76.90668348153214,17.36439038987688,5.0505848153214785,0.7095861833105335,11696.0,bl-v3
ssa,1970,55,64,80.07060266666666,14.263874666666666,5.019881333333333,0.6565253333333334,7500.0,bl-v3
ssa,1975,15,24,45.46865991166537,39.5177277214861,14.233387113535983,0.7815081839438816,38490.0,bl-v3
ssa,1975,25,34,58.712825850493225,30.152373504369677,10.081552079816962,1.0356622032181841,26661.0,bl-v3
ssa,1975,35,44,66.15298820792131,26.130768864681933,6.933864946327534,0.8188382422928455,18911.0,bl-v3
ssa,1975,45,54,73.29545812509465,20.777143722550356,5.318043313645314,0.6210669392700288,13206.0,bl-v3
ssa,1975,55,64,78.19554514580162,16.659736503103407,4.634196041691066,0.5322461646562828,8539.0,bl-v3
ssa,1980,15,24,39.27131135173516,42.092228632288986,17.818032306736487,0.8169137747403923,45068.0,bl-v3
ssa,1980,25,34,53.193556336892364,32.91263894713074,12.647570400954807,1.2311983484403728,31001.0,bl-v3
ssa,1980,35,44,62.50649414836574,28.642083275050123,8.095419872243204,0.7775166689979951,21447.0,bl-v3
ssa,1980,45,54,69.30022686448007,24.219351340562838,5.946582396380814,0.5477506486594372,15031.0,bl-v3
ssa,1980,55,64,76.40473168214655,18.73219091847265,4.4764561403508765,0.3876635706914345,9690.0,bl-v3
ssa,1985,15,24,34.506093080336065,42.752199188143116,21.846570187859903,0.8973548569810252,52965.0,bl-v3
ssa,1985,25,34,45.48034803356919,36.72188497613955,16.106766770884757,1.6732154023366794,36462.0,bl-v3
ssa,1985,35,44,58.19980982311939,30.630365848744912,10.015608606309682,1.142539183689915,24819.0,bl-v3
ssa,1985,45,54,65.23247188378632,27.02559512652296,6.89481080131209,0.8328889409559512,17072.0,bl-v3
ssa,1985,55,64,73.07718778158225,21.436818345647865,4.900699225085601,0.5856730942512165,11098.0,bl-v3
ssa,1990,15,24,31.089409620873713,42.85051716630921,24.58623099127574,1.4766754285529986,62011.0,bl-v3
ssa,1990,25,34,38.9721247935834,37.198508846426044,21.555794291106395,2.2729396083982074,42390.0,bl-v3
ssa,1990,35,44,50.92829516982182,33.013843958797324,14.093349109131404,1.964919961024499,28736.0,bl-v3
ssa,1990,45,54,61.42907171253033,28.7779993804533,8.38018276627601,1.4115018844545406,19369.0,bl-v3
ssa,1990,55,64,68.47467755871496,24.286741811326685,6.191533265258032,1.041058047286152,12731.0,bl-v3
ssa,1995,15,24,29.608896264300405,43.99898472323807,24.724643059216426,1.6424165436153624,72463.0,bl-v3
ssa,1995,25,34,33.73722232399096,36.52155054853351,26.605482689137204,3.1368272577395127,49131.0,bl-v3
ssa,1995,35,44,43.04597752674675,35.67097364174287,18.142493275954813,3.139524834140219,33462.0,bl-v3
ssa,1995,45,54,55.20091328289386,31.288280431570932,11.146039306979452,2.3405990061333215,22337.0,bl-v3
ssa,1995,55,64,63.251472519875556,27.249583131697204,7.751690286899411,1.740653301071552,14465.0,bl-v3
ssa,2000,15,24,29.686913872763885,42.28483911858785,26.4078709868499,1.618313233029262,84410.0,bl-v3
ssa,2000,25,34,31.684612733279756,36.80887936422895,27.767964639699976,3.7154353067238146,55995.0,bl-v3
ssa,2000,35,44,39.93606876852025,34.16242638618222,22.42464934995595,3.46687471635655,37459.0,bl-v3
ssa,2000,45,54,52.04949053059947,30.358087728909062,14.83896814838003,2.7417248395680076,25556.0,bl-v3
ssa,2000,55,64,63.19622940854659,25.93244240471704,9.058545985046502,1.7988766640325817,16451.0,bl-v3
ssa,2005,15,24,27.733840755988027,40.76157507900865,29.411167456753162,2.0931723012308714,96192.0,bl-v3
ssa,2005,25,34,30.784232862997843,37.50764946969934,28.484839658354968,3.226251134123831,63926.0,bl-v3
ssa,2005,35,44,36.18735782487478,33.43007056327256,27.01927018825097,3.359286225358368,40531.0,bl-v3
ssa,2005,45,54,45.51259810650054,32.10079083518107,19.359910956252417,3.026210185478478,28413.0,bl-v3
ssa,2005,55,64,58.033564239828706,27.476881156316917,12.431990364025697,2.058874732334047,18680.0,bl-v3
ssa,2010,15,24,23.57003383317713,41.313966354264295,32.970966541705714,2.142664104967198,106700.0,bl-v3
ssa,2010,25,34,29.31549633016484,37.04372812470755,30.031431302557525,3.6104747389670986,74799.0,bl-v3
ssa,2010,35,44,33.31828732482232,34.114980504868214,29.26591448878194,3.3019682285052245,44883.0,bl-v3
ssa,2010,45,54,40.257653729022216,32.80894025788894,23.72252284066611,3.209500421175403,30866.0,bl-v3
ssa,2010,55,64,52.39155261291086,29.069357767793804,16.23431638685268,2.3036467249940884,21145.0,bl-v3
ssa,2015,15,24,16.27364914813494,40.99507353260917,38.50884669907725,4.233143421201396,114983.0,bl-v3
ssa,2015,25,34,20.110908230620947,36.40122448741165,36.132479467258605,7.355908639523337,85595.0,bl-v3
ssa,2015,35,44,28.213300996057274,36.9579414816352,30.104308293560216,4.725915300546448,57828.0,bl-v3
ssa,2015,45,54,33.11616027021995,33.120875289236416,29.08806351232745,4.673414718476555,37599.0,bl-v3
ssa,2015,55,64,43.63299613568055,32.540126234435384,19.56859896951481,4.257556891369686,23290.0,bl-v3
us,1950,15,24,0.8,25.84,61.78,11.58,23467.0,bl-v3
us,1950,25,34,0.8,26.9,55.1,17.1,25015.0,bl-v3
us,1950,35,44,1.2,40.1,43.2,15.5,22245.0,bl-v3
us,1950,45,54,2.3,53.0,31.700000000000003,13.0,17127.0,bl-v3
us,1950,55,64,4.6,60.6,24.8,10.1,14320.0,bl-v3
us,1955,15,24,0.68,21.43,65.32,12.58,22322.0,bl-v3
us,1955,25,34,0.77,23.449999999999996,56.55,19.22,25174.0,bl-v3
us,1955,35,44,1.05,32.95,49.129999999999995,16.88,23542.0,bl-v3
us,1955,45,54,1.96,46.42,37.21,14.410000000000002,19049.0,bl-v3
us,1955,55,64,4.24,57.21,27.19,11.36,15440.0,bl-v3
us,1960,15,24,0.6,17.19,69.41,12.85,25300.0,bl-v3
us,1960,25,34,0.7,18.8,58.3,22.2,23763.0,bl-v3
us,1960,35,44,0.8,25.8,54.7,18.6,24885.0,bl-v3
us,1960,45,54,1.4,39.9,42.8,16.0,21422.0,bl-v3
us,1960,55,64,3.0,53.8,30.3,12.9,16290.0,bl-v3
us,1965,15,24,0.68,10.82,72.58,15.92,31314.0,bl-v3
us,1965,25,34,0.79,12.43,61.12,25.41,23226.0,bl-v3
us,1965,35,44,0.86,17.6,59.82,21.52,25164.0,bl-v3
us,1965,45,54,1.17,25.93,54.66,17.95,22634.0,bl-v3
us,1965,55,64,2.44,37.11,45.6,14.77,17713.0,bl-v3
us,1970,15,24,0.85,6.63,72.9,19.63,36529.0,bl-v3
us,1970,25,34,0.9,7.09,62.11,29.9,26127.0,bl-v3
us,1970,35,44,0.9000000000000001,11.59,63.01,24.5,23864.0,bl-v3
us,1970,45,54,1.0,15.570000000000002,63.42999999999999,20.0,24080.0,bl-v3
us,1970,55,64,1.5,25.95,55.75,16.8,19287.0,bl-v3
us,1975,15,24,1.14,2.74,70.72,25.41,41103.0,bl-v3
us,1975,25,34,0.73,3.79,56.3,39.18,32282.0,bl-v3
us,1975,35,44,0.8,6.700000000000001,61.5,30.800000000000004,23449.0,bl-v3
us,1975,45,54,0.93,9.84,64.42,24.66,24404.0,bl-v3
us,1975,55,64,1.41,15.33,63.68,19.34,20468.0,bl-v3
us,1980,15,24,0.4000000000000001,1.15,76.12,22.38,42979.0,bl-v3
us,1980,25,34,0.5,1.8999999999999997,51.5,46.1,38349.0,bl-v3
us,1980,35,44,0.6,3.2,59.8,36.6,26520.0,bl-v3
us,1980,45,54,0.8,5.7,63.1,30.5,23287.0,bl-v3
us,1980,55,64,0.99,7.84,68.75,22.42,22007.0,bl-v3
us,1985,15,24,0.83,3.04,64.25,31.88,40627.0,bl-v3
us,1985,25,34,0.71,2.53,47.24,49.510000000000005,43060.0,bl-v3
us,1985,35,44,0.78,3.9,47.72,47.59,32592.0,bl-v3
us,1985,45,54,0.99,7.179999999999999,54.43,37.4,23136.0,bl-v3
us,1985,55,64,1.35,12.849999999999998,57.35000000000001,28.449999999999996,22614.0,bl-v3
us,1990,15,24,0.8,6.39,59.53,33.28,37297.0,bl-v3
us,1990,25,34,0.9,3.0,42.6,53.5,44841.0,bl-v3
us,1990,35,44,0.9,3.8,37.8,57.6,38811.0,bl-v3
us,1990,45,54,1.1,6.799999999999999,46.0,46.10000000000001,25999.0,bl-v3
us,1990,55,64,1.4,12.5,51.29999999999999,34.8,21722.0,bl-v3
us,1995,15,24,0.28,1.2,65.16,33.35,36825.0,bl-v3
us,1995,25,34,0.35,2.0,45.81,51.83,42761.0,bl-v3
us,1995,35,44,0.43,2.24,41.79,55.55,43433.0,bl-v3
us,1995,45,54,0.56,2.72,45.58,51.14,31941.0,bl-v3
us,1995,55,64,0.64,4.58,56.4,38.37,21748.0,bl-v3
us,2000,15,24,0.19,1.17,66.66,31.979999999999997,39154.0,bl-v3
us,2000,25,34,0.32,2.88,38.33,58.470000000000006,40335.0,bl-v3
us,2000,35,44,0.33,2.28,41.31,56.08,45606.0,bl-v3
us,2000,45,54,0.42,2.4,39.52,57.65999999999999,38123.0,bl-v3
us,2000,55,64,0.44,3.2400000000000007,46.88,49.45,24605.0,bl-v3
us,2005,15,24,0.09,1.05,66.04,32.82,42458.0,bl-v3
us,2005,25,34,0.34,2.61,38.98,58.07,40155.0,bl-v3
us,2005,35,44,0.35,2.55,40.41,56.7,43878.0,bl-v3
us,2005,45,54,0.38,2.34,40.32,56.96,42758.0,bl-v3
us,2005,55,64,0.5,2.7,42.94,53.85,30307.0,bl-v3
us,2010,15,24,0.14,3.97,57.49,38.41,44736.0,bl-v3
us,2010,25,34,0.2,1.8400000000000003,35.29,62.66,42356.0,bl-v3
us,2010,35,44,0.29,2.42,35.0,62.28,41498.0,bl-v3
us,2010,45,54,0.37,2.47,39.76,57.41,44933.0,bl-v3
us,2010,55,64,0.37,2.2,38.52,58.89999999999999,36203.0,bl-v3
us,2015,15,24,0.13,6.71,56.46,36.7,44498.0,bl-v3
us,2015,25,34,0.18999999999999997,1.47,33.35,64.99,43895.0,bl-v3
us,2015,35,44,0.39,2.64,34.13,62.84,40320.0,bl-v3
us,2015,45,54,0.35,2.27,38.01,59.36,42996.0,bl-v3
us,2015,55,64,0.4699999999999999,2.33,38.84,58.559999999999995,40498.0,bl-v3
