region,year,pop,pop2564,entrants,gdppc,gdp,gross_cur,gross_con,net_cur,net_con,inv_cur,inv_con,tert_stock
us,1925,111732111.0,55936760.69774415,1705729.8366357596,11149.772026621313,1245787565703.1475,3831012386718.9185,20976703052999.266,,,120406922397.90904,659287937941.0311,0.085
us,1930,119629770.0,59890587.9153771,1826297.4377963152,10694.982075282736,1279438245820.1965,3972260140735.0557,22674999348494.613,,,128434367473.33435,733146645889.9319,0.094
us,1935,124448298.0,62302901.128105894,1899858.2691876136,9680.838642745884,1204763892302.3555,3799452109841.998,23960598131014.727,,,123583603306.86398,779358962506.2153,0.10589410589410589
us,1940,129417367.0,64790580.10468568,1975717.2964425613,12005.095163215066,1553667806607.7292,4971672501797.057,25282881407282.312,,,158903454592.9776,808085648487.4146,0.11588411588411587
us,1945,138111665.0,69143230.94344836,2108446.5841511106,16477.551766472516,2275742109591.2104,7398436071157.117,27411758856689.92,,,232855700776.88074,862747783005.8615,0.125
us,1950,154202682.0,77198921.99999999,2354096.0,15240.0,2350048873680.0,7577021875222.7705,30353112806175.918,2417287366022.5522,9683513828270.32,244882820088.52692,980986459435.6877,0.14514514514514512
us,1955,166200023.99999997,80953945.0,2184742.2,17370.0,2886894416879.9995,9262505166806.225,32555045500004.88,2997513910161.1523,10535400517983.363,262656352689.21158,923161645653.4712,0.15984015984015984
us,1960,180274555.0,83561136.0,2217438.6,18057.0,3255217639635.0,10207498542380.414,34511464607971.824,3215815580467.139,10872644765048.842,286103911625.1802,967314859684.721,0.179
us,1965,195653777.0,86748334.99999999,2716585.0,21390.0,4185034290030.0,13088733223733.129,37357387154112.6,4186955775202.133,11950257157641.256,427123697711.5765,1219080950414.2778,0.20340681362725455
us,1970,207796335.99999997,91655746.0,3467952.2,23958.0,4978384617887.999,16070103049507.002,40950363670123.836,5320542915665.199,13557981964880.742,632648861367.9263,1612136578632.65,0.23299999999999998
us,1975,219129298.99999997,100315610.0,3946531.0,25956.0,5687720084843.999,19936931232435.996,46893236407198.61,7427704670182.04,17470547849160.703,774698654505.801,1822152402821.9482,0.29729729729729726
us,1980,229858653.99999997,110114127.00000001,4351365.4,29611.0,6806344603593.999,25916798544989.555,53434031294779.31,10589754980645.746,21833456707918.32,1009875820149.7146,2082114273645.6196,0.35764235764235763
us,1985,241690443.99999997,120991309.99999999,4329574.8,33023.0,7981343532211.999,32568381309303.47,60210094860558.0,14348386516278.258,26526271141215.09,1117861418475.8088,2066622268026.554,0.42799999999999994
us,1990,253373386.0,130803066.0,3859810.2,36982.00000000001,9370254561052.002,40631217522995.73,67074756363702.57,18332012018194.863,30262820430644.793,1133178165267.0564,1870671222415.077,0.5014985014985015
us,1995,268205792.00000003,139550438.0,3726493.8,39390.6254014683,10564793883176.125,46683525357331.8,72353647645895.69,20336832786258.62,31519556896946.312,1158794271292.7903,1795986737450.4778,0.507
us,2000,281484132.00000006,147912422.0,3890280.2,45886.47049828895,12916313318754.477,58881981273142.85,78340695494679.89,25128907986765.3,33433252179014.773,1415709039916.037,1883558066612.0496,0.56
us,2005,295716663.00000006,157128452.00000003,4233770.8,49654.76142510663,14683740350693.66,67861602363249.67,83435884140223.47,28005273777820.28,34432502282127.93,1694567562682.4626,2083471917903.3577,0.5660000000000001
us,2010,311062791.00000006,165661945.00000003,4463825.0,49266.91586220606,15325104352059.99,72102393178457.19,89347821032761.4,29227207368617.625,36217761687817.12,1791383443469.9849,2219845975320.9663,0.6036036036036034
us,2015,326126496.0,172745626.00000003,4574677.6,52808.154135428966,17222138268415.357,80607277402506.5,93188630019694.84,32756072066247.246,37868708372788.41,1972415049514.1138,2280273719910.225,0.603
us,2020,339436158.99999994,178031342.0,4451887.6,54379.20651245575,18458268988055.76,85715831108836.34,96231628687454.17,33991248671162.58,38161366207753.336,1974136239172.8887,2216327405206.1133,0.6089999999999999
us,2025,346434279.99999994,178149784.0,4612361.4,61050.561392568336,21150007279630.203,96539951382769.45,96539951382769.45,40262180677150.56,40262180677150.56,2300270048823.3423,2300270048823.3423,0.6153846153846154
oecd-ex-us,1925,439575682.0,208358061.57084256,7334046.128721352,5176.1003065484765,2275287822351.4556,5173286855505.492,40724099958752.96,,,193003748048.8332,1519324976072.035,0.013683417544877462
oecd-ex-us,1930,459558733.0,217829990.84519967,7667450.872950564,5347.920782879532,2457683699164.486,5696413653009.987,43401443221794.336,,,210971503589.26508,1607409203790.4915,0.01689835987618104
oecd-ex-us,1935,477765166.0,226459806.4681654,7971213.853773226,5334.723987990334,2548745291686.384,6020783748999.66,45986323745643.164,,,221438029171.83725,1691328126638.8594,0.02041687075513602
oecd-ex-us,1940,496054360.0,235128850.65230906,8276357.650269988,6343.814580466837,3146876881672.145,7552574502906.629,48510098393218.85,,,279470457128.71246,1795035503204.1313,0.02336545143068661
oecd-ex-us,1945,510560288.0,242004633.73843122,8518380.01285353,5550.674890828436,2833954170855.735,6910855156003.519,50731022755020.08,,,261831178044.4584,1922043387034.108,0.02697822947556388
oecd-ex-us,1950,530386716.0,251402324.00000006,8849171.6,5993.797745300336,3179030702498.05,7869606261848.641,53498122160303.63,1662356761097.89,11300815075128.094,298940253621.90106,2032216311053.379,0.030272862627534647
oecd-ex-us,1955,557914599.0,267546954.00000003,8913993.4,7368.995004570725,4111269893008.079,10495099134429.729,58031781260399.8,2500982664254.551,13828976463113.541,377983891602.9267,2090030616813.9497,0.03528215901957812
oecd-ex-us,1960,587406806.0,283231668.0,9088829.2,8929.676718425006,5245352879782.594,13665511659634.074,62355932583398.69,3430621127497.905,15653975136352.172,481342771002.38586,2196374210179.7595,0.04083227765620415
oecd-ex-us,1965,617246163.0,297141290.99999994,9073020.4,11143.127776331,6878052863759.032,18206230020045.46,66573368644252.63,4810209301067.834,17589134966625.127,627772995764.6755,2295530871901.1914,0.047520259136422625
oecd-ex-us,1970,646443322.0,308127406.0,10597595.8,13970.021836435595,9030827324357.967,24300653474676.58,70877515509209.75,6759260264206.733,19714678648717.87,944683621745.7306,2755350925906.35,0.06165458665883924
oecd-ex-us,1975,674536939.9999999,325363256.0,10675339.4,16098.12834993465,10858782236892.166,30878669545076.754,78157527538565.61,9501952282179.404,24050553605635.516,1124721896825.681,2846802790387.593,0.0909975652542652
oecd-ex-us,1980,695515052.0,341142484.0,10916900.6,18394.63467112656,12793745289809.594,38508748016107.01,85301339397714.28,12529615624585.428,27754550588573.336,1343195073918.7375,2975332743348.51,0.11605097729958057
oecd-ex-us,1985,712021024.0000001,362537258.00000006,11279652.8,19908.88141360721,14175542130811.176,45680795585922.086,93491992916332.55,15286982361816.361,31286899195851.35,1540395530682.4956,3152630031848.672,0.1345614967552752
oecd-ex-us,1990,729715188.0000002,379696659.0,11355480.8,22798.02782307647,16636067158945.482,57199513014222.414,102231014396426.48,19656640122231.492,35131737202405.27,1839582220193.3562,3287831425929.0337,0.16456406939229887
oecd-ex-us,1995,743421245.9999999,395225135.0,11162676.4,24860.10206187158,18481528050523.74,67759090577531.945,111058621720516.06,24115778797780.03,39526285435217.64,1944488320746.3416,3187058607385.3906,0.19784502638064325
oecd-ex-us,2000,752522744.0000001,407617457.0,10357113.4,28704.49770333192,21600787376853.04,84029611485361.22,119280656887278.97,30706596931323.363,43588242144606.79,2121230176453.2327,3011101972077.297,0.23791290403835086
oecd-ex-us,2005,766731364.9999999,419023271.0,10036692.2,31944.59818713887,24492925372401.508,99741575596499.94,127223228643180.14,36882010363241.74,47044057698117.05,2283531390171.587,2912709513843.6284,0.2791952601185953
oecd-ex-us,2010,780863925.0000001,428070729.0,9621250.4,33964.40668866404,26521579917206.46,111576755413568.19,133855836966223.61,41578475459251.734,49880654906558.97,2431148652322.1216,2916588105109.1343,0.3230952487941045
oecd-ex-us,2015,792551996.0,428015287.99999994,9240156.4,35988.97426669519,28523133389061.91,118637284138756.25,134319586299602.42,43837798544874.13,49632583951820.54,2502285891701.469,2833055461582.963,0.3167117844417397
oecd-ex-us,2020,803430215.9999999,427631314.0,9013273.2,36446.312522691216,29282068742509.305,121548285111501.52,135888548332366.97,42956990769396.66,48025055318759.42,2482982313414.63,2775924496140.251,0.3361263575507752
oecd-ex-us,2025,805784143.0000001,423262804.0,8776223.6,40746.2474376583,32832680072019.44,135729862460413.56,135729862460413.56,48561855005184.33,48561855005184.33,2724182015738.204,2724182015738.204,0.3532051581986607
china,1925,478391730.0,201298622.625934,8090342.713245774,1959.0,937169399070.0,1461709828674.421,17554344868285.883,,,61046851465.003975,733139685262.6613,7.7485639841298e-05
china,1930,488146934.0,205403436.74685326,8255318.273332538,1021.3282255760664,498558241922.6172,782586421928.1445,18027058544381.273,,,32797336642.41381,755494206372.5983,0.00015056695230676
china,1935,502700411.0,211527277.71400002,8501440.037601624,1018.7891084900024,512145703560.2478,812148332829.2429,18754649779320.168,,,42964964507.88938,992174495167.9995,0.001223714937096759
china,1940,519252214.0,218491978.26573366,8781356.579620712,1992.0,1034350410288.0,1654171059466.1387,19536599753738.254,,,87615270436.67941,1034780811235.6718,0.0013382426315977044
china,1945,533085586.0,224312812.02026397,9015300.256614916,1405.715013520712,749366411731.6868,1212005676410.6594,20284544764555.246,,,64097461595.861305,1072757210911.8336,0.0014396584725896286
china,1950,553815884.0000001,233035748.00000003,9365881.6,819.430027041424,453813364802.0902,750774646745.6682,21555376807796.367,74166303644.81197,2129377474898.8442,38990834318.85732,1119459919746.1208,0.002563291781918026
china,1955,615324781.0,246721552.0,10367209.6,1142.7691557098683,703174180470.7296,1154028022380.3677,23758320661241.164,151201912427.85062,3112839073564.3296,62753409129.901566,1291923235641.2002,0.004656215481015297
china,1960,669116487.0,264405678.0,10571721.8,1092.450211893074,730976448004.2993,1229917859275.243,26486974260605.95,37957857301.92886,817443849409.9044,61882902448.472115,1332683180395.5933,0.006738022547102968
china,1965,740661588.9999998,283140003.99999994,10780892.6,1310.4882446243032,970628305629.2568,1657348409015.137,29753535662799.1,318341646057.5648,5715026163120.672,78250144794.89597,1404785174384.4565,0.00978103903017398
china,1970,842122026.0,304859981.0,13701594.8,1479.8274384694073,1246195280614.2476,2095264636088.766,33310849043752.05,471075325474.93884,7489230135828.661,114477555961.64648,1819982316245.4836,0.011749407777483753
china,1975,937144386.0,340295014.99999994,18595122.4,1706.9406360583494,1599649834317.3513,2827990812423.1484,38977813352176.56,744790339934.5409,10265344119558.223,192820638836.2339,2657620681789.402,0.012002525971658998
china,1980,1006458646.0000001,399112153.99999994,17970218.6,2117.3565960863075,2131031852796.194,4299503818170.0557,47772968449792.86,1363355443362.4885,15148616988397.2,231875184412.03156,2576428894513.834,0.012921556666480344
china,1985,1085063909.0,452309833.00000006,22051266.4,2853.4494535845874,3096175018240.4067,6820884927113.803,56237814369549.5,2260773939620.5923,18639954566965.06,379907181663.25616,3132313444419.505,0.017349436549021637
china,1990,1180089353.0,521512397.0,26094816.0,3327.779536606213,3927077200280.2656,9481730662387.951,67033355997976.67,3369047969564.442,23818288027725.605,558776364145.5784,3950402756071.5615,0.024808932918646092
china,1995,1248244222.0,606823201.0,24936714.4,4437.616451211613,5539229094677.041,15485118451644.803,82096125993089.81,5881383851198.369,31180828946802.082,738666518964.5161,3916125007190.161,0.03435508197732256
china,2000,1299056019.0,682140570.0,19799227.8,5253.963873927801,6825193394034.467,21521744285746.746,96371424748518.36,8134721024134.886,36426167164656.64,726339856533.9408,3252450447158.612,0.03600000000000001
china,2005,1340255964.9999998,728116263.0,21583147.8,7209.540174052913,9662629223181.553,32916328988765.625,107414206129232.88,11920238679670.92,38898717262329.89,1129888416487.8647,3687108222581.03,0.0625
china,2010,1382449984.9999998,779504878.0,25153421.4,10299.082722022617,14237966754573.924,52408503477633.58,119718456002047.61,18585238551593.516,42454867362813.95,1957576179606.8484,4471755195775.361,0.08900000000000001
china,2015,1427652015.9999998,835781963.0,20376762.0,13986.473601947611,19967817234551.285,78774334128326.23,132505652718492.02,28261405097287.89,47538274624542.57,2259310752867.216,3800367839541.3804,0.12199999999999997
china,2020,1457942858.0000005,846174835.0,17030907.2,17894.76455060926,26089544172152.36,105248905718688.25,138372406972960.67,37016239348780.3,48665837433675.75,2536646314326.7427,3334969173842.498,0.155
china,2025,1444023814.0,841674094.0,16067127.0,23526.530999766437,33972871024471.965,138559910918470.39,138559910918470.39,45538458630692.28,45538458630692.28,3206430913353.4673,3206430913353.4673,0.15499999999999997
india,1925,386681582.0,150524368.0907359,6984408.168614837,1126.1786389268757,435472537714.8511,660301009217.8071,4668713508073.247,,,31489749793.65681,222650909471.80023,0.0029734571783407294
india,1930,404593262.0,157496886.14938882,7307936.595954351,1171.329765248884,473912130599.74023,727019659580.8715,4942304787745.781,,,34485627453.56158,234434488017.0268,0.003973247958501809
india,1935,432883016.0,168509299.31442127,7818918.235948014,1096.9204086254458,474838214797.7354,734827663814.8365,5334244645650.173,,,34782236237.26027,252490436259.75543,0.0049542656846585575
india,1940,459914817.0,179032026.41932777,8307178.190663857,1107.0652984979663,509155734165.74255,793702663297.9364,5708830502742.599,,,37474161969.96132,269538769127.86224,0.005939707559754348
india,1945,458021156.0,178294876.94370812,8272974.075514181,1069.496583143508,489852061349.4396,769564362479.5598,5729650025676.347,,,36408230831.43329,271070791331.88535,0.006943418837791471
india,1950,447563199.99999994,174223886.0,8084078.0,993.5496662583924,444676267989.5381,701841613602.3112,5624864721360.735,54310104076.443855,435264855363.9609,33212099311.60048,266176245636.53476,0.006920619153452009
india,1955,500051292.00000006,193229523.00000003,8833147.6,1063.7645313014532,531936828261.06616,838789273821.625,6278702585460.798,84399124109.42084,631764157333.679,39924682649.39206,298853616752.0756,0.007917826170745811
india,1960,562663672.9999999,214896008.0,9567253.6,1166.6122020900386,656410306594.5992,1018977206742.9163,6955053962863.966,113579358022.50182,775238699047.022,47751649080.7323,325930054150.88544,0.005958698171886295
india,1965,634743368.0,236995908.0,10190542.8,1217.5621765230749,772839516675.6671,1194786112642.784,7813786970602.719,144566717349.8612,945452512761.908,56234027708.57482,367765165969.2046,0.0098861392045063
india,1970,711535070.0,258617185.00000003,11494563.6,1370.6684270342894,975278655176.6329,1481626416000.58,8607337899785.819,196498462341.3011,1141535169658.6213,75415708599.04565,438118867113.6077,0.012009869914450778
india,1975,799327648.9999999,284486973.0,14147444.4,1390.827993072243,1111727269865.8242,1701796192452.4832,9743089086946.309,274315294672.46335,1570504368125.3647,97243383318.20291,556735848268.6074,0.016934067310185465
india,1980,901830106.0,324521979.99999994,16461887.6,1476.7866580086989,1331810668331.3706,2140434803130.7986,11541089073162.732,434766405270.519,2344232957671.2676,125138782513.61542,674740400120.7131,0.02666783340866727
india,1985,1016278171.0000001,372483004.0,18405168.8,1706.1381486635155,1733910957197.0837,2963706262593.984,13831953273316.664,671944236078.2944,3136039962197.3994,168588701142.92868,786822589691.1703,0.03477899112533404
india,1990,1141498260.9999998,427543370.00000006,20295664.2,2025.6633743292316,2312291219168.2095,4203771143173.0254,16524728695363.934,1051673709404.0632,4134055383146.2124,232569492447.1582,914214317244.4337,0.046043939367838425
india,1995,1275163650.9999995,488594576.0,22855852.8,2293.008872724773,2923961565919.1147,5646239117127.191,19607222641442.414,1488255320864.5144,5168139857022.0205,304683307102.2388,1058048253635.4462,0.06257700631671684
india,2000,1412194941.0,557625377.0,25694595.8,2659.194372138157,3755300839469.177,7816659313068.719,23406347574619.867,2249640150584.251,6736363601565.635,418066211602.38403,1251865108360.2559,0.08831900638692958
india,2005,1546744179.0000002,632510105.9999999,28962699.2,3280.3238482367,5073821817494.996,11258312468661.678,27328709604060.227,3333552331334.4336,8091948404040.55,606540621768.8654,1472331893570.0056,0.09230759480515245
india,2010,1672490154.0,717629976.0,31537223.4,4279.924866359605,7158132198846.206,17167849748333.904,31940543931864.406,5379652584622.991,10008768263713.06,857883543197.2048,1596080313003.2654,0.09731864095500461
india,2015,1789252695.9999998,805233144.0,33119630.4,5450.692243351361,9752665791482.709,24945445570614.03,36441995743496.31,8195446445958.506,11972463015513.11,1177153261715.8635,1719665180221.3684,0.09284733185404752
india,2020,1895786947.9999995,887226377.0000001,34630966.0,6224.2382655032425,11799829664983.203,32049692517463.05,41001543604856.56,9807941268711.268,12547413095580.277,1436909176168.0679,1838254585774.0144,0.07297272336640048
india,2025,1986859344.0,969005757.9999999,35751172.4,7962.740251283043,15820844872106.623,46219583485324.125,46219583485324.125,14704546582035.88,14704546582035.88,1940221872850.7585,1940221872850.7585,0.07736962188521998
latam,1925,98103373.0,35685185.9232972,1784740.7434781282,2576.7066723676708,252783615790.8744,391856257614.1778,2159659417401.3184,,,19871499112.965034,109518909965.8368,0.008412262909689312
latam,1930,109927060.0,39986062.192799896,1999842.5823010677,2687.601453505929,295440126235.6335,464894569899.33374,2456479076305.3936,,,23713657634.397663,125301751350.16351,0.009547396109449718
latam,1935,117998886.0,42922195.8112689,2146688.876122852,2708.0484895344343,319546704999.0459,509768803083.6735,2673254339699.861,,,26059400035.00577,136656860545.6998,0.010769520253511064
latam,1940,132024936.0,48024183.507649764,2401857.094498599,2984.415218025072,394017228157.1862,634642717090.8274,3019906645458.1387,,,32481804102.06915,154562580523.9793,0.011313254425954386
latam,1945,145967473.0,53095793.27877813,2655506.0067674085,3162.998768697224,461694937368.8453,751106421930.399,3372297770243.98,,,38581007281.488785,173219987248.60815,0.012206225274991395
latam,1950,167782258.00000003,61030939.99999999,3052370.4,3678.345900154525,617161180832.9689,1009880328334.4966,3898888442804.31,160504078660.97528,619665003621.057,52813399273.21029,203898963346.60117,0.012477726033632739
latam,1955,191408190.0,69336558.0,3316258.4000000004,4142.642808671353,792935761824.3,1307956997965.1353,4483729872451.711,246521814070.90173,845086821417.1619,66551906651.02482,228142647184.9282,0.014142665215624725
latam,1960,219267968.99999997,78158842.0,3635177.8,4698.252237604137,1030176225989.1644,1698358199439.0745,5133533802614.218,358435663761.41205,1083423742170.1692,85683153041.78252,258989748216.7376,0.016547060550095728
latam,1965,251412710.00000003,87769078.00000001,4148980.4,5296.234806955647,1331540745613.0464,2195482273099.6702,5886893332765.608,509137615918.0466,1365184712867.8945,114368153061.06259,306662971496.1586,0.02080523679890883
latam,1970,285741023.99999994,98651809.00000001,4931636.4,6193.177484671918,1769644876283.8977,2961185291248.7,6790089836857.065,737044515855.3062,1690065964872.4536,164416486918.5329,377012110703.3116,0.026896635199221114
latam,1975,321910320.00000006,112033566.99999999,5866706.0,7398.275239630482,2381581149837.526,4134851081011.9863,7936935507564.794,1124857513583.1323,2159188170405.3875,241209669338.24908,463007143867.9612,0.04330180352725754
latam,1980,360493240.0,128773989.0,6792803.6,8611.506987434303,3104390055182.831,5722655814889.672,9437173316702.115,1771023914415.398,2920577467698.8047,334728539845.3572,551997419860.2344,0.059749864110002084
latam,1985,400865415.0,149955408.0,7712081.2,8035.39882290133,3221113483832.853,6429314227745.323,11362677434773.256,2121332749431.77,3749080992121.1226,363933078877.8747,643187443738.2045,0.07274346841404522
latam,1990,441884738.9999999,173659678.99999994,8254392.0,8054.830213399633,3559306546537.41,7716546262264.393,13604733434925.969,2672335694932.141,4711487956209.149,398089718381.6245,701856026996.3926,0.0888321903180335
latam,1995,482311124.0,198298928.0,8925770.2,9063.72296056018,4371534408732.388,10276025727051.547,16100598620407.934,3672243596188.1196,5753714689808.671,502536864832.36127,787380702183.7421,0.10526653893056562
latam,2000,521323409.9999999,224183726.0,9606953.8,10132.749563786065,5282439555268.963,13433789846838.887,18827588779231.473,4964451196097.651,6957727246022.433,622850763892.7251,872931480029.2083,0.11828947207534682
latam,2005,556212233.0000001,250993604.99999997,10203061.0,11286.042111656552,6277434684656.527,17431962636316.887,21934517370748.773,6518664752683.326,8202390530251.304,753943900900.3309,948682367894.4337,0.13392054048287952
latam,2010,588907904.0,278588434.0,10548073.4,13356.441901831062,7865714205305.1045,23665777644328.633,25162481197135.156,8819896398307.617,9377696377379.756,941581867735.0931,1001130679013.4346,0.15469169208063266
latam,2015,620042668.9999999,304817349.00000006,10739800.0,14328.67732126639,8884391329517.781,28162392223103.72,27911739498185.69,10543034531596.373,10449198741180.764,1055401614643.2406,1046008261674.5892,0.15342975842330053
latam,2020,646729443.9999999,327775027.0,10751872.2,12865.496159741226,8320495178173.576,27700124055083.117,30575856931372.242,9625439595584.447,10624720069517.12,973411909326.3511,1074468230383.0609,0.160870557331966
latam,2025,665964336.0,346997306.00000006,10554225.8,14201.148310712375,9457458305181.088,32953919154064.035,32953919154064.035,11879217568124.217,11879217568124.217,1078759965332.9414,1078759965332.9414,0.17410755287094162
seasia,1925,119912036.0,44153782.07993984,2203474.131804797,1618.2516564633393,194047850886.89157,274654776300.87762,2166572196278.8013,,,14716717450.486692,116090574786.82428,0.0019659071706767265
seasia,1930,127265593.0,46861494.86775721,2338601.2897345657,1875.9407969119288,238742717951.8892,341079167072.0071,2320962562793.317,,,18378498746.590866,125061310303.29391,0.0025440012285922915
seasia,1935,136943128.0,50424938.41950368,2516433.2967912676,1640.451844475959,224648606915.90735,324792515112.5117,2527403578160.9233,,,17489823482.09459,136098710386.64821,0.0032875514855947537
seasia,1940,148428142.0,54653928.45467462,2727479.094165736,1890.7022563410965,280633422983.9167,409040659407.21423,2761693051395.3696,,,22104297972.669453,149240142057.17697,0.003916920359835689
seasia,1945,161885184.0,59609054.893430084,2974762.3938806257,1439.25,232993251072.0,344794865117.459,3058134774326.3037,,,18886789285.26342,167515102259.31396,0.0045857440690956035
seasia,1950,178941800.99999997,65889610.0,3288190.6000000006,1264.5905018794583,226288101933.8041,339424088015.22174,3426295485953.167,39414051229.39765,397862705030.9873,18812133883.174004,189897923220.3907,0.0052509784916720545
seasia,1955,200832651.99999997,74266317.00000001,3721523.2,1488.7474065451177,298989089814.57806,462932213580.3206,3969432805129.9653,83073483354.29068,712317268899.0803,25855795842.175823,221701668641.53314,0.009976977800423247
seasia,1960,230907972.00000003,84956345.0,4113374.0,1618.448373238,373712631651.0857,582515999028.269,4594529849473.976,120353451422.32559,949274399277.4968,32439769614.97048,255865057877.67676,0.010595432741218828
seasia,1965,264515984.00000006,95916085.0,4284951.0,1730.7812062855896,457819293869.33984,726381299443.4991,5357405928507.82,145990511187.35287,1076749127132.2972,37654902498.92171,277722730526.8735,0.013795631734358589
seasia,1970,300710145.9999999,106088079.00000001,4779391.0,1979.2185357314688,595171094845.716,952957210729.8829,6146271222800.063,232593577046.82388,1500154669186.1284,49243826506.01085,317607034551.5698,0.0195188893056284
seasia,1975,338674665.0000001,117600873.0,5820911.8,2356.652591980337,798138527110.3226,1298368011736.4937,7032897884677.266,337749976679.34033,1829497550052.0974,74114300571.20338,401456523111.98315,0.02466015385264767
seasia,1980,378135525.99999994,133536525.0,7169331.8,2944.6476512822405,1113475888502.2744,1915354060987.0212,8303244012615.449,565187857360.3872,2450143703567.9155,115374608930.83806,500160022799.7331,0.03487554942186916
seasia,1985,423845457.00000006,156660174.0,8317653.0,3137.7784551705904,1329933143296.5332,2455875555680.4854,9991165422698.066,805360191852.5189,3276422896527.7554,148702747761.48407,604962962499.5648,0.04538869386362121
seasia,1990,469583535.00000006,184123955.0,9241115.4,3888.306375660278,1825884653045.5916,3636080954368.9116,11937273280229.879,1261005313299.2007,4139887208668.347,203793919964.25977,669056532566.9155,0.05862587543124584
seasia,1995,516419515.99999994,214820843.99999997,9865343.4,5047.640345023048,2606699983918.8755,5731118406938.071,14493826163493.674,2043279017258.2993,5167391210030.531,287601802285.05945,727336312155.2013,0.0652542395189345
seasia,2000,561607694.9999998,245965659.99999997,10419361.6,5269.3301198494455,2959296342802.7197,7016487852479.799,16997945790541.361,2517427939052.899,6098649999727.719,343223217989.2951,831482898010.76,0.07476298692299305
seasia,2005,600638390.0000001,275210739.0,11300872.0,6421.387748034613,3856931998545.2363,10108667735999.885,20095420423699.484,3728636027026.4985,7412303038036.158,474263456996.7782,942807084855.1519,0.09954758094184167
seasia,2010,642199617.0000001,309490796.99999994,11442785.0,7984.731927407779,5127791785628.948,14984207146631.06,23955514238347.67,5532554917072.018,8844992383875.137,609120748182.0803,973812001740.0802,0.1228718221795886
seasia,2015,682980290.0000001,340697605.00000006,11865363.0,9736.745844914658,6650005500816.109,20655332443325.875,27080110067703.324,7564298417476.212,9917150173799.22,797924620930.4065,1046116619996.9719,0.1251733010204848
seasia,2020,717680944.0,368582861.0,11605255.4,10912.10960111754,7831413119561.499,25699198119027.363,30063734189554.6,9006848842404.69,10536496439671.803,905072958402.4785,1058782951808.1372,0.13843506025053906
seasia,2025,742436859.0,388690023.0,11536600.2,12765.330691481528,9477452022679.844,32591029562899.332,32591029562899.332,11537246441795.188,11537246441795.188,1087509202123.8179,1087509202123.8179,0.1603453888185625
russia,1925,139115516.0,60039302.95619348,3147268.3085077615,3310.834623352411,460588467018.3363,837932626544.7125,5137095712851.686,,,49250047158.049805,301936215512.50183,0.006993006993006993
russia,1930,145641301.0,62855693.20443856,3294903.8628238975,3310.834623352411,482194261940.89014,908094452756.6974,5567235326970.411,,,55800161826.255196,342092864048.16943,0.01
russia,1935,152473209.0,65804199.639772795,3449464.965375828,3310.834623352411,504813579490.84845,988622995264.3511,6060929947961.74,,,63629643596.96549,390092901239.7276,0.015000000000000003
russia,1940,159625598.0,68891018.87014207,3611276.443182656,3310.834623352411,528493956631.7334,1076460987519.968,6599436456894.954,,,69536681168.98708,426307050713.7925,0.021000000000000008
russia,1945,167113504.0,72122640.11389679,3780678.461940112,3310.834623352411,553285175072.9417,1184951356299.8118,7264556050868.531,,,74107933109.07014,454331927654.7939,0.028999999999999998
russia,1950,175947189.00000006,75935071.0,3980526.6,3310.834623352411,582532045222.7307,1304485925861.0813,7997384091426.996,312212706993.2462,1914075795337.5154,80147005662.27191,491355541176.7787,0.03496503496503497
russia,1955,190357043.0,88279050.0,3357738.8,4312.620959531007,820937773436.1453,2065671692471.7073,9722233640365.93,625931862597.8073,2945993709118.255,90352218927.67943,425249271479.971,0.04195804195804196
russia,1960,207552813.00000003,96583708.0,4225792.6,5557.0,1153370981841.0002,2976788241626.6445,10873105190396.994,977091015607.243,3568951679103.6396,159561389567.6525,582818673103.5192,0.046
russia,1965,223269119.99999997,108821909.0,2526377.4,7068.0,1578066140159.9998,4454677204794.16,12792803927758.408,1580005075689.6611,4537409605438.493,120592982016.5011,346315188077.04034,0.05600000000000001
russia,1970,235089655.0,110580402.99999999,3524331.0,9234.0,2170817874270.0,6143432535400.1875,13504150456393.506,1996985816436.1023,4389662744571.876,228767227734.70898,502863349604.65344,0.07200000000000001
russia,1975,246160612.00000003,115675771.0,4286529.0,11164.0,2748137072368.0005,8176737728541.914,14866416121332.863,2721112133535.177,4947350230977.197,349657101478.62384,635723945530.9363,0.11311311311311315
russia,1980,258067049.00000003,122573145.0,4809126.0,10582.093765969048,2730889710424.929,8725481368138.996,16736468901924.139,3044678063735.8164,5840039945091.699,395437844930.6227,758494908772.7898,0.174
russia,1985,270195986.0000002,134242565.0,4649369.2,10986.875236584609,2968609587607.9634,10581921830177.453,19549533611970.9,3892834745808.2085,7191803618506.747,381883809164.9951,705509876461.9542,0.26
russia,1990,283140993.0,142898837.0,4021985.8,10871.64989589697,3078209747072.6147,11893066729479.164,22204676087521.496,4653567150897.432,8688335278661.379,326375384809.2915,609351638855.8827,0.378
russia,1995,285022774.00000006,141407358.0,4146525.2,6838.792864008271,1949211712911.0425,7760892212816.146,23034471204816.016,2830297892505.3516,8400376337955.774,216847176223.7496,643606417870.7533,0.44999999999999996
russia,2000,282310216.0,143417411.00000003,4385142.4,8103.123169820875,2287594452346.736,9863545581937.242,24707378044107.273,3667757600790.2065,9187433957097.729,283020566259.6504,708943459199.9015,0.5685685685685684
russia,2005,281018087.0000001,144277294.99999997,4825269.8,12339.199934141616,3467538360603.0044,15389292716401.117,25314986722168.13,5743335154573.876,9447637123962.646,484245406493.3439,796571113536.9626,0.6136136136136137
russia,2010,283417651.99999994,153477438.0,5103995.4,16297.764926861955,4619074268419.166,22068135183324.11,27484233596128.293,8516780982318.445,10607022118569.61,671143002561.4192,835859074886.566,0.6720000000000002
russia,2015,290027584.00000006,161876045.0,4121971.0,17906.427891485884,5193358019437.866,24628693333082.49,27917624254442.395,10064131447687.111,11408101778036.178,593002336176.338,672192234459.298,0.5669089154761543
russia,2020,296771538.0,163108294.0,3374551.2,18832.805288485048,5589040590318.241,26208204513025.637,28246737733792.887,10337951213790.55,11142060361119.174,513747871818.88086,553708339285.5001,0.5837715122243043
russia,2025,295031357.99999994,155782731.0,3336781.6,20297.66333329072,5988447177447.566,27074331070092.945,27074331070092.945,10899464966835.836,10899464966835.836,553835273550.4427,553835273550.4427,0.5995959903796679
mena,1925,68429079.0,25662164.454246465,1228055.8542679418,1199.0,82046465721.0,116555432388.02428,1992477409039.079,,,5660645662.201891,96766906281.67732,0.0026247972753811214
mena,1930,73508446.0,27567020.594097074,1319212.2233362058,1600.0,117613513600.0,167797282299.09998,2149537416594.4937,,,8079271199.063331,103498075196.74017,0.0032888712219143685
mena,1935,79277354.0,29730467.303900346,1422743.3733336092,1739.0,137863318606.0,197544298637.3478,2328332429961.9624,,,9557821035.85646,112652123250.64757,0.0040780282039951776
mena,1940,85647859.0,32119523.9645431,1537071.0257617997,2146.0,183800305414.0,264404759586.89572,2525338619337.802,,,12892638876.090345,123138021077.36526,0.0048838135953660055
mena,1945,93242772.0,34967756.16743004,1673372.3980527478,1452.0,135388504944.0,195739138083.2103,2763065145682.8867,,,9644317863.922705,136139756231.90607,0.00571087700985726
mena,1950,100532410.99999997,37701505.00000001,1804195.2,2259.9126422787745,227194466577.66565,330697890188.8472,2999299546148.149,17368915338.6136,157529217566.04025,16488543725.266314,149544593960.34882,0.007236855384417459
mena,1955,114055115.00000001,42337267.99999999,1996922.4,2582.49114267505,294546324264.2843,428219845274.5547,3398662337173.7617,29197960830.024506,231736130145.14725,21442141503.47185,170180339749.2621,0.007763994385040059
mena,1960,130095771.99999999,47284732.0,2096167.2,3032.5445330289854,394521222148.7853,568658151306.7333,3843475799716.2256,51878650616.66984,350640077362.6664,27607145849.682236,186592589464.62503,0.00982228540458669
mena,1965,148661264.00000003,52307696.0,2257134.8,3616.35396535138,537611751560.54846,762757687310.0896,4323104467512.6597,86385829602.46112,489611539938.9786,37251065512.34809,211128973742.5745,0.012090794593291904
mena,1970,170517463.00000003,57736467.00000001,2746208.2,4652.121220159722,793267908030.1003,1103505301841.1882,4861871439396.401,147181568622.88046,648458927835.8779,61270530745.00287,269948357301.7391,0.015447830568271398
mena,1975,195600906.0,65557850.00000001,3396714.6,6044.431878998237,1182296351787.3376,1672508955119.6094,5671435974544.648,274110838751.34064,929502988398.5189,105007305136.87357,356077141542.5167,0.02067772570907133
mena,1980,226362267.0,76566336.99999999,4014704.6,6553.571443440227,1483481288883.592,2223602028008.3403,6954390806847.076,472097073726.1648,1476499620033.775,144310373158.16983,451335589634.6047,0.030628944951179692
mena,1985,265637364.0,91685782.0,4831848.4,6416.527892903901,1704469555503.4666,2781759877471.097,8885863173641.572,706728514854.3333,2257525149732.0405,175613213424.9812,560966817666.7097,0.05917815946297726
mena,1990,305840085.9999999,108818927.0,5551527.8,6220.922715635519,1902607538349.32,3346360046848.4976,11025490762334.684,936748229298.3735,3086371102980.7744,202670935933.61786,667754366131.1215,0.06547749159094314
mena,1995,342195947.00000006,126909000.00000001,6193313.2,7475.176067366056,2557974953364.0635,4907619389789.347,13456419468036.021,1472321032995.668,4037022400885.9473,283648343402.8711,777747984732.4503,0.07626686555417192
mena,2000,378374007.0,148114502.0,7347687.0,9388.508471394372,3552367570074.9336,7501847018974.112,16377653191681.021,2310336938170.579,5043810815334.691,437090091877.6888,954232993579.7218,0.0841535752179349
mena,2005,418128389.99999994,175405303.0,8686483.6,12492.246763335286,5223363026636.094,12333058634501.127,20235330923935.816,3976321118685.849,6524105340045.478,715866640884.1637,1174550353241.171,0.0981032538233121
mena,2010,463648676.9999999,210576670.0,9378168.0,16369.16001452312,7589539384334.943,20323468358196.08,25447873710992.746,6819087154554.129,8538467237722.465,1017675568401.7207,1274274591669.571,0.12913402444175714
mena,2015,514427555.00000006,246421800.00000006,9153240.0,18194.59555702356,9359801306613.494,27387103717974.543,30852031748073.637,9616801257006.12,10833487934736.973,1141280400356.8582,1285671515610.2698,0.14464812583102646
mena,2020,557912415.9999999,272552923.0,8956414.2,17987.10151767367,10035227264562.582,30748212637345.387,35037955704077.676,9506558220822.27,10832836684459.824,1143021860302.7168,1302487067538.9167,0.1577936644555635
mena,2025,601648541.0000001,300372730.00000006,9410956.2,20496.517103421746,12331699610855.242,39675576850635.65,39675576850635.65,12488158987771.533,12488158987771.533,1432932662390.2043,1432932662390.2043,0.17773321253463265
ssa,1925,130607546.0,46684776.24017218,2297135.736504016,1326.6231112818605,173266989031.40872,237079518729.17612,624973805684.4991,,,12263176060.021729,32327397377.442192,0.0022309797037112456
ssa,1930,139321042.0,49799355.93704233,2450389.3858106555,1326.6231112818605,184826514205.07077,255435827086.87482,673363527218.1179,,,13238362960.628344,34898122473.362434,0.003034201813413621
ssa,1935,147800786.0,52830382.57629902,2599531.7866548267,1326.6231112818605,196075938573.22446,274336312791.2744,723187774134.4349,,,14189912883.786303,37406537286.93459,0.004224038405920744
ssa,1940,157523817.0,56305813.67130832,2770541.2165176035,1326.6231112818605,208974736209.53442,295798337296.1558,779764585174.0763,,,15210003711.438574,40095635232.29513,0.005325684025852557
ssa,1945,169267835.0,60503632.78116706,2977095.923838622,1326.6231112818605,224554621907.6446,321749197129.8696,848174575703.8282,,,16652355759.249147,43897871095.135475,0.006484760389630009
ssa,1950,183921015.0,65741311.99999999,3234817.2,1326.6231112818605,243993869149.41772,355683657281.9481,937630420809.201,49897907586.1479,131537660304.7345,18253278187.49226,48118120013.92845,0.008234225798938006
ssa,1955,204070414.00000003,72906986.0,3563182.8,1488.1326681855926,303683849683.55853,447339971257.55115,1051263030961.574,69540024613.62134,163421249487.1573,22852158498.45372,53703292687.13483,0.009134692976477876
ssa,1960,228185152.99999994,80850589.0,3911962.0,1578.2006747554335,360121962433.7717,529703565368.4023,1173778117165.4685,94675665513.12167,209793234693.6184,27368700347.541687,60646715754.80335,0.009342449512439139
ssa,1965,258370028.00000006,90053812.0,4406709.8,1761.9371477609852,455231750201.246,668245452251.3169,1326358536943.176,130539433871.13708,259099544844.48282,35557774995.92312,70576400126.11742,0.010547796908478981
ssa,1970,294729045.00000006,100873868.0,4972200.4,1968.3626905939352,580133656012.3811,849284862510.678,1508910900927.0498,179929631108.13678,319678112448.9155,45975179260.98654,81683369410.23204,0.011468006500919592
ssa,1975,338250788.0,113373867.00000001,5655526.2,2030.268016051404,686739756280.584,998669735135.5435,1720219446779.1306,226191042709.1227,389616523527.3421,55258033101.073975,95182561148.0366,0.010366239916187223
ssa,1980,390885938.0,128239386.00000001,6635958.4,2036.6299312713477,796090001043.8762,1152280130825.7861,1978614960286.9238,286572816973.3006,492082825786.9759,66599399046.9656,114359836445.3339,0.009662891703486208
ssa,1985,453345938.0000001,147142827.99999997,7815344.0,1827.6801813048703,828571386157.6667,1221194597247.6267,2336684129996.7964,324103065163.0165,620152177676.374,72651220604.80154,139013843162.0595,0.014071574623900508
ssa,1990,522677790.00000006,169358958.99999997,9118604.6,1812.681322317059,947448267522.9583,1452520846953.8303,2802310484332.663,408910364722.03754,788900073011.6764,84906247371.79048,163807402623.03036,0.02263596683904592
ssa,1995,597894940.0000001,193903433.00000003,10618938.0,1784.4680063286607,1066924391575.7944,1708919023682.614,3349099541142.818,511881209706.65137,1003172824920.5615,98492525538.28459,193023348394.49298,0.034679275303908415
ssa,2000,682830041.0000001,221361963.99999997,12368808.2,2009.1904885117976,1371935623647.321,2237777101413.3013,3895032172423.0635,693748923831.3932,1207526154504.1973,132035304752.97852,229818134962.47363,0.03939039202276044
ssa,2005,781525035.9999999,256293523.0,14376592.4,2506.6392020383814,1959001292612.0571,3296269075473.3013,4598817400145.104,1093586594725.7793,1525726494178.336,193743333863.76334,270302634443.4161,0.03741160087425008
ssa,2010,896691683.0000002,299059422.0,16420685.2,3204.651975414464,2873584773263.671,5030936141894.713,5490138113372.241,1796188131782.531,1960136372824.6926,292788680722.9596,319513158160.60254,0.03939967252623332
ssa,2015,1027430782.0,350926677.0,18611926.0,3523.814701198594,3620475694075.568,6486646555677.21,6437578070769.232,2555957711774.16,2536623072322.3076,378637225075.2701,375773009366.1616,0.03241164096204126
ssa,2020,1171310951.9999993,411170639.0,21366232.6,3335.9871695138195,3907478307383.0146,7336817360091.556,7691280913965.59,2819239108657.8916,2955444968042.003,426087528855.1995,446673089640.85516,0.03473612916274274
ssa,2025,1321609792.9999998,479334884.00000006,24764607.2,3497.158670690358,4621879146859.238,9174524634913.377,9174524634913.377,3624707376098.937,3624707376098.937,535689573822.00946,535689573822.00946,0.04117284702995909
