region,year,gdppc,pop,gdp
china,1900,972.0,400000.0,388800000.0
china,1901,1079.0,2877.0,3104283.0
china,1902,1079.0,2949.0,3181971.0
china,1903,1278.0,2974.0,3800772.0
china,1904,1218.0,3023.0,3682014.0
china,1905,985.0,3101.0,3054485.0
china,1906,1038.0,3135.0,3254130.0
china,1907,1149.0,3164.0,3635436.0
china,1908,1186.0,3191.0,3784526.0
china,1909,1323.0,3227.0,4269321.0
china,1910,1345.0,3276.0,4406220.0
china,1911,907.7395958766331,431007.0,391242120.0
china,1912,1183.0,3411.0,4035213.0
china,1913,988.6828829196511,441039.0,436047710.0
china,1914,1240.0,3529.0,4375960.0
china,1915,1291.0,3545.0,4576595.0
china,1916,1392.0,3569.0,4968048.0
china,1917,1561.0,3616.0,5644576.0
china,1918,1492.0,3638.0,5427896.0
china,1919,1533.0,3681.0,5642973.0
china,1920,1513.0,3721.0,5629873.0
china,1921,1561.0,3786.0,5909946.0
china,1922,1728.0,3844.0,6642432.0
china,1923,1760.0,3904.0,6871040.0
china,1924,1889.0,3959.0,7478551.0
china,1925,1959.0,4048.0,7930032.0
china,1926,1954.0,4140.0,8089560.0
china,1927,1919.0,4232.0,8121208.0
china,1928,1934.0,4330.0,8374220.0
china,1929,1011.9153281405706,491710.0,497568886.0
china,1930,1021.3282255760663,493563.0,504089823.0
china,1931,1024.248875984268,497324.0,509383548.0
china,1932,1048.8495987930867,501113.0,525592169.0
china,1933,933.0997520458201,504932.0,471151924.0
china,1934,947.7203142788486,507702.0,481159499.0
china,1935,1018.7891084900024,510471.0,520062295.0
china,1936,1077.1883757812866,513256.0,552873397.0
china,1937,1046.3992311150382,516072.0,540017344.0
china,1938,1016.8241470220934,518888.0,527617848.0
china,1939,2200.0,5680.0,12496000.0
china,1940,1992.0,5837.0,11627304.0
china,1950,819.430027041424,556231.2201857077,455792563.7980587
china,1951,967.5743887637336,567294.3816679748,548899514.5914909
china,1952,1065.5303505239476,579076.0950414997,617023154.529608
china,1953,1175.6975282594306,591950.9998398954,695955327.3624636
china,1954,1071.93161441471,606287.2390865994,649898458.9931359
china,1955,1142.7691557098685,620102.399713653,708633895.7744347
china,1956,1213.1138081897511,633378.477805989,768360177.2366511
china,1957,1221.1350005469337,649760.9292454696,793445812.6895427
china,1958,1201.5691196143084,666062.8236290409,800320520.595767
china,1959,1148.9274466832796,679393.0041450085,780573269.5468074
china,1960,1092.4502118930739,680955.7896384266,743910296.6803145
china,1961,916.4128277781681,674685.6369556704,618290572.4238604
china,1962,972.7701591223133,680592.752644973,662060320.2879436
china,1963,1083.7824545564615,697622.3451835935,756070857.6165099
china,1964,1204.4118078261818,714105.900072962,860077578.086219
china,1965,1310.4882446243032,731394.0200194172,958483265.4239584
china,1966,1321.125890980343,752061.1061746732,993567398.9666774
china,1967,1302.0836539945942,771609.678909901,1004700350.1725994
china,1968,1248.7780962852446,792105.3241641214,989163778.767078
china,1969,1340.3546221153065,813976.8145926885,1091017585.7340038
china,1970,1479.8274384694073,836669.0598592575,1238125831.6981323
china,1971,1535.9667184493887,859853.2834504216,1320706026.1292763
china,1972,1532.991871786613,881144.4584976169,1350787292.7466633
china,1973,1626.6753365277866,901403.6116128432,1466291023.267684
china,1974,1631.6615068479089,920187.2757914646,1501434157.0001733
china,1975,1706.9406360583494,936635.5779690432,1598781329.2133582
china,1976,1652.1602004493707,951416.139690797,1571891880.0623136
china,1977,1729.746179217299,964639.2559977985,1668581067.38521
china,1978,1905.4968947075222,977829.8735520202,1863251787.6056235
china,1979,2033.2980993951458,991165.7544276773,2015335444.663352
china,1980,2117.3565960863075,1003857.7598869922,2125524849.4291477
china,1981,2162.1089217450844,1016894.9863669671,2198637722.5018654
china,1982,2330.3535436219363,1023702.7366532878,2385589299.975463
china,1983,2440.494532583938,1047042.8775101844,2555302417.944559
china,1984,2676.419742912055,1060914.490108762,2839452486.8685665
china,1985,2853.4494535845874,1075438.12043917,3068708317.131185
china,1986,3008.562930667413,1091457.9422229559,3283719905.3545203
china,1987,3230.8079500823114,1108997.5632740953,3582958144.047858
china,1988,3357.8435344730115,1126900.6023582953,3783955901.6225443
china,1989,3353.656092168361,1144199.8639930822,3837252844.53861
china,1990,3327.7795366062132,1161044.959,3863701655.64
china,1991,3418.5443980631426,1176099.3900000001,4020547981.2499795
china,1992,3616.170921542599,1189726.32,4302253722.977885
china,1993,3911.11367675748,1203387.96,4706587108.801283
china,1994,4156.21193011259,1216962.73,5057955016.928388
china,1995,4437.616451211613,1229898.98,5457819946.976382
china,1996,4676.485877902013,1242934.28,5812564607.580307
china,1997,4788.623386261177,1255448.88,6011871867.023401
china,1998,4786.432812460254,1266967.76,6064256058.793268
china,1999,4964.256954298147,1277379.02,6341237683.309552
china,2000,5253.963873927801,1287115.5,6762458338.572518
china,2001,5502.104143185537,1296097.42,7131262984.554086
china,2002,5864.153168710273,1304448.37,7649485042.354451
china,2003,6180.636394990481,1312219.27,8110350178.369841
china,2004,6629.319390965742,1319912.42,8750121000.282518
china,2005,7209.540174052913,1327646.8900000001,9571723590.41141
china,2006,7874.875113371813,1334649.71,10510199786.347908
china,2007,8528.427868583905,1341554.8699999999,11441353940.542458
china,2008,8817.71333596029,1348349.71,11889361219.40519
china,2009,9327.184180615372,1354875.9300000002,12637177340.99254
china,2010,10299.082722022615,1361351.57,14020672433.18536
china,2011,10874.468674759253,1369641.03,14894118476.4
china,2012,11596.622716416048,1379783.81,16000832274.789085
china,2013,12382.736035912067,1387868.27,17185606440.02794
china,2014,13182.291706690494,1397110.18,18417113939.146862
china,2015,13986.473601947613,1403982.23,19636760397.498543
china,2016,14797.656030390126,1413074.76,20910194243.70608
china,2017,15698.264497757144,1420905.06,22305743458.081486
china,2018,16648.71428134854,1426249.53,23745220918.877644
china,2019,17547.366543629923,1430951.8,25109435740.86702
china,2020,17894.76455060926,1432959.7,25642476442.01168
china,2021,19372.60981699506,1433377.44,27768261865.60325
china,2022,19943.713431647946,1432560.77,28570581470.300922
india,1900,969.9338862460646,288412.0,279740572.0
india,1901,981.9306001081897,290231.0,284986700.0
india,1902,1055.5549267130252,292071.0,308296983.0
india,1903,1064.7428264183818,293856.0,312881068.0
india,1904,1062.6961515962034,295733.0,314274321.0
india,1905,1037.5740536073608,297683.0,308868157.0
india,1906,1059.649637132041,299558.0,317426526.0
india,1907,993.6149445692462,301367.0,299442755.0
india,1908,1001.2954950201174,303220.0,303612820.0
india,1909,1126.8506481800155,305085.0,343785230.0
india,1910,1123.4016194648725,306768.0,344623668.0
india,1911,1112.5580805373925,307857.0,342508793.0
india,1912,1109.5803026763233,308184.0,341954896.0
india,1913,1083.047165366863,314150.0,340239267.0
india,1914,1142.5164714186726,308838.0,352852502.0
india,1915,1112.2665599068278,309105.0,343807155.0
india,1916,1143.8544160842212,309471.0,353989770.0
india,1917,1124.5011618900078,309840.0,348415440.0
india,1918,981.1262245776235,310209.0,304354185.0
india,1919,1112.6606340525445,310479.0,345457761.0
india,1920,1024.3122084606723,310850.0,318407450.0
india,1921,1092.282094918811,312604.0,341451752.0
india,1922,1127.4359796938882,315767.0,356007077.0
india,1923,1080.6980434196587,319026.0,344770774.0
india,1924,1122.6265737912538,322152.0,361656396.0
india,1925,1126.1786389268757,325405.0,366464160.0
india,1926,1151.8599826613333,328745.0,378668210.0
india,1927,1139.9041239069734,331991.0,378437910.0
india,1928,1140.015562114301,335430.0,382395420.0
india,1929,1176.2320932552861,338769.0,398470970.0
india,1930,1171.329765248884,342107.0,400720112.0
india,1931,1146.0128508311511,346748.0,397377664.0
india,1932,1141.3426283035826,351588.0,401282372.0
india,1933,1127.7145361475352,356525.0,402058425.0
india,1934,1125.5714854815865,361472.0,406862576.0
india,1935,1096.9204086254458,366497.0,402018039.0
india,1936,1123.1852584334968,371643.0,417423939.0
india,1937,1092.4604644868914,376889.0,411736332.0
india,1938,1079.046919363069,382145.0,412352385.0
india,1939,1086.8350559362057,387495.0,421143150.0
india,1940,1107.0652984979665,392934.0,435003596.0
india,1941,1115.497271715062,397869.0,443821784.0
india,1942,1097.7970165792526,402491.0,441853419.0
india,1943,1127.4413599347733,407196.0,459089612.0
india,1944,1100.7257464044928,412042.0,453545238.0
india,1945,1069.496583143508,417050.0,446033550.0
india,1946,1002.0916659953466,422054.0,422936796.0
india,1947,999.451247319686,353037.0,352843270.0
india,1948,1000.5197232143856,357244.0,357429668.0
india,1949,1013.8403525954947,362455.0,367471505.0
india,1950,993.5496662583923,468767.293,465743587.513
india,1951,995.3615513397526,476657.10799999995,474446158.47599995
india,1952,1004.0126323868938,485824.338,487773772.473
india,1953,1044.596608435891,495078.184,517156991.91700006
india,1954,1063.2066989258085,504541.011,536431382.778
india,1955,1063.7645313014532,514086.627,546867119.819
india,1956,1101.1596984282571,524556.44,577620411.279
india,1957,1073.549988428988,535100.123,574456730.855
india,1958,1114.8424681849897,546851.701,609653500.074
india,1959,1117.3847412213106,557733.851,623203294.77
india,1960,1166.6122020900386,568757.039,663518901.722
india,1961,1178.4700261899268,581837.059,685677534.158
india,1962,1181.094055510301,594968.2779999999,702713496.363
india,1963,1217.0149237520995,608446.786,740488818.871
india,1964,1273.2300625151936,621763.571,791648070.3740001
india,1965,1217.5621765230749,635899.879,774247640.726
india,1966,1211.6326019805665,649394.7309999999,786827827.634
india,1967,1264.900005728041,664014.0950000001,839911432.569
india,1968,1281.2353360275824,679737.742,870904014.2820001
india,1969,1329.578078265055,694558.229,923469395.357
india,1970,1370.6684270342894,711006.033,974553520.8640001
india,1971,1343.2939063160086,728414.438,978474675.8379999
india,1972,1298.2398835497354,745587.3160000001,967951190.3
india,1973,1326.9838145005065,762907.441,1012365826.169
india,1974,1325.016581195702,780714.445,1034459584.8039999
india,1975,1390.8279930722433,798921.2690000001,1111162065.1859999
india,1976,1388.344632638057,816209.6009999999,1133180218.656
india,1977,1447.6031795744386,835295.8080000001,1209176867.546
india,1978,1496.7877489751513,854638.149,1279211911.23
india,1979,1414.873493512328,876386.113,1239975481.366
india,1980,1476.7866580086989,896869.4199999999,1324484793.432
india,1981,1536.9358828653994,914872.0129999999,1406099625.009
india,1982,1558.0039068132517,935548.1730000001,1457587708.546
india,1983,1639.9961409917114,955830.287,1567557982.123
india,1984,1668.7866708512677,977246.519,1630815965.043
india,1985,1706.1381486635155,998977.547,1704393702.595
india,1986,1744.7525688341423,1020901.547,1781220596.655
india,1987,1779.4330532139284,1044016.212,1857756955.724
india,1988,1897.6196028645027,1067477.531,2025666288.4429998
india,1989,1966.8504528220762,1091189.0699999998,2146205716.444
india,1990,2025.6633743292314,1114625.4209999999,2257855891.416
india,1991,2026.6984099147444,1139401.5899999999,2309223390.707331
india,1992,2073.8528949863316,1163994.6400000001,2413953653.9125733
india,1993,2125.295751696481,1189237.61,2527481640.290677
india,1994,2197.5125915835692,1214676.3900000001,2669266661.7242746
india,1995,2293.0088727247735,1239804.9,2842883636.1476502
india,1996,2398.2882956656695,1264942.5499999998,3033696912.3544855
india,1997,2439.9719751433404,1289962.83,3147473154.1765933
india,1998,2520.343268963979,1314948.1400000001,3314120693.685704
india,1999,2606.964930974034,1340015.65,3493373806.506375
india,2000,2659.194372138157,1365191.1400000001,3630308596.3808756
india,2001,2730.1852548033876,1390355.75,3795928767.5811048
india,2002,2776.7348271957244,1415753.52,3931172105.7089386
india,2003,2930.92718290165,1440688.1300000001,4222552002.300747
india,2004,3101.636060526943,1464356.45,4541900770.785219
india,2005,3280.3238482366996,1487716.84,4880193029.675343
india,2006,3494.2101429595346,1511131.9300000002,5280212517.156018
india,2007,3708.227213387102,1533744.66,5687473686.599148
india,2008,3854.5935317298363,1555936.92,5997504387.611644
india,2009,4059.736445066754,1578402.12,6407896611.534629
india,2010,4279.924866359605,1601051.68,6852380897.558822
india,2011,4499.667821207109,1623514.66,7305276672.86
india,2012,4692.593866547421,1645779.8,7722976195.167643
india,2013,4902.286415752739,1668103.7,8177522108.576882
india,2014,5159.78928286843,1690265.28,8721412676.948606
india,2015,5450.692243351361,1712177.6400000001,9332553381.587639
india,2016,5825.936918117521,1733824.49,10101152105.827282
india,2017,6103.77127045978,1755421.188,10714689414.870777
india,2018,6441.687410016983,1777018.174,11446995598.82717
india,2019,6630.883084780529,1798628.6041901906,11926495987.327148
india,2020,6224.2382655032425,1820255.8295481545,11329705987.27897
india,2021,6694.403122216589,1839377.8777555968,12313537007.78319
india,2022,7032.945763648718,1856582.7193473636,13057245570.897457
latam,1900,1713.7573575569588,54162.0,92820526.0
latam,1901,1791.2481855098029,54423.0,97485100.0
latam,1902,1738.0029035699918,57171.0,99363364.0
latam,1903,1824.373731302272,58229.0,106231458.0
latam,1904,1878.3688532883643,59300.0,111387273.0
latam,1905,1962.7348142258445,60369.0,118488338.0
latam,1906,2012.3997376858058,61758.0,124281783.0
latam,1907,2048.5656405037525,62888.0,128830196.0
latam,1908,2081.6972143280973,64042.0,133316053.0
latam,1909,2136.1493775297436,65224.0,139328207.0
latam,1910,2189.370241849097,66281.0,145113649.0
latam,1911,2188.0758839770806,67366.0,147401920.0
latam,1912,2248.0295737005827,68473.0,153929329.0
latam,1913,2207.193083573487,70441.0,155476888.0
latam,1914,2081.369757517522,70768.0,147294375.0
latam,1915,2067.3646039121845,71878.0,148598033.0
latam,1916,2121.3079506051013,72963.0,154776992.0
latam,1917,2121.986324117075,74072.0,157179771.0
latam,1918,2210.5212927250964,75190.0,166209096.0
latam,1919,2261.9412134548884,76344.0,172685640.0
latam,1920,2332.3685498897835,82111.0,191513114.0
latam,1921,2310.04204974528,83425.0,192715258.0
latam,1922,2396.4786559917234,85059.0,203842078.0
latam,1923,2525.8310170780614,86778.0,219186564.0
latam,1924,2578.125598572461,88544.0,228277553.0
latam,1925,2576.7066723676708,91212.0,235026569.0
latam,1926,2650.157276893339,92086.0,244042383.0
latam,1927,2694.8717558065205,93860.0,252940663.0
latam,1928,2846.351711960213,95709.0,272421476.0
latam,1929,2849.9314541505105,98518.0,280769547.0
latam,1930,2687.601453505929,99346.0,267002454.0
latam,1931,2486.5893247156255,101187.0,251610514.0
latam,1932,2310.7457092377585,103012.0,238034537.0
latam,1933,2428.007625878911,105955.0,257259548.0
latam,1934,2589.4893553223387,106720.0,276350304.0
latam,1935,2708.0484895344343,108642.0,294207804.0
latam,1936,2806.523061887482,110507.0,310140444.0
latam,1937,2892.613092751433,112505.0,325433436.0
latam,1938,2909.592437955447,115683.0,336590382.0
latam,1939,2973.1668958492487,117810.0,350268792.0
latam,1940,2984.4152180250717,120055.0,358293969.0
latam,1941,3067.168610669601,122685.0,376295581.0
latam,1942,2988.0592530609347,126677.0,378518382.0
latam,1943,3018.2236035882893,129421.0,390621517.0
latam,1944,3174.207720840775,131022.0,415891044.0
latam,1945,3162.9987686972236,137253.0,434131070.0
latam,1946,3359.0045596995965,141676.0,475890330.0
latam,1947,3420.358154291823,144985.0,495900627.0
latam,1948,3601.653608233407,147108.0,529832059.0
latam,1949,3643.304253794714,150736.0,549177110.0
latam,1950,3678.345900154525,164217.238,604047804.132
latam,1951,3779.789103808541,168656.104,637484504.19
latam,1952,3807.482269934404,173182.326,659388635.711
latam,1953,3860.0545121220275,177833.987,686448883.928
latam,1954,3980.036281466105,182691.625,727119295.82
latam,1955,4142.642808671353,187761.277,777827903.911
latam,1956,4217.711225226718,192980.129,813934456.329
latam,1957,4381.6213129050775,198394.09900000002,869287812.533
latam,1958,4495.390002679203,204023.442,917164941.4790001
latam,1959,4492.250918970149,209859.37399999998,942740965.706
latam,1960,4698.252237604137,215894.08599999998,1014324872.635
latam,1961,4853.933893976878,221987.27599999998,1077511563.008
latam,1962,4937.603057494931,228252.676,1127021110.899
latam,1963,4956.750986844105,234714.631,1163421978.836
latam,1964,5175.591075780825,241372.512,1249245419.046
latam,1965,5296.2348069556465,248117.126,1314086558.9229999
latam,1966,5425.831715459312,254928.06900000002,1383196801.941
latam,1967,5515.1322498003055,261815.677,1443948083.726
latam,1968,5702.043911067445,268824.574,1532849525.322
latam,1969,5929.593484967737,275981.258,1636456669.4099998
latam,1970,6193.177484671918,283244.347,1754182512.501
latam,1971,6418.398951674445,290574.048,1865020165.067
latam,1972,6684.080498575246,297997.386,1991838516.389
latam,1973,7059.830847243964,305448.526,2156414926.1
latam,1974,7324.292865564544,312541.702,2289146958.1499996
latam,1975,7398.275239630482,320088.244,2368100930.0820003
latam,1976,7646.535270197684,327662.836,2505485432.207
latam,1977,7829.334667549392,335317.255,2625311009.199
latam,1978,7990.9265874483435,342985.381,2740771000.139
latam,1979,8309.540367438452,350782.067,2914837745.91
latam,1980,8611.506987434303,358504.12200000003,3087260751.627
latam,1981,8473.068229123095,366376.041,3104329192.9090004
latam,1982,8220.20373375015,374653.885,3079731264.3409996
latam,1983,7852.5085633291865,382890.454,3006650568.852
latam,1984,7976.640861617295,390956.405,3118518835.234
latam,1985,8035.39882290133,398961.287,3205813055.943
latam,1986,8204.632804133476,407206.964,3340983614.9059997
latam,1987,8296.555514773367,415611.712,3448145641.198
latam,1988,8217.23579169442,424030.101,3484355322.693
latam,1989,8158.614751424036,432273.995,3526756992.264
latam,1990,8054.830213399633,440329.389,3546778466.3650002
latam,1991,8260.780061884596,448859.863,3707932606.8506513
latam,1992,8437.719711255746,457324.81,3858778563.7832885
latam,1993,8707.92100034902,460221.132,4007569260.1471987
latam,1994,9027.022723889815,468010.38499999995,4224740380.411421
latam,1995,9063.72296056018,475712.36,4311725039.95427
latam,1996,9296.422991648269,483297.77800000005,4492940575.211721
latam,1997,9708.032578842976,490811.45800000004,4764813624.333422
latam,1998,9859.761255706233,498234.744,4912475625.137914
latam,1999,9812.13403270056,505522.43700000003,4960253908.381425
latam,2000,10132.749563786065,512688.418,5194943343.847668
latam,2001,10158.729568309469,519653.722,5279021630.963469
latam,2002,10142.06647224775,526555.339,5340359249.454948
latam,2003,10283.94766664838,533409.678,5485557213.435763
latam,2004,10854.036883575305,540185.907,5863197758.565579
latam,2005,11286.042111656552,546897.472,6172307899.750509
latam,2006,11859.445498572693,553472.726,6563879628.943458
latam,2007,12483.540741670848,560106.098,6992107294.041285
latam,2008,12917.31803091149,566776.834,7321236617.331129
latam,2009,12625.883430332759,573306.724,7238503867.049956
latam,2010,13356.441901831062,579689.253,7742585828.810348
latam,2011,13924.795340124329,585787.603,8156972484.557
latam,2012,14166.420161790114,591864.011,8384594258.468367
latam,2013,14430.08048290719,597853.957,8627080716.534534
latam,2014,14454.82544382193,604025.048,8731076632.536161
latam,2015,14328.67732126639,609877.503,8738737945.986675
latam,2016,14074.377238989722,613879.705,8639974547.529724
latam,2017,14102.669981427382,619478.715,8736303878.163708
latam,2018,14103.097038544507,625013.87,8814631259.046242
latam,2019,13957.886614405288,631155.8480011249,8809601762.41852
latam,2020,12865.496159741226,637531.6692477746,8202161242.420658
latam,2021,13610.788953639494,643143.0036423985,8753683689.586483
latam,2022,14028.037762562182,647191.2028221115,9078822632.786621
mena,1913,1485.686598214885,59604.0,88552864.0
mena,1923,999.0,13877.0,13863123.0
mena,1924,1084.0,13968.0,15141312.0
mena,1925,1199.0,14059.0,16856741.0
mena,1926,1382.0,14151.0,19556682.0
mena,1927,1248.0,14250.0,17784000.0
mena,1928,1361.0,14476.0,19701836.0
mena,1929,1554.0,14705.0,22851570.0
mena,1930,1600.0,14928.0,23884800.0
mena,1931,1669.0,15174.0,25325406.0
mena,1932,1543.0,15414.0,23783802.0
mena,1933,1718.0,15658.0,26900444.0
mena,1934,1731.0,15906.0,27533286.0
mena,1935,1739.0,16158.0,28098762.0
mena,1936,2034.0,16434.0,33426756.0
mena,1937,2066.0,16725.0,34553850.0
mena,1938,2209.0,17016.0,37588344.0
mena,1939,2324.0,17517.0,40709508.0
mena,1940,2146.0,17821.0,38243866.0
mena,1941,1932.0,18011.0,34797252.0
mena,1942,1994.0,18203.0,36296782.0
mena,1943,1792.0,18396.0,32965632.0
mena,1944,1696.0,18592.0,31532032.0
mena,1945,1452.0,18790.0,27283080.0
mena,1946,1831.0,19235.0,35219285.0
mena,1947,1890.0,19690.0,37214100.0
mena,1948,2098.0,20156.0,42287288.0
mena,1949,1946.0,20634.0,40153764.0
mena,1950,2259.9126422787745,102473.387,231580902.77842543
mena,1951,2321.5869559518314,105013.197,243797268.35799998
mena,1952,2416.144953109944,107656.407,260113484.44300002
mena,1953,2542.7613838049338,110374.256,280655395.923
mena,1954,2595.874855375269,113021.818,293390495.455
mena,1955,2582.49114267505,115934.552,299399953.67
mena,1956,2680.9355322437013,118953.977,318907943.64100003
mena,1957,2776.8736958073123,122105.519,339071603.824
mena,1958,2820.6797577310517,125394.031,353696404.982
mena,1959,2930.9484304969988,128812.178,377541850.938
mena,1960,3032.5445330289854,132320.429,401267593.572
mena,1961,3095.08587614941,135819.038,420371586.226
mena,1962,3162.9279945658973,139003.62,439658441.044
mena,1963,3336.9030995775606,142619.82200000001,475908526.093
mena,1964,3466.1514932038544,146454.484,507633428.403
mena,1965,3616.3539653513803,150409.281,543933199.77
mena,1966,3773.710193800608,154447.4,582839727.786
mena,1967,3887.943511519437,158540.253,616395547.966
mena,1968,4168.191981702865,162574.519,677641806.525
mena,1969,4403.814605607561,166773.836,734441054.8100001
mena,1970,4652.121220159722,171032.756,795665113.53
mena,1971,4927.970893850723,175494.874,864833631.092
mena,1972,5324.674773863478,180129.462,959130802.341
mena,1973,5536.394327544105,185040.381,1024456515.735
mena,1974,5862.261945643506,190160.643,1114771501.0180001
mena,1975,6044.431878998237,195495.20200000002,1181657431.16
mena,1976,6582.352513587158,200924.10499999998,1322553287.587
mena,1977,6724.360774515777,206770.378,1390398619.155
mena,1978,6662.393732249114,213047.108,1419403717.013
mena,1979,6696.990580025045,219664.06600000002,1471088180.772
mena,1980,6553.571443440227,226783.613,1486242609.997
mena,1981,6367.29018266344,234526.023,1493295243.827
mena,1982,6485.53786366875,242272.363,1571266583.557
mena,1983,6438.201811858254,250247.832,1611146045.396
mena,1984,6439.994236992089,258602.109,1665396091.634
mena,1985,6416.527892903901,266888.454,1712497209.385
mena,1986,6154.046997679641,275132.881,1693180680.281
mena,1987,6176.228334630126,282550.842,1745098516.3339999
mena,1988,6064.863269580284,290059.016,1759168272.149
mena,1989,5986.6262246593915,297700.53,1782221799.993
mena,1990,6220.922715635519,306132.452,1904426324.64
mena,1991,6358.400170041894,310195.59,1972347692.2022457
mena,1992,6789.495055879131,317527.59,2155852002.410216
mena,1993,7116.163622109268,325569.99,2316809319.288478
mena,1994,7183.164106031876,331355.94,2380184094.528452
mena,1995,7475.176067366056,337511.98,2522961475.3453307
mena,1996,7970.618587851256,343591.29,2738635122.697791
mena,1997,8356.926290414336,350062.46,2925446175.261117
mena,1998,8755.296104043733,356502.22,3121282497.848942
mena,1999,8824.433577279808,362998.77,3203258534.4992704
mena,2000,9388.508471394372,369615.54,3470138628.4490056
mena,2001,9551.44891979272,376441.33999999997,3595560230.308324
mena,2002,10050.856460853362,383217.8,3851667101.044011
mena,2003,10754.956748900644,390639.38,4201309636.3173633
mena,2004,11722.450230907916,397730.74,4662378804.952176
mena,2005,12492.246763335286,405288.83999999997,5062968199.705913
mena,2006,13377.841051848514,413480.81,5531480554.169576
mena,2007,14256.0950225968,422498.15,6023173773.271357
mena,2008,15082.729563670391,432257.04,6519616036.3126545
mena,2009,15336.855685597711,441623.81,6773120641.293823
mena,2010,16369.16001452312,450533.4,7374853316.487151
mena,2011,17112.15707610131,459185.13,7857648071.570001
mena,2012,17509.32695056811,467566.82,8186780322.617428
mena,2013,17661.189051410536,476724.53,8419522049.774835
mena,2014,17945.699876864666,486003.95999999996,8721681205.127739
mena,2015,18194.595557023556,494537.27,8997905615.524559
mena,2016,18618.795699971568,502829.03,9362070981.584875
mena,2017,18845.19832885296,511141.35033776535,9632560121.1929
mena,2018,18990.834755545042,519740.0497676662,9870297400.976505
mena,2019,18842.570624962846,528791.9967043988,9963800543.817755
mena,2020,17987.10151767367,537121.3776921012,9661256747.860565
mena,2021,18899.674831560736,543704.0806735944,10275830329.3236
mena,2022,19595.183475043836,551176.6360769212,10800407311.084738
oecd-ex-us,1900,4084.3275611949616,330218.0,1348718478.6026778
oecd-ex-us,1901,4320.616118207749,289259.0,1249777097.7366555
oecd-ex-us,1902,4331.3728995745005,292251.0,1265848061.2735474
oecd-ex-us,1903,4399.818458495188,295210.0,1298870407.1323643
oecd-ex-us,1904,4436.7824733729685,298153.0,1322840004.7835708
oecd-ex-us,1905,4494.960486372579,300890.0,1352488660.7446454
oecd-ex-us,1906,4637.9696824523835,303744.0,1408755463.226817
oecd-ex-us,1907,4735.47726170353,306747.0,1452593443.5957725
oecd-ex-us,1908,4679.688085245823,309886.0,1450169821.984487
oecd-ex-us,1909,4756.993898489744,313027.0,1489067529.0625494
oecd-ex-us,1910,4453.536019807198,367795.0,1637988280.4049883
oecd-ex-us,1911,4818.90768981056,329846.0,1589497425.853254
oecd-ex-us,1912,4930.4608800658625,332748.0,1640600996.9201555
oecd-ex-us,1913,4714.650220674065,387994.0,1829255997.7202132
oecd-ex-us,1914,4694.290967039834,339222.0,1592406770.4211867
oecd-ex-us,1915,4696.260256181434,340619.0,1599635472.2002637
oecd-ex-us,1916,4876.823173099799,341491.0,1665391222.2050233
oecd-ex-us,1917,4747.572763746339,341761.0,1622535215.3107126
oecd-ex-us,1918,4578.2261615531625,341042.0,1561367406.5884137
oecd-ex-us,1919,4450.140800670488,337093.0,1500111312.9204168
oecd-ex-us,1920,4259.472856523603,389041.0,1657109579.574799
oecd-ex-us,1921,4397.584507603413,360769.0,1586512165.2235758
oecd-ex-us,1922,4790.736081562346,358840.0,1719107735.5078323
oecd-ex-us,1923,4751.4229910046615,362442.0,1722115251.7057116
oecd-ex-us,1924,4945.406573520749,379700.0,1877770875.9658284
oecd-ex-us,1925,5176.1003065484765,383270.0,1983843964.4908345
oecd-ex-us,1926,5185.802824442619,387035.0,2007087196.1581488
oecd-ex-us,1927,5375.675911686002,390469.0,2099034797.5601215
oecd-ex-us,1928,5558.67046598959,393919.0,2189665911.2921534
oecd-ex-us,1929,5524.865680082977,426033.0,2353775100.2827907
oecd-ex-us,1930,5347.920782879532,429056.0,2294557499.419161
oecd-ex-us,1931,5054.087052853712,433156.0,2189208131.4659023
oecd-ex-us,1932,4918.223302674166,436892.0,2148732415.1519217
oecd-ex-us,1933,5051.2055280868735,440559.0,2225354056.248425
oecd-ex-us,1934,5186.848935395598,444173.0,2303858252.181469
oecd-ex-us,1935,5334.723987990334,447993.0,2389919003.5517535
oecd-ex-us,1936,5466.55901048267,451452.0,2467888998.400422
oecd-ex-us,1937,5726.8383978216025,455081.0,2606175344.9190526
oecd-ex-us,1938,5878.004239140991,458480.0,2694947383.5613613
oecd-ex-us,1939,6395.141773353503,430662.0,2754144546.395966
oecd-ex-us,1940,6343.814580466837,432907.0,2746281738.586157
oecd-ex-us,1941,6443.705074220573,434325.0,2798662206.3608503
oecd-ex-us,1942,6404.818041983403,437268.0,2800621975.581999
oecd-ex-us,1943,6431.5406988071945,429560.0,2762732622.5796185
oecd-ex-us,1944,6404.8207977683405,415117.0,2658749995.1072
oecd-ex-us,1945,5550.674890828436,413355.0,2294399219.4983883
oecd-ex-us,1946,4995.776790614898,435866.0,2177489246.618153
oecd-ex-us,1947,5222.535344827809,440999.0,2303132864.533719
oecd-ex-us,1948,5416.946187619374,478379.0,2591353300.2871685
oecd-ex-us,1949,5716.271153621908,484245.0,2768075724.7856407
oecd-ex-us,1950,5993.797745300336,494419.478,2963450352.468969
oecd-ex-us,1951,6309.436109695756,499421.754,3151069648.655191
oecd-ex-us,1952,6404.418205872466,520063.408,3330703558.4032803
oecd-ex-us,1953,6693.044100239471,525106.6799999999,3514562166.5703354
oecd-ex-us,1954,6974.626398532795,530185.684,3697847067.7505665
oecd-ex-us,1955,7368.995004570725,535499.223,3946091099.2385044
oecd-ex-us,1956,7638.141608113414,540980.123,4132082786.6486125
oecd-ex-us,1957,7929.5142290359045,546472.108,4333258356.157246
oecd-ex-us,1958,8100.08816244281,552070.891,4471822889.018354
oecd-ex-us,1959,8449.50188357008,557938.635,4714303547.349019
oecd-ex-us,1960,8929.676718425006,563753.9500000001,5034140522.235135
oecd-ex-us,1961,9362.862780990934,569879.0009999999,5335698888.131194
oecd-ex-us,1962,9748.98027075697,576303.231,5618368828.992497
oecd-ex-us,1963,10176.131167439446,582493.042,5927525599.5128145
oecd-ex-us,1964,10754.743423171876,588625.7490000001,6330518902.76737
oecd-ex-us,1965,11143.127776331,594594.514,6625642644.607431
oecd-ex-us,1966,11609.279770144794,600194.474,6967825565.160896
oecd-ex-us,1967,12049.058228483611,605509.2829999999,7295816608.754361
oecd-ex-us,1968,12714.422808130617,610996.218,7768464249.820746
oecd-ex-us,1969,13452.891692204359,616765.608,8297280923.900571
oecd-ex-us,1970,13970.021836435595,632206.819,8831943066.573486
oecd-ex-us,1971,14416.920737817214,638156.8859999999,9200257243.754255
oecd-ex-us,1972,15058.485724032169,643824.409,9695020671.709948
oecd-ex-us,1973,15836.960634239515,656366.079,10394843754.773144
oecd-ex-us,1974,16055.703259408887,654564.755,10509497470.34768
oecd-ex-us,1975,16098.12834993465,659378.068,10614752769.795937
oecd-ex-us,1976,16688.036410457207,663622.139,11074550418.417494
oecd-ex-us,1977,17124.424792623755,667812.706,11435908459.455559
oecd-ex-us,1978,17656.331079703108,671805.598,11861622059.485933
oecd-ex-us,1979,18261.593440957375,675725.906,12339831772.894579
oecd-ex-us,1980,18394.63467112656,687234.545,12641428388.652887
oecd-ex-us,1981,18490.421118976665,691255.9,12781612691.977222
oecd-ex-us,1982,18623.203815078876,694708.025,12937689141.545912
oecd-ex-us,1983,18930.72270469501,697838.507,13210587268.675367
oecd-ex-us,1984,19453.253580163328,700799.392,13632828281.400284
oecd-ex-us,1985,19908.881413607214,708859.871,14112607110.603909
oecd-ex-us,1986,20437.546085625287,712006.724,14551670235.025084
oecd-ex-us,1987,21032.93501416902,715136.861,15041427123.649824
oecd-ex-us,1988,21896.304592403336,718228.523,15726550506.559965
oecd-ex-us,1989,22542.895561179612,722190.651,16280268420.753313
oecd-ex-us,1990,22798.02782307647,725983.664,16550995770.970999
oecd-ex-us,1991,23086.44044686042,729240.692,16835571807.285282
oecd-ex-us,1992,23293.875010780677,731998.741,17051087180.902819
oecd-ex-us,1993,23391.974887534714,734287.916,17176444491.2922
oecd-ex-us,1994,24080.43782642107,736424.405,17733422098.46163
oecd-ex-us,1995,24860.10206187158,738771.681,18365939390.080433
oecd-ex-us,1996,25539.514406598228,741013.92,18925135685.329826
oecd-ex-us,1997,26267.874154843485,743168.936,19521468086.636932
oecd-ex-us,1998,26779.24643549659,745137.922,19954232041.671837
oecd-ex-us,1999,27566.57830605766,747221.809,20598348509.79256
oecd-ex-us,2000,28704.497703331916,749615.455,21517335106.429607
oecd-ex-us,2001,29312.341860951998,751792.794,22036807386.328262
oecd-ex-us,2002,29816.945827067848,754765.831,22504811895.048847
oecd-ex-us,2003,30309.243550761166,757883.134,22970864491.42016
oecd-ex-us,2004,31195.940971027565,760818.321,23734443431.5923
oecd-ex-us,2005,31944.59818713887,763806.8910000001,24399504225.56278
oecd-ex-us,2006,32977.04860021985,766753.902,25285280690.66221
oecd-ex-us,2007,34021.671401838474,770095.725,26199943703.910564
oecd-ex-us,2008,34241.2260448625,773550.41,26487314445.906067
oecd-ex-us,2009,32982.26266287811,776710.358,25617665040.53409
oecd-ex-us,2010,33964.406688664036,779189.513,26464709507.074074
oecd-ex-us,2011,34570.55852516979,781385.593,27012936373.531002
oecd-ex-us,2012,34622.49460828176,783504.339,27126874752.592865
oecd-ex-us,2013,34869.52264622013,785443.842,27388051835.953148
oecd-ex-us,2014,35388.46882664937,787804.246,27879186001.07301
oecd-ex-us,2015,35988.97426669519,790324.812,28442979321.398716
oecd-ex-us,2016,36544.19545638632,793042.615,28981104327.803726
oecd-ex-us,2017,37445.36057797579,795264.7390000001,29778974906.80481
oecd-ex-us,2018,38083.4664290959,797684.409,30378587411.164703
oecd-ex-us,2019,38511.50087614778,800213.1888558235,30817410923.726055
oecd-ex-us,2020,36446.312522691216,801579.0875863712,29214601937.82656
oecd-ex-us,2021,38221.12967170665,801619.9709844581,30638820858.426697
oecd-ex-us,2022,39289.355165489476,803195.0051562946,31557013824.73281
russia,1950,3310.834623352411,101936.816,337495939.80710405
russia,1951,3456.2604717351055,103506.916,357746862.3220059
russia,1952,3686.917162162952,105385.09,388546096.9570873
russia,1953,3849.794948499366,107302.806,413093800.49860746
russia,1954,4108.752259979994,109208.917,448712384.5337176
russia,1955,4312.620959531007,111125.498,479242151.8131211
russia,1956,4615.278893872846,112859.299,520877140.6519848
russia,1957,4850.401826290252,114554.838,555636995.4455839
russia,1958,5114.728573339149,116259.155,594634021.990765
russia,1959,5326.70195654247,117956.865,628321063.583116
russia,1960,5557.0,119631.633,664792984.581
russia,1961,5874.0,121324.346,712659208.404
russia,1962,6229.0,122877.56,765404321.24
russia,1963,6405.0,124276.517,795991091.385
russia,1964,6754.0,125521.51,847772278.54
russia,1965,7068.0,126541.293,894393858.924
russia,1966,7517.0,127414.772,957776841.124
russia,1967,7943.0,128183.863,1018164423.809
russia,1968,8391.0,128876.498,1081402694.7180002
russia,1969,8563.0,129572.617,1109530319.371
russia,1970,9234.0,130245.476,1202686725.384
russia,1971,9567.0,130977.408,1253060862.336
russia,1972,9785.0,131768.681,1289356543.585
russia,1973,9573.612102366029,242634.63799999998,2322889906.81
russia,1974,10801.0,133378.674,1440623057.874
russia,1975,11164.0,134293.372,1499251205.0080001
russia,1976,11426.0,135269.263,1545586599.038
russia,1977,11692.0,136263.686,1593195016.712
russia,1978,11829.0,137245.87,1623481396.23
russia,1979,11867.0,138163.68,1639588390.56
russia,1980,10582.093765969048,258484.408,2735306242.4969997
russia,1981,10682.56745435768,260630.708,2784205118.887
russia,1982,10745.745676949744,262841.728,2824430362.3780003
russia,1983,10962.388508080168,265109.037,2906228260.597
russia,1984,10962.99759088772,267660.833,2934365067.354
russia,1985,10986.875236584609,270079.91000000003,2967334275.078
russia,1986,11095.177444948644,272499.783,3023433446.095
russia,1987,11043.714644590013,274853.601,3035404738.4820004
russia,1988,11226.731398048367,277113.195,3111075407.12
russia,1989,11303.80840593181,278542.35,3148589357.338
russia,1990,10871.64989589697,280433.72000000003,3048777222.8440003
russia,1991,10290.158364552553,282072.27,2902568328.548826
russia,1992,8934.262619340641,283188.03,2530076230.6737165
russia,1993,8176.820663796508,283571.18,2318710684.281159
russia,1994,7128.155991812701,283489.82,2020759659.0509043
russia,1995,6838.792864008271,283331.57,1937645919.06426
russia,1996,6716.83037446971,283145.8,1901842309.8435254
russia,1997,6943.2864740550485,282882.85,1964136666.1471431
russia,1998,6842.394471931589,282603.01999999996,1933681341.799172
russia,1999,7314.587988519785,282157.01,2063862276.2226567
russia,2000,8103.123169820875,281572.13,2281613650.5788155
russia,2001,8762.814936008688,281005.84,2462402171.857668
russia,2002,9400.974841698091,280434.85,2636360969.5853777
russia,2003,10319.59608264716,279916.67,2888626971.1996374
russia,2004,11362.7715717217,279557.26,3176545286.596412
russia,2005,12339.199934141616,279334.65,3446766094.8834715
russia,2006,13645.100297054852,279244.22,3810315389.27285
russia,2007,15110.65696269401,279398.61000000004,4221896551.563529
russia,2008,16166.372136493428,279792.93,4523236627.539856
russia,2009,15354.006331648763,280416.49,4305516562.958722
russia,2010,16297.764926861957,281099.3,4581290312.505447
russia,2011,17318.686115963697,281825.61,4880849279.03
russia,2012,17915.691000218776,282719.76,5065119859.816012
russia,2013,18270.0891749894,283673.18,5182734295.15282
russia,2014,18246.507292989256,286566.49,5228837549.711332
russia,2015,17906.427891485884,287122.96,5141346579.229986
russia,2016,17967.061871459966,287923.45,5173138440.39421
russia,2017,18338.970077283146,288655.38,5293642376.466796
russia,2018,18876.972253601743,289285.89,5460841718.888486
russia,2019,19342.382379848004,289937.64999999997,5608084892.614537
russia,2020,18832.805288485048,290275.0,5466692555.114997
russia,2021,19857.94651579505,290170.11000000004,5762182524.862368
russia,2022,19425.958013507512,288417.5,5602786245.360803
seasia,1900,1140.1264520034456,47547.0,54209592.413407825
seasia,1901,1113.0575857569615,58353.0,64950249.301675975
seasia,1902,1082.2245409318061,56014.0,60619725.435754195
seasia,1903,1144.3662365759394,56711.0,64898153.6424581
seasia,1904,1116.7378659299602,57422.0,64125321.73743017
seasia,1905,1126.5786634202873,58147.0,65507169.54189944
seasia,1906,1101.8678353992887,70121.0,77264074.48603351
seasia,1907,1162.763910226209,59561.0,69255381.25698324
seasia,1908,1162.5964601971639,60289.0,70091777.98882681
seasia,1909,1196.0545075578218,61033.0,72998794.75977653
seasia,1910,1273.592804355712,61788.0,78692752.19553073
seasia,1911,1264.3822839860875,74677.0,94420275.82122906
seasia,1912,1324.349560562048,63337.0,83880328.11731844
seasia,1913,1304.7188476789358,109679.0,143100258.494578
seasia,1914,1379.2317361574271,65218.0,89950735.36871508
seasia,1915,1369.6015056367671,66026.0,90429309.01117319
seasia,1916,1374.7666489041253,79499.0,109292573.82122906
seasia,1917,1432.7514183155797,67681.0,96970048.74301675
seasia,1918,1488.2886477427191,68007.0,101214046.0670391
seasia,1919,1563.8854558224227,68813.0,107615649.87150837
seasia,1920,1530.6127306352082,69654.0,106613299.1396648
seasia,1921,1466.0770939851898,83781.0,122829405.01117319
seasia,1922,1593.288459499375,71497.0,113915344.98882681
seasia,1923,1558.6148366969437,72442.0,112909176.0
seasia,1924,1626.4018282493023,73395.0,119369762.18435754
seasia,1925,1618.2516564633393,74376.0,120359085.20111732
seasia,1926,1639.5698978376108,89303.0,146418510.58659217
seasia,1927,1754.799616494394,76466.0,134182507.47486034
seasia,1928,1822.5498832402452,77567.0,141369726.7932961
seasia,1929,1804.28411164281,90858.0,163933645.81564245
seasia,1930,1875.9407969119288,80008.0,150090271.2793296
seasia,1931,1707.0642288401314,96128.0,164096670.18994415
seasia,1932,1678.844008284141,82999.0,139342373.84357542
seasia,1933,1670.4229944982965,84501.0,141152413.45810056
seasia,1934,1665.6995611558625,86129.0,143465037.50279328
seasia,1935,1640.451844475959,87843.0,144102211.37430167
seasia,1936,1679.8950921169687,105310.0,176909752.150838
seasia,1937,1891.115545993856,91434.0,172912258.83240223
seasia,1938,1680.3738726045117,124460.0,209139332.18435752
seasia,1939,1838.832613969314,95223.0,175099158.0
seasia,1940,1890.7022563410965,96395.0,182254244.0
seasia,1941,1819.2939045130759,81142.0,147621146.0
seasia,1942,2667.0,5592.0,14913864.0
seasia,1946,1030.0,18775.0,19338250.0
seasia,1947,1466.1619964973731,25124.0,36835854.0
seasia,1948,1653.128947368421,25840.0,42716852.0
seasia,1949,1321.578725498389,107697.0,142330064.0
seasia,1950,1264.5905018794585,183212.2889347421,231688520.4144699
seasia,1951,1325.6526680241957,186724.14657466114,247531363.0912405
seasia,1952,1358.2260505243928,190341.2840949604,258526490.5480395
seasia,1953,1412.346416515128,194119.6653328822,274164213.7080121
seasia,1954,1452.536619193755,198041.8671861411,287663064.22137606
seasia,1955,1488.7474065451177,202145.30622318457,300943300.3850347
seasia,1956,1509.6855224541305,206454.5916815023,311681508.105743
seasia,1957,1549.810405836303,210961.45809175886,326950262.98100704
seasia,1958,1513.861126541041,215658.6067702217,326477181.3934392
seasia,1959,1577.8628417420719,220583.69173572707,348050810.6840915
seasia,1960,1618.448373238,225597.8199928225,365118424.7734227
seasia,1961,1670.961584243042,230956.558,385919536.047
seasia,1962,1699.2283380604163,236802.43258352167,402381403.9675613
seasia,1963,1688.9141488417577,242799.37304845965,410067296.47145164
seasia,1964,1714.1394732356243,248960.82420080167,426753576.05186903
seasia,1965,1730.7812062855896,255230.5243381149,441748194.79482603
seasia,1966,1740.1013717727808,261572.64776090498,455162923.1869891
seasia,1967,1711.5241748897754,267976.93529659166,458649003.07298976
seasia,1968,1788.3493000577964,274430.82783642143,490778178.8755459
seasia,1969,1896.0001557429564,280962.64688564755,532705222.25314105
seasia,1970,1979.2185357314686,287475.87512731523,568977580.6276073
seasia,1971,2038.8791122326852,294086.745,599607321.565
seasia,1972,2145.786895200484,301151.0857153568,646206053.2034104
seasia,1973,2337.888153531163,308531.19937362336,721311436.0103555
seasia,1974,2372.180899839033,315859.27880137844,749275348.209562
seasia,1975,2356.6525919803375,322865.997080617,760882988.8823521
seasia,1976,2524.0543130521296,329991.5211408294,832916522.2061435
seasia,1977,2649.9913776832914,337326.2714026981,893911710.6832039
seasia,1978,2746.582897157268,344572.9464751767,946398161.611807
seasia,1979,2830.624732244509,352134.1339077831,996759588.5068705
seasia,1980,2944.6476512822405,360246.797,1060799884.6680001
seasia,1981,3052.523721279761,368135.5728859295,1123742568.8812141
seasia,1982,3033.570151368187,376260.0271816136,1141411187.6111257
seasia,1983,3098.751275336851,384475.4602126701,1191393822.6697342
seasia,1984,3165.5333287125095,392789.65350988583,1243388739.358982
seasia,1985,3137.7784551705904,401180.322,1258814971.01
seasia,1986,3212.046870954542,409186.3270479714,1314325661.4318185
seasia,1987,3320.6683324265114,417324.35898971546,1385795783.2473412
seasia,1988,3491.7693024292203,425477.07140067907,1485667776.8043766
seasia,1989,3726.7320707440717,433998.74032159423,1617397024.2190135
seasia,1990,3888.306375660278,462814.507,1799564598.3161683
seasia,1991,4075.8956894411904,471429.13,1921495958.8440106
seasia,1992,4265.826721440211,479882.33999999997,2047094909.1192565
seasia,1993,4504.266928824036,488474.07,2200217599.089077
seasia,1994,4762.324962613578,497152.01,2367599427.436515
seasia,1995,5047.640345023048,505859.5,2553396821.113187
seasia,1996,5326.904998723063,514590.09,2741172522.7143507
seasia,1997,5439.656086918755,522988.63,2844878284.568801
seasia,1998,4961.479791156616,531124.88,2635165358.7004824
seasia,1999,5053.937232533638,539137.6599999999,2724767893.335061
seasia,2000,5269.3301198494455,547475.15,2884827297.7640934
seasia,2001,5383.224566694364,555858.23,2992309679.3352456
seasia,2002,5591.466371897213,564043.92,3153832610.953082
seasia,2003,5838.96261927766,572015.0,3339974202.666111
seasia,2004,6136.737095131226,581019.85,3565566066.5025806
seasia,2005,6421.387748034613,589189.92,3783416933.553494
seasia,2006,6730.442637723052,597444.0,4021062571.251811
seasia,2007,7109.831435508754,605689.83,4306352593.501953
seasia,2008,7407.853832665279,613823.33,4547113507.719864
seasia,2009,7515.11427628601,621722.84,4672318190.777082
seasia,2010,7984.731927407779,629445.41,5025952861.78728
seasia,2011,8301.87140371692,637169.2,5289696760.809186
seasia,2012,8709.337879821385,644763.1,5615459690.3410635
seasia,2013,9055.855021811714,652271.13,5906872788.193301
seasia,2014,9383.377947268411,659729.75,6190493587.306902
seasia,2015,9736.745844914658,667120.75,6495585190.61885
seasia,2016,10123.421929326543,674237.3200000001,6825588870.858358
seasia,2017,10558.728208156406,681098.879,7191537946.241007
seasia,2018,11004.218464021098,688002.764,7570932718.906349
seasia,2019,11410.697984684217,694894.012142666,7929225703.925448
seasia,2020,10912.10960111754,702152.6525045899,7661966700.845483
seasia,2021,11094.72705862984,709355.3294191476,7870103767.489901
seasia,2022,11621.915779587514,714912.4115670109,8308651837.013607
ssa,1950,1326.6231112818605,178875.20730498256,237299984.04612374
ssa,1951,1372.7014701735927,182471.90353764762,250479450.25150287
ssa,1952,1396.4465966790551,186216.72353600594,260041709.82658002
ssa,1953,1423.7219804005774,190075.02963142656,270613997.6115531
ssa,1954,1466.049839090867,194300.5536008136,284854295.3417392
ssa,1955,1488.1326681855926,198657.08160649706,295628092.9050395
ssa,1956,1507.5777390967878,203195.24403113645,306332626.59168077
ssa,1957,1523.6195459160167,207879.64667687195,316729492.8749976
ssa,1958,1513.3996640797027,212739.20828384475,321959446.35335255
ssa,1959,1552.7314467829103,217781.03273103767,338155458.0343405
ssa,1960,1578.2006747554337,223033.5069335784,351991631.13564414
ssa,1961,1583.7517210419876,228258.5357384758,361504848.81833506
ssa,1962,1632.4831047457426,233961.2295201205,381937754.3571376
ssa,1963,1682.4362491545116,239928.44075936935,403664305.93668383
ssa,1964,1722.5627759740546,245954.0755164499,423671335.0837482
ssa,1965,1761.9371477609852,252236.29122860654,444424491.52914023
ssa,1966,1769.5904808751209,258776.7406477389,457928856.9221287
ssa,1967,1746.139147589844,265627.31866003864,463822259.78161573
ssa,1968,1763.1637405821264,272741.36744490033,480887689.63563466
ssa,1969,1856.1814746332348,280081.75387267926,519882562.9212525
ssa,1970,1968.3626905939352,287210.3856503444,565334207.4652337
ssa,1971,2031.7916709011015,294993.6271774897,599365594.6681284
ssa,1972,2033.913704663863,302897.0540942274,616066469.4245605
ssa,1973,2063.5758383977195,311164.71878006076,642111995.4363545
ssa,1974,2114.0166661244552,319516.2025321227,675462577.2497042
ssa,1975,2030.2680160514037,327925.30418668943,665776256.744163
ssa,1976,2068.94318781711,337105.3406378706,697451798.0894887
ssa,1977,2055.0893036765024,346646.53460889607,712389585.4312688
ssa,1978,2011.4236483331026,356158.5396734584,716385709.2549777
ssa,1979,2024.913304033659,365902.08797400555,740920005.9122581
ssa,1980,2036.6299312713475,375917.04549528344,765603906.5307871
ssa,1981,1999.8570248667015,387423.92109042685,774792450.1940928
ssa,1982,1958.605903667586,399425.4723040074,782317088.1298428
ssa,1983,1876.4867129697648,411661.9537830496,772478186.509066
ssa,1984,1840.790548239875,423220.09871197987,779059557.5341594
ssa,1985,1827.6801813048705,434980.240884958,795004765.5246563
ssa,1986,1823.3476242252364,447017.5496255837,815068387.0967947
ssa,1987,1807.1288002658393,459483.3199246179,830345540.6775396
ssa,1988,1842.2104202289672,472317.6581886368,870108511.5732503
ssa,1989,1848.4484366382412,485698.9816770712,897789523.357768
ssa,1990,1812.681322317059,499494.4121138715,905424191.4405546
ssa,1991,1783.388641385289,515022.002,918484388.4303116
ssa,1992,1740.4119144136043,530209.4890000001,922782911.790749
ssa,1993,1729.4748519511782,544736.005,942107221.5998513
ssa,1994,1740.7400925782604,558091.402,971492078.7846111
ssa,1995,1784.4680063286607,573212.938,1022880148.6746541
ssa,1996,1855.838267923918,588729.2289999999,1092586232.6235435
ssa,1997,1907.4242522675231,603918.423,1151928646.4213567
ssa,1998,1937.409539805345,619399.76,1200031003.9771411
ssa,1999,1961.3822533371444,635794.386,1247035825.4717863
ssa,2000,2009.1904885117979,652476.09,1310948754.0093677
ssa,2001,2084.621190314564,669767.227,1396210953.9824247
ssa,2002,2185.9835877377072,687683.735,1503265358.2641668
ssa,2003,2266.1445051320507,705990.5700000001,1599876650.8805447
ssa,2004,2383.790564852562,724785.547,1727736948.4801033
ssa,2005,2506.6392020383814,744166.6259999999,1865357237.5802345
ssa,2006,2641.4071472180535,764346.064,2018949156.3975878
ssa,2007,2803.420222889413,785367.279,2201714512.3442316
ssa,2008,2939.192959222162,807029.097,2372014239.789819
ssa,2009,3024.3447749242123,829519.725,2508753646.0003195
ssa,2010,3204.6519754144642,852582.679,2732230766.461506
ssa,2011,3333.0748574416652,876331.084,2920877102.875
ssa,2012,3372.7438229091695,900722.825,3037907344.1720467
ssa,2013,3437.1911438124503,925644.229,3181616146.239904
ssa,2014,3509.8589545871523,951419.078,3339346770.483352
ssa,2015,3523.814701198594,977663.9890000001,3445106737.2706604
ssa,2016,3477.273222593957,1004367.691,3492460877.5528216
ssa,2017,3474.0272595819733,1032020.598,3585267689.902089
ssa,2018,3480.8082824585645,1059933.536,3689425430.964393
ssa,2019,3488.1552648618067,1088045.9410966393,3795273177.8477616
ssa,2020,3335.9871695138195,1116788.846380221,3725593262.580557
ssa,2021,3398.57847954257,1145655.381653007,3893599725.058039
ssa,2022,3436.5957149164883,1174709.2794003524,4037000875.8598866
us,1900,8037.571200000001,76391.0,613998101.5392001
us,1901,8770.3632,77888.0,683106048.9216
us,1902,8684.228000000001,79469.0,690126914.932
us,1903,8941.348,80946.0,723766355.208
us,1904,8663.6584,82485.0,714621863.1240001
us,1905,9121.332,84147.0,767532723.804
us,1906,9980.1128,85770.0,855994274.8560001
us,1907,9950.544,87339.0,869070562.416
us,1908,8975.976073471576,89055.0,799355549.2230113
us,1909,9798.118165962505,90845.0,890110044.7868638
us,1910,9636.78272182369,92767.0,893975422.7554183
us,1911,9735.889276162254,94234.0,917451790.0498738
us,1912,9976.567052540477,95703.0,954787396.6292813
us,1913,10107.969407089222,97606.0,986598461.9483505
us,1914,9096.371975724021,99505.0,905134493.4444188
us,1915,9164.17677403762,100941.0,925041167.7481314
us,1916,10222.31985087294,102364.0,1046397549.2147577
us,1917,9769.078001020385,103817.0,1014196370.8319334
us,1918,10471.305782318592,104958.0,1099047312.3005948
us,1919,10449.780270189627,105473.0,1102169674.4377105
us,1920,10152.92710876304,106881.0,1085155002.3117025
us,1921,9674.880487572922,108964.0,1054213677.4478959
us,1922,10009.71527703613,110484.0,1105913382.6680598
us,1923,11071.242977955602,112387.0,1244263784.5634964
us,1924,11126.712983463249,114558.0,1274653985.9595828
us,1925,11149.772026621313,116284.0,1296540090.3436327
us,1926,11647.767778146148,117857.0,1372770967.0289705
us,1927,11532.397899064365,119502.0,1378144613.7339897
us,1928,11451.068960239278,120971.0,1385247263.1891057
us,1929,11954.235345750252,122245.0,1461345499.8412397
us,1930,10694.982075282736,123668.0,1322627043.2860653
us,1931,9930.963393975506,124633.0,1237725760.6813493
us,1932,8380.50437668054,125436.0,1051216946.9933001
us,1933,8048.224515824326,126180.0,1015524969.4067135
us,1934,8667.091848719567,126978.0,1100529988.7667131
us,1935,9680.838642745883,127859.0,1237782348.0228457
us,1936,10568.012351747955,128681.0,1359902397.4352787
us,1937,11295.098948010274,129464.0,1462308690.205202
us,1938,10526.133571171693,130476.0,1373407803.832198
us,1939,11171.448105736908,131539.0,1469481112.3805273
us,1940,12005.095163215066,132637.0,1592319807.1633568
us,1941,13553.401661236254,133922.0,1815098657.2760816
us,1942,14869.861152947138,135386.0,2013171022.0529013
us,1943,16050.217416219604,137272.0,2203245445.1592975
us,1944,16999.327167581923,138937.0,2361835518.6823297
us,1945,16477.551766472516,140474.0,2314667606.84346
us,1946,14822.466474563711,141940.0,2103900891.399573
us,1947,14311.547192311999,144688.0,2070709140.1612384
us,1948,14734.232123999998,147203.0,2168923171.3491716
us,1949,14196.672,149770.0,2126235565.44
us,1950,15240.0,152271.0,2320610040.0
us,1951,16125.0,154878.0,2497407750.0
us,1952,16444.0,157553.0,2590801532.0
us,1953,16917.0,160184.0,2709832728.0
us,1954,16512.0,163026.0,2691885312.0
us,1955,17370.0,165931.0,2882221470.0
us,1956,17397.0,168903.0,2938405491.0
us,1957,17406.0,171984.0,2993553504.0
us,1958,16946.0,174882.0,2963550372.0
us,1959,17900.0,177830.0,3183157000.0
us,1960,18057.0,180671.0,3262376247.0
us,1961,18175.0,183691.0,3338583925.0
us,1962,18976.0,186538.0,3539745088.0
us,1963,19514.0,189242.0,3692868388.0
us,1964,20360.0,191889.0,3906860040.0
us,1965,21390.0,194303.0,4156141170.0
us,1966,22529.0,196560.0,4428300240.0
us,1967,22842.0,198712.0,4538979504.0
us,1968,23691.0,200706.0,4754925846.0
us,1969,24195.0,202677.0,4903770015.0
us,1970,23958.0,205052.0,4912635816.0
us,1971,24394.0,207661.0,5065682434.0
us,1972,25414.0,209896.0,5334296944.0
us,1973,26602.0,211909.0,5637203218.0
us,1974,26286.0,213854.0,5621366244.0
us,1975,25956.0,215973.0,5605795188.0
us,1976,27058.0,218035.0,5899591030.0
us,1977,28001.0,220239.0,6166912239.0
us,1978,29286.0,222585.0,6518624310.0
us,1979,29949.0,225055.0,6740172195.0
us,1980,29611.0,227726.463,6743208295.893
us,1981,30055.999999999996,229966.237,6911865219.271999
us,1982,29210.0,232187.835,6782206660.349999
us,1983,30157.999999999996,234307.207,7066236748.705999
us,1984,32076.0,236348.292,7581107814.191999
us,1985,33023.0,238466.283,7874872063.509
us,1986,33850.0,240650.755,8146028056.75
us,1987,34730.0,242803.533,8432566701.09
us,1988,35863.0,245021.414,8787202970.282
us,1989,36756.0,247341.697,9091291414.932
us,1990,36982.00000000001,250131.894,9250377703.908
us,1991,36463.95763729273,252981.0,9224688467.039953
us,1992,37240.2990340352,256514.0,9552658066.416504
us,1993,37761.53516734228,259919.0,9814940459.160437
us,1994,38807.279971992684,263126.0,10211204349.910547
us,1995,39390.6254014683,266278.0,10488856950.652176
us,1996,40412.75103133644,269394.0,10886952651.33585
us,1997,41722.6703296506,272647.0,11375560897.368248
us,1998,43072.758021095564,275854.0,11881792591.151297
us,1999,44575.84862702155,279040.0,12438444800.884094
us,2000,45886.47049828895,282162.0,12947418288.738207
us,2001,45878.009153955805,284969.0,13073810390.593632
us,2002,46266.29589143221,287625.0,13307343355.77319
us,2003,47157.99527113943,290108.0,13680911692.119717
us,2004,48492.71712261176,292805.0,14198910037.086336
us,2005,49654.76142510663,295517.0,14673826132.063236
us,2006,50489.860021832916,298380.0,15065164433.314505
us,2007,50901.74470450649,301231.0,15333183459.083195
us,2008,50275.746337143275,304094.0,15288552806.647247
us,2009,48452.93350407469,306772.0,14864003316.912
us,2010,49266.91586220606,309327.0,15239587282.908613
us,2011,49675.0,311583.0,15477885525.0
us,2012,50436.4354973145,313878.0,15830887501.026081
us,2013,51010.79810347045,316060.0,16122472848.58287
us,2014,51796.61921780836,318386.0,16491318406.281132
us,2015,52808.154135428966,320739.0,16937634549.243351
us,2016,53301.01506695151,323072.0,17220065539.71016
us,2017,54152.364518908056,325122.0,17606125057.116425
us,2018,55454.66943794172,326838.0,18124693249.757996
us,2019,56469.26365925514,328330.0,18540553337.24324
us,2020,54379.20651245575,331512.0,18027359509.35723
us,2021,57522.70462551701,332032.0,19099378662.219666
us,2022,58487.46586089506,333288.0,19493170521.845993
