region,year,life_expectancy,net_migration_thousands
china,1950,44.0569,4.099
china,1951,44.7877,7.839
china,1952,45.5769,17.884
china,1953,46.151,23.108
china,1954,47.0027,31.761
china,1955,47.4872,48.359
china,1956,48.061,71.923
china,1957,48.6383,89.799
china,1958,49.0938,91.222
china,1959,40.6241,82.127
china,1960,34.0478,55.958
china,1961,40.6739,-206.14
china,1962,51.259,-274.612
china,1963,51.964,-256.463
china,1964,52.6245,19.59
china,1965,53.3118,65.473
china,1966,53.9708,-2.926
china,1967,54.7055,-14.681
china,1968,55.4595,234.627
china,1969,56.2598,211.053
china,1970,57.1054,142.202
china,1971,58.0015,-58.744
china,1972,58.8365,-128.733
china,1973,59.7389,-212.934
china,1974,60.4768,-128.318
china,1975,61.1837,-114.897
china,1976,61.4572,2.851
china,1977,62.6669,56.573
china,1978,63.3071,58.461
china,1979,63.8988,52.645
china,1980,64.433,18.615
china,1981,64.959,-16.623
china,1982,65.4286,-27.949
china,1983,65.8984,-27.668
china,1984,66.3209,-33.701
china,1985,66.7046,-39.499
china,1986,67.054,-95.611
china,1987,67.4271,-204.69
china,1988,67.7584,-327.793
china,1989,68.0788,-377.145
china,1990,68.3026,-93.889
china,1991,68.7534,-488.289
china,1992,69.1942,-61.515
china,1993,69.6249,-310.117
china,1994,69.9651,-667.456
china,1995,70.4819,-311.259
china,1996,70.9382,-200.054
china,1997,71.3428,-219.796
china,1998,71.7135,27.356
china,1999,72.0606,-21.552
china,2000,72.4005,-44.835
china,2001,72.7862,-138.008
china,2002,73.1443,-727.829
china,2003,73.4905,-597.914
china,2004,73.8287,-749.009
china,2005,74.1785,-80.488
china,2006,74.5034,-701.367
china,2007,74.884,-976.623
china,2008,74.9331,-701.267
china,2009,75.4144,-106.845
china,2010,75.764,-147.789
china,2011,75.9791,-366.883
china,2012,76.2893,9.269
china,2013,76.5443,-151.47
china,2014,76.7997,-330.69
china,2015,77.063,-618.18
china,2016,77.2944,-107.741
china,2017,77.3226,-60.633
china,2018,77.7935,-180.937
china,2019,78.023,-637.187
china,2020,78.1067,-105.759
china,2021,78.1983,-520.347
china,2022,78.2626,-313.455
china,2023,78.0359,-595.121
china,2024,78.1024,-362.476
china,2025,78.4536,-271.538
china,2026,79.0932,-258.898
china,2027,79.3011,-217.119
china,2028,79.4967,-262.481
china,2029,79.6909,-222.836
china,2030,79.8872,-209.222
china,2031,80.0828,-234.499
china,2032,80.2762,-227.37
china,2033,80.4672,-228.608
china,2034,80.6661,-203.906
china,2035,80.8554,-230.844
china,2036,81.0448,-219.259
china,2037,81.2297,-198.8
china,2038,81.417,-192.572
china,2039,81.5928,-181.57
china,2040,81.7683,-202.896
china,2041,81.9424,-213.198
china,2042,82.1191,-213.307
china,2043,82.2902,-171.851
china,2044,82.4588,-146.695
china,2045,82.6245,-185.663
china,2046,82.7923,-212.598
china,2047,82.9599,-203.167
china,2048,83.1204,-181.597
china,2049,83.2786,-204.443
china,2050,83.4337,-165.813
china,2051,83.5838,-189.636
china,2052,83.7323,-208.127
china,2053,83.8822,-170.776
china,2054,84.0333,-155.886
china,2055,84.1824,-167.562
china,2056,84.3422,-174.683
china,2057,84.4932,-149.898
china,2058,84.641,-168.79
china,2059,84.7824,-161.221
china,2060,84.9282,-165.579
china,2061,85.0775,-147.466
china,2062,85.2239,-141.322
china,2063,85.3644,-126.672
china,2064,85.4919,-158.796
china,2065,85.6251,-126.184
china,2066,85.763,-135.872
china,2067,85.8944,-151.69
china,2068,86.0275,-126.947
china,2069,86.1603,-124.762
china,2070,86.2941,-114.352
china,2071,86.4225,-115.008
china,2072,86.5511,-135.216
china,2073,86.6697,-134.134
china,2074,86.7978,-112.159
china,2075,86.9258,-123.363
china,2076,87.0436,-106.176
china,2077,87.1655,-107.45
china,2078,87.2833,-92.423
china,2079,87.3983,-108.262
china,2080,87.5125,-108.679
china,2081,87.6296,-97.36
china,2082,87.7533,-74.098
china,2083,87.8659,-79.161
china,2084,87.9835,-114.377
china,2085,88.106,-100.577
china,2086,88.2334,-86.524
china,2087,88.3505,-97.006
china,2088,88.4657,-96.57
china,2089,88.5753,-96.691
china,2090,88.6879,-84.597
china,2091,88.8072,-83.891
china,2092,88.9219,-84.047
china,2093,89.0367,-89.252
china,2094,89.1531,-91.634
china,2095,89.263,-80.558
china,2096,89.3811,-94.266
china,2097,89.4904,-94.251
china,2098,89.5999,-80.627
china,2099,89.713,-82.609
china,2100,89.8279,-75.589
india,1950,40.1897,14.426
india,1951,40.6925,191.773
india,1952,41.2526,208.013
india,1953,41.6517,-94.177
india,1954,42.507,115.493
india,1955,43.0592,55.625
india,1956,43.5162,142.387
india,1957,43.9217,-457.127
india,1958,44.3474,172.992
india,1959,44.8762,113.193
india,1960,45.2587,138.757
india,1961,45.602,241.595
india,1962,46.0187,-118.887
india,1963,46.3603,-27.466
india,1964,46.7893,-184.441
india,1965,45.8866,-256.848
india,1966,46.4222,-626.868
india,1967,46.7995,-103.442
india,1968,48.2682,-1063.835
india,1969,48.6359,-1039.897
india,1970,48.3756,94.818
india,1971,46.7326,-857.627
india,1972,49.6481,-451.317
india,1973,50.0458,-572.007
india,1974,50.5222,-20.188
india,1975,51.0731,-43.61
india,1976,51.5745,-239.956
india,1977,52.0701,93.282
india,1978,52.6145,-750.824
india,1979,53.1562,135.27
india,1980,53.7166,-458.067
india,1981,54.2833,-1688.292
india,1982,54.8064,-541.37
india,1983,55.3261,-467.534
india,1984,55.7476,-593.295
india,1985,56.1768,-627.48
india,1986,56.716,-885.955
india,1987,57.1354,-920.122
india,1988,57.5852,-691.147
india,1989,57.9819,-481.228
india,1990,58.3998,-659.733
india,1991,58.5489,-369.54
india,1992,59.1824,373.416
india,1993,59.5853,728.779
india,1994,59.9749,-581.962
india,1995,60.3531,-215.181
india,1996,60.7613,-304.662
india,1997,61.1767,-314.188
india,1998,61.6173,-350.11
india,1999,62.1021,-528.758
india,2000,62.5925,-1448.545
india,2001,63.0411,-1200.951
india,2002,63.5333,-1600.582
india,2003,63.9788,-1746.494
india,2004,64.3194,-1788.608
india,2005,64.7178,-2233.209
india,2006,65.2356,-1905.079
india,2007,65.6246,-2803.316
india,2008,66.0412,-2457.647
india,2009,66.4231,-1884.485
india,2010,66.8882,-2126.57
india,2011,67.3223,-2034.318
india,2012,67.7419,-3015.013
india,2013,68.1424,-3306.062
india,2014,68.5449,-3256.168
india,2015,68.9082,-4263.869
india,2016,69.2997,-3620.581
india,2017,69.6455,-3316.163
india,2018,69.9838,-3279.061
india,2019,70.3149,-3000.114
india,2020,69.6079,-1349.792
india,2021,67.4149,-2347.981
india,2022,71.3018,-4282.634
india,2023,71.6029,-3637.991
india,2024,71.8236,-2980.679
india,2025,72.0548,-2604.844
india,2026,72.2716,-2334.696
india,2027,72.4985,-2013.068
india,2028,72.7019,-1742.801
india,2029,72.9147,-1609.843
india,2030,73.1214,-1494.353
india,2031,73.3163,-1455.801
india,2032,73.5168,-1451.076
india,2033,73.7119,-1405.684
india,2034,73.9121,-1511.394
india,2035,74.0987,-1507.412
india,2036,74.2882,-1439.84
india,2037,74.4601,-1479.159
india,2038,74.6451,-1463.204
india,2039,74.8311,-1398.757
india,2040,75.0192,-1424.184
india,2041,75.1891,-1390.983
india,2042,75.3631,-1458.92
india,2043,75.5362,-1396.824
india,2044,75.7128,-1399.912
india,2045,75.8803,-1339.301
india,2046,76.052,-1279.889
india,2047,76.2129,-1376.234
india,2048,76.3754,-1380.795
india,2049,76.5392,-1269.823
india,2050,76.6989,-1367.028
india,2051,76.8613,-1436.86
india,2052,77.0209,-1309.112
india,2053,77.1778,-1291.962
india,2054,77.3269,-1309.228
india,2055,77.4848,-1254.028
india,2056,77.6426,-1237.724
india,2057,77.8033,-1232.196
india,2058,77.9603,-1278.767
india,2059,78.1137,-1385.839
india,2060,78.2644,-1311.199
india,2061,78.4185,-1384.767
india,2062,78.5695,-1237.931
india,2063,78.7229,-1283.89
india,2064,78.8751,-1225.925
india,2065,79.0183,-1228.722
india,2066,79.1716,-1275.552
india,2067,79.314,-1282.905
india,2068,79.4597,-1171.662
india,2069,79.6072,-1215.136
india,2070,79.7478,-1165.121
india,2071,79.8913,-1302.467
india,2072,80.0276,-1232.748
india,2073,80.1751,-1146.103
india,2074,80.3123,-1219.789
india,2075,80.4468,-1298.226
india,2076,80.5862,-1256.439
india,2077,80.7251,-1266.709
india,2078,80.8598,-1356.464
india,2079,80.9967,-1214.996
india,2080,81.1307,-1258.337
india,2081,81.2708,-1398.307
india,2082,81.4047,-1332.859
india,2083,81.5379,-1378.252
india,2084,81.6678,-1233.059
india,2085,81.7925,-1316.19
india,2086,81.918,-1415.01
india,2087,82.0439,-1250.741
india,2088,82.168,-1270.84
india,2089,82.287,-1301.038
india,2090,82.414,-1194.739
india,2091,82.536,-1233.655
india,2092,82.6629,-1190.937
india,2093,82.7868,-1197.068
india,2094,82.9101,-1170.881
india,2095,83.0303,-1186.901
india,2096,83.1557,-1184.423
india,2097,83.2762,-1183.17
india,2098,83.397,-1193.836
india,2099,83.5177,-1131.457
india,2100,83.6321,-1154.818
latam,1950,49.4493,-79.942
latam,1951,49.9989,-98.625
latam,1952,50.6152,-130.561
latam,1953,51.2213,-170.993
latam,1954,51.842,-193.481
latam,1955,52.368,-216.181
latam,1956,52.9277,-236.802
latam,1957,53.439,-258.717
latam,1958,54.0182,-292.393
latam,1959,54.5529,-290.268
latam,1960,55.1034,-301.053
latam,1961,55.6032,-277.085
latam,1962,56.0345,-306.163
latam,1963,56.437,-323.834
latam,1964,56.8685,-342.502
latam,1965,57.312,-353.39
latam,1966,57.8296,-371.677
latam,1967,58.25,-384.448
latam,1968,58.5731,-406.832
latam,1969,58.865,-433.869
latam,1970,58.9229,-481.67
latam,1971,59.7556,-539.866
latam,1972,60.1865,-561.616
latam,1973,60.6448,-574.227
latam,1974,61.0589,-608.305
latam,1975,61.6152,-661.674
latam,1976,61.9673,-702.019
latam,1977,62.5581,-670.183
latam,1978,62.9798,-674.956
latam,1979,63.3218,-691.835
latam,1980,63.6686,-695.704
latam,1981,64.0805,-846.049
latam,1982,64.3974,-795.163
latam,1983,64.9414,-737.527
latam,1984,65.3057,-748.402
latam,1985,65.4963,-771.189
latam,1986,66.1366,-879.011
latam,1987,66.4844,-821.902
latam,1988,66.8442,-761.478
latam,1989,67.1885,-781.33
latam,1990,67.5231,-672.566
latam,1991,67.8403,-840.137
latam,1992,68.1078,-710.469
latam,1993,68.4423,-891.634
latam,1994,68.8161,-865.684
latam,1995,69.2011,-886.415
latam,1996,69.5807,-890.269
latam,1997,69.9764,-889.674
latam,1998,70.1747,-737.046
latam,1999,70.5633,-855.158
latam,2000,70.8824,-989.552
latam,2001,71.1631,-1061.107
latam,2002,71.5749,-1069.415
latam,2003,71.8906,-1092.774
latam,2004,72.2154,-1082.66
latam,2005,72.5747,-1091.856
latam,2006,72.8441,-1012.108
latam,2007,73.0701,-876.893
latam,2008,73.2676,-874.989
latam,2009,73.4541,-901.063
latam,2010,73.4202,-888.121
latam,2011,73.9368,-824.24
latam,2012,74.1762,-821.701
latam,2013,74.3925,-766.907
latam,2014,74.5719,-811.052
latam,2015,74.7541,-817.746
latam,2016,74.6873,-590.642
latam,2017,74.8395,-773.352
latam,2018,75.0589,-761.261
latam,2019,75.2107,-872.272
latam,2020,73.2014,-608.02
latam,2021,71.8248,-553.736
latam,2022,74.6564,-395.977
latam,2023,75.6525,-372.549
latam,2024,75.827,-382.946
latam,2025,75.997,-406.033
latam,2026,76.1651,-411.802
latam,2027,76.3332,-381.433
latam,2028,76.5013,-388.617
latam,2029,76.6698,-371.898
latam,2030,76.8367,-361.626
latam,2031,77.0037,-350.105
latam,2032,77.1663,-340.787
latam,2033,77.3298,-330.304
latam,2034,77.4913,-312.83
latam,2035,77.6557,-305.884
latam,2036,77.8166,-302.446
latam,2037,77.9743,-298.02
latam,2038,78.1335,-282.225
latam,2039,78.2914,-281.278
latam,2040,78.4509,-269.253
latam,2041,78.6087,-272.368
latam,2042,78.766,-262.66
latam,2043,78.9201,-268.859
latam,2044,79.0742,-264.341
latam,2045,79.2276,-268.52
latam,2046,79.3803,-261.658
latam,2047,79.5337,-251.358
latam,2048,79.6852,-250.777
latam,2049,79.834,-267.775
latam,2050,79.9845,-241.435
latam,2051,80.1341,-253.329
latam,2052,80.2854,-245.018
latam,2053,80.4315,-254.656
latam,2054,80.5753,-253.219
latam,2055,80.7215,-249.83
latam,2056,80.8688,-252.307
latam,2057,81.0134,-255.738
latam,2058,81.1591,-241.629
latam,2059,81.3,-254.688
latam,2060,81.4413,-255.248
latam,2061,81.5775,-244.928
latam,2062,81.7188,-249.741
latam,2063,81.857,-253.501
latam,2064,81.9934,-249.271
latam,2065,82.1288,-259.862
latam,2066,82.2606,-253.041
latam,2067,82.3976,-248.861
latam,2068,82.5291,-243.403
latam,2069,82.6581,-239.066
latam,2070,82.7886,-240.362
latam,2071,82.9163,-228.334
latam,2072,83.0466,-226.047
latam,2073,83.1766,-229.847
latam,2074,83.3023,-216.74
latam,2075,83.4302,-217.112
latam,2076,83.5564,-211.84
latam,2077,83.6817,-214.095
latam,2078,83.8065,-214.756
latam,2079,83.9301,-214.507
latam,2080,84.0524,-209.598
latam,2081,84.1716,-205.318
latam,2082,84.2917,-194.712
latam,2083,84.4136,-188.746
latam,2084,84.5366,-191.255
latam,2085,84.6524,-194.55
latam,2086,84.7675,-194.187
latam,2087,84.8853,-186.169
latam,2088,85.0039,-182.367
latam,2089,85.1212,-188.75
latam,2090,85.2362,-188.052
latam,2091,85.3517,-184.535
latam,2092,85.4649,-176.824
latam,2093,85.5791,-188.884
latam,2094,85.6885,-179.745
latam,2095,85.8007,-180.83
latam,2096,85.9147,-181.214
latam,2097,86.0255,-174.518
latam,2098,86.1373,-174.51
latam,2099,86.248,-167.131
latam,2100,86.3563,-169.49
mena,1950,39.6615,83.401
mena,1951,40.3828,83.114
mena,1952,41.1028,83.014
mena,1953,41.6954,65.581
mena,1954,42.1108,39.186
mena,1955,42.7589,18.009
mena,1956,43.3524,112.504
mena,1957,43.8205,54.759
mena,1958,44.3702,-12.444
mena,1959,45.0777,32.155
mena,1960,45.6198,-10.253
mena,1961,46.3808,-96.946
mena,1962,46.8041,-62.191
mena,1963,47.8541,-100.903
mena,1964,48.466,-113.866
mena,1965,49.0452,-177.881
mena,1966,49.5966,-6.216
mena,1967,50.1366,-25.195
mena,1968,50.6464,-6.297
mena,1969,51.3235,-28.667
mena,1970,51.9352,-104.395
mena,1971,52.616,-94.352
mena,1972,53.2623,-92.951
mena,1973,53.8446,-67.494
mena,1974,54.591,-74.266
mena,1975,55.1958,211.446
mena,1976,55.7504,192.801
mena,1977,56.8865,37.918
mena,1978,57.4412,24.955
mena,1979,58.4915,-1.987
mena,1980,58.9254,232.617
mena,1981,59.0804,1465.654
mena,1982,59.554,366.413
mena,1983,60.7343,489.755
mena,1984,61.7355,565.449
mena,1985,62.4118,366.419
mena,1986,62.944,594.363
mena,1987,63.612,437.049
mena,1988,63.9452,213.487
mena,1989,64.7912,274.183
mena,1990,64.8856,-800.312
mena,1991,65.854,454.763
mena,1992,66.4516,-63.434
mena,1993,66.8105,-1004.728
mena,1994,67.0858,-221.82
mena,1995,67.4413,-201.052
mena,1996,67.8351,-33.346
mena,1997,68.1811,130.715
mena,1998,68.5922,276.515
mena,1999,68.8549,229.559
mena,2000,69.3702,692.838
mena,2001,69.7415,632.143
mena,2002,70.1377,-179.909
mena,2003,70.1988,1047.257
mena,2004,70.6984,1250.035
mena,2005,71.0073,1379.532
mena,2006,71.2168,1461.713
mena,2007,71.5538,1117.589
mena,2008,71.9569,1096.349
mena,2009,72.2853,721.67
mena,2010,72.5403,636.48
mena,2011,72.6154,908.049
mena,2012,72.6802,1069.25
mena,2013,72.9481,1313.713
mena,2014,73.2615,1465.424
mena,2015,73.374,1343.031
mena,2016,73.5973,353.544
mena,2017,73.9452,-767.812
mena,2018,74.2286,-586.916
mena,2019,74.5344,-102.872
mena,2020,73.0889,-429.552
mena,2021,72.7607,765.389
mena,2022,74.6412,2909.683
mena,2023,74.9407,1734.688
mena,2024,75.1864,960.383
mena,2025,75.4532,264.808
mena,2026,75.7402,349.512
mena,2027,75.9036,179.746
mena,2028,76.0641,10.793
mena,2029,76.2224,-87.348
mena,2030,76.3761,-225.544
mena,2031,76.5321,-233.759
mena,2032,76.6855,-257.012
mena,2033,76.836,-269.143
mena,2034,76.9861,-291.963
mena,2035,77.1325,-292.209
mena,2036,77.2806,-278.092
mena,2037,77.4288,-270.005
mena,2038,77.5745,-291.502
mena,2039,77.7222,-254.182
mena,2040,77.8674,-260.639
mena,2041,78.0115,-285.067
mena,2042,78.1552,-285.818
mena,2043,78.2971,-322.596
mena,2044,78.4415,-294.226
mena,2045,78.5831,-281.12
mena,2046,78.725,-310.025
mena,2047,78.8679,-280.796
mena,2048,79.0074,-247.451
mena,2049,79.1433,-234.394
mena,2050,79.2816,-243.031
mena,2051,79.4173,-266.134
mena,2052,79.5568,-289.707
mena,2053,79.6879,-224.216
mena,2054,79.8235,-236.922
mena,2055,79.9573,-267.734
mena,2056,80.0894,-266.123
mena,2057,80.22,-281.367
mena,2058,80.3475,-271.933
mena,2059,80.4791,-256.667
mena,2060,80.6039,-233.068
mena,2061,80.7321,-291.947
mena,2062,80.8586,-280.268
mena,2063,80.9829,-254.591
mena,2064,81.1096,-255.563
mena,2065,81.2372,-258.098
mena,2066,81.3628,-236.912
mena,2067,81.4876,-308.753
mena,2068,81.6131,-281.481
mena,2069,81.7351,-314.282
mena,2070,81.8598,-310.282
mena,2071,81.9855,-265.443
mena,2072,82.1099,-246.27
mena,2073,82.2342,-258.222
mena,2074,82.358,-298.954
mena,2075,82.4786,-311.329
mena,2076,82.5954,-292.631
mena,2077,82.7142,-336.09
mena,2078,82.8349,-285.732
mena,2079,82.9544,-207.081
mena,2080,83.0714,-204.581
mena,2081,83.1904,-180.891
mena,2082,83.3099,-207.906
mena,2083,83.4274,-250.274
mena,2084,83.5418,-221.438
mena,2085,83.659,-175.231
mena,2086,83.7789,-220.733
mena,2087,83.8966,-235.961
mena,2088,84.0158,-210.62
mena,2089,84.1344,-198.136
mena,2090,84.2545,-271.857
mena,2091,84.3718,-187.187
mena,2092,84.489,-197.897
mena,2093,84.6031,-197.737
mena,2094,84.7201,-259.513
mena,2095,84.8369,-186.847
mena,2096,84.9497,-229.53
mena,2097,85.0629,-238.725
mena,2098,85.1775,-215.931
mena,2099,85.2907,-237.814
mena,2100,85.4035,-245.287
oecd-ex-us,1950,62.5083,-213.967
oecd-ex-us,1951,63.0092,-294.397
oecd-ex-us,1952,64.4821,-194.556
oecd-ex-us,1953,65.1238,233.522
oecd-ex-us,1954,66.0646,-71.693
oecd-ex-us,1955,66.5477,-65.979
oecd-ex-us,1956,66.6486,-164.335
oecd-ex-us,1957,66.8247,374.114
oecd-ex-us,1958,67.8032,104.252
oecd-ex-us,1959,68.0488,-105.84
oecd-ex-us,1960,68.3566,-77.198
oecd-ex-us,1961,68.7988,-127.903
oecd-ex-us,1962,68.8025,232.756
oecd-ex-us,1963,69.0952,129.195
oecd-ex-us,1964,69.6683,-83.94
oecd-ex-us,1965,69.752,153.733
oecd-ex-us,1966,70.0357,416.787
oecd-ex-us,1967,70.4938,-69.356
oecd-ex-us,1968,70.4423,446.072
oecd-ex-us,1969,70.4049,691.077
oecd-ex-us,1970,70.7478,189.402
oecd-ex-us,1971,71.049,1093.456
oecd-ex-us,1972,71.3648,803.029
oecd-ex-us,1973,71.5397,850.259
oecd-ex-us,1974,71.8437,416.3
oecd-ex-us,1975,72.047,-1.911
oecd-ex-us,1976,72.3051,148.012
oecd-ex-us,1977,72.663,118.571
oecd-ex-us,1978,72.8242,134.961
oecd-ex-us,1979,73.1498,382.693
oecd-ex-us,1980,73.1772,750.319
oecd-ex-us,1981,73.5732,139.85
oecd-ex-us,1982,73.8684,-154.331
oecd-ex-us,1983,73.9064,-24.147
oecd-ex-us,1984,74.3077,-65.966
oecd-ex-us,1985,74.3828,324.04
oecd-ex-us,1986,74.6892,734.316
oecd-ex-us,1987,74.9959,747.771
oecd-ex-us,1988,75.1606,1132.969
oecd-ex-us,1989,75.3832,1293.071
oecd-ex-us,1990,75.4792,1398.203
oecd-ex-us,1991,75.6477,979.407
oecd-ex-us,1992,75.7803,615.558
oecd-ex-us,1993,75.9338,563.553
oecd-ex-us,1994,76.3322,959.063
oecd-ex-us,1995,76.4588,339.105
oecd-ex-us,1996,76.812,821.765
oecd-ex-us,1997,77.1212,539.545
oecd-ex-us,1998,77.3301,-440.421
oecd-ex-us,1999,77.4912,928.595
oecd-ex-us,2000,77.9562,1090.249
oecd-ex-us,2001,78.2832,1493.24
oecd-ex-us,2002,78.4623,2131.217
oecd-ex-us,2003,78.5853,2135.941
oecd-ex-us,2004,79.0768,1986.698
oecd-ex-us,2005,79.1965,1905.032
oecd-ex-us,2006,79.5653,1367.886
oecd-ex-us,2007,79.7489,2325.107
oecd-ex-us,2008,79.9605,1911.422
oecd-ex-us,2009,80.2507,1448.539
oecd-ex-us,2010,80.4622,1476.634
oecd-ex-us,2011,80.6709,1645.827
oecd-ex-us,2012,80.8292,1416.577
oecd-ex-us,2013,81.0937,1674.648
oecd-ex-us,2014,81.3628,1900.927
oecd-ex-us,2015,81.3043,2787.811
oecd-ex-us,2016,81.5631,2447.65
oecd-ex-us,2017,81.6227,2536.077
oecd-ex-us,2018,81.7354,2731.89
oecd-ex-us,2019,81.9726,2727.788
oecd-ex-us,2020,81.4579,1721.017
oecd-ex-us,2021,81.4281,1718.427
oecd-ex-us,2022,81.4111,5809.338
oecd-ex-us,2023,82.3112,2680.795
oecd-ex-us,2024,82.4578,1401.916
oecd-ex-us,2025,82.6108,766.303
oecd-ex-us,2026,82.7612,1652.396
oecd-ex-us,2027,82.9082,1629.534
oecd-ex-us,2028,83.0559,1594.109
oecd-ex-us,2029,83.2028,1535.146
oecd-ex-us,2030,83.3482,1515.565
oecd-ex-us,2031,83.4902,1469.209
oecd-ex-us,2032,83.6329,1468.901
oecd-ex-us,2033,83.7727,1452.208
oecd-ex-us,2034,83.9055,1448.116
oecd-ex-us,2035,84.0453,1408.664
oecd-ex-us,2036,84.1823,1383.309
oecd-ex-us,2037,84.3193,1374.0
oecd-ex-us,2038,84.4546,1377.236
oecd-ex-us,2039,84.5862,1334.347
oecd-ex-us,2040,84.7247,1349.921
oecd-ex-us,2041,84.8551,1375.503
oecd-ex-us,2042,84.9867,1396.293
oecd-ex-us,2043,85.1164,1361.745
oecd-ex-us,2044,85.2451,1358.156
oecd-ex-us,2045,85.3756,1353.875
oecd-ex-us,2046,85.4982,1368.011
oecd-ex-us,2047,85.6278,1337.877
oecd-ex-us,2048,85.7544,1365.635
oecd-ex-us,2049,85.8805,1320.61
oecd-ex-us,2050,86.0052,1371.827
oecd-ex-us,2051,86.1324,1370.489
oecd-ex-us,2052,86.2557,1371.321
oecd-ex-us,2053,86.3754,1324.743
oecd-ex-us,2054,86.5006,1337.912
oecd-ex-us,2055,86.626,1306.807
oecd-ex-us,2056,86.7481,1291.397
oecd-ex-us,2057,86.8679,1299.068
oecd-ex-us,2058,86.9874,1331.043
oecd-ex-us,2059,87.1054,1294.719
oecd-ex-us,2060,87.2235,1299.698
oecd-ex-us,2061,87.3409,1317.692
oecd-ex-us,2062,87.4577,1311.279
oecd-ex-us,2063,87.5755,1334.616
oecd-ex-us,2064,87.6928,1300.85
oecd-ex-us,2065,87.8095,1294.581
oecd-ex-us,2066,87.926,1309.199
oecd-ex-us,2067,88.0382,1324.173
oecd-ex-us,2068,88.1516,1287.29
oecd-ex-us,2069,88.2683,1286.135
oecd-ex-us,2070,88.3799,1269.679
oecd-ex-us,2071,88.5003,1270.6
oecd-ex-us,2072,88.6138,1239.771
oecd-ex-us,2073,88.729,1208.312
oecd-ex-us,2074,88.8423,1213.215
oecd-ex-us,2075,88.9569,1273.19
oecd-ex-us,2076,89.0689,1259.392
oecd-ex-us,2077,89.182,1236.221
oecd-ex-us,2078,89.295,1264.207
oecd-ex-us,2079,89.405,1239.407
oecd-ex-us,2080,89.5141,1250.52
oecd-ex-us,2081,89.6266,1286.715
oecd-ex-us,2082,89.736,1243.054
oecd-ex-us,2083,89.8492,1261.642
oecd-ex-us,2084,89.9618,1232.575
oecd-ex-us,2085,90.0674,1204.823
oecd-ex-us,2086,90.1783,1205.972
oecd-ex-us,2087,90.2848,1209.141
oecd-ex-us,2088,90.3958,1253.072
oecd-ex-us,2089,90.5097,1171.369
oecd-ex-us,2090,90.6189,1166.844
oecd-ex-us,2091,90.7301,1200.982
oecd-ex-us,2092,90.8431,1180.919
oecd-ex-us,2093,90.9519,1191.06
oecd-ex-us,2094,91.0629,1168.701
oecd-ex-us,2095,91.1708,1145.648
oecd-ex-us,2096,91.2806,1143.06
oecd-ex-us,2097,91.3923,1159.439
oecd-ex-us,2098,91.5014,1162.925
oecd-ex-us,2099,91.6104,1130.508
oecd-ex-us,2100,91.7181,1106.393
russia,1950,56.4548,173.988
russia,1951,56.4519,155.482
russia,1952,58.0556,109.359
russia,1953,59.0465,93.02
russia,1954,60.0312,204.551
russia,1955,61.6059,176.044
russia,1956,64.4902,90.579
russia,1957,64.4933,200.984
russia,1958,65.6541,161.852
russia,1959,65.7695,-207.666
russia,1960,66.539,-44.492
russia,1961,66.878,22.428
russia,1962,66.9513,54.136
russia,1963,67.3828,95.769
russia,1964,67.741,154.965
russia,1965,67.6934,168.49
russia,1966,67.7731,237.163
russia,1967,67.6971,241.254
russia,1968,67.6284,301.679
russia,1969,67.3847,212.976
russia,1970,67.4653,-185.74
russia,1971,67.6213,30.614
russia,1972,67.6409,25.082
russia,1973,67.7054,-27.919
russia,1974,67.5818,44.525
russia,1975,67.2979,159.926
russia,1976,67.2053,350.639
russia,1977,67.0867,361.606
russia,1978,67.0624,287.099
russia,1979,66.9672,-106.018
russia,1980,66.9884,-66.691
russia,1981,67.1503,-65.995
russia,1982,67.5444,-47.307
russia,1983,67.5594,42.055
russia,1984,67.3822,15.99
russia,1985,67.9662,34.268
russia,1986,69.0706,90.263
russia,1987,69.2211,67.03
russia,1988,68.9066,224.025
russia,1989,68.9336,-154.752
russia,1990,68.5725,-102.284
russia,1991,68.2213,-139.991
russia,1992,67.236,-1569.441
russia,1993,65.5378,-281.479
russia,1994,64.7619,175.364
russia,1995,64.8209,-113.216
russia,1996,65.596,-311.476
russia,1997,66.3336,-427.393
russia,1998,66.6177,-429.851
russia,1999,66.0259,-141.196
russia,2000,65.7493,171.094
russia,2001,65.8359,-113.11
russia,2002,65.7957,1116.946
russia,2003,65.8914,74.322
russia,2004,66.181,52.414
russia,2005,66.2895,-84.326
russia,2006,67.0933,192.335
russia,2007,67.7377,122.206
russia,2008,68.1905,88.567
russia,2009,68.8893,172.353
russia,2010,68.9333,123.749
russia,2011,69.9591,148.291
russia,2012,70.3627,185.944
russia,2013,70.8311,152.494
russia,2014,71.08,70.845
russia,2015,71.611,272.629
russia,2016,72.1058,353.302
russia,2017,72.7565,314.571
russia,2018,72.8124,222.934
russia,2019,72.9794,286.291
russia,2020,71.3417,300.986
russia,2021,70.444,265.754
russia,2022,72.5858,-4728.092
russia,2023,73.1295,-311.096
russia,2024,73.4354,903.027
russia,2025,73.5981,1376.407
russia,2026,73.7611,254.58
russia,2027,73.9185,241.857
russia,2028,74.0712,250.636
russia,2029,74.2287,247.812
russia,2030,74.3898,234.984
russia,2031,74.5421,205.729
russia,2032,74.6961,242.824
russia,2033,74.8518,240.541
russia,2034,75.0078,239.107
russia,2035,75.1635,241.619
russia,2036,75.3259,239.178
russia,2037,75.4794,226.614
russia,2038,75.6355,239.592
russia,2039,75.7888,228.219
russia,2040,75.9406,258.445
russia,2041,76.0973,247.793
russia,2042,76.2502,260.815
russia,2043,76.4042,242.679
russia,2044,76.5583,261.069
russia,2045,76.7124,272.983
russia,2046,76.8614,277.885
russia,2047,77.002,274.18
russia,2048,77.1533,268.471
russia,2049,77.2996,254.149
russia,2050,77.4458,254.761
russia,2051,77.5938,257.42
russia,2052,77.7428,277.531
russia,2053,77.8902,240.64
russia,2054,78.0345,246.686
russia,2055,78.183,237.831
russia,2056,78.3269,255.094
russia,2057,78.4716,257.806
russia,2058,78.6182,242.158
russia,2059,78.7613,251.345
russia,2060,78.9049,278.959
russia,2061,79.0458,252.362
russia,2062,79.1864,271.483
russia,2063,79.3299,252.874
russia,2064,79.4684,247.529
russia,2065,79.6124,238.614
russia,2066,79.7509,254.09
russia,2067,79.8881,261.282
russia,2068,80.0296,257.934
russia,2069,80.1684,243.548
russia,2070,80.3062,235.65
russia,2071,80.4449,215.575
russia,2072,80.5799,246.958
russia,2073,80.7138,235.708
russia,2074,80.8458,247.369
russia,2075,80.9795,248.269
russia,2076,81.1155,264.645
russia,2077,81.2475,248.007
russia,2078,81.38,247.713
russia,2079,81.5112,237.675
russia,2080,81.6423,253.501
russia,2081,81.7716,255.457
russia,2082,81.9003,229.686
russia,2083,82.0288,256.331
russia,2084,82.1588,242.116
russia,2085,82.2907,226.002
russia,2086,82.4205,225.168
russia,2087,82.5546,245.436
russia,2088,82.6837,228.629
russia,2089,82.8087,228.945
russia,2090,82.9337,221.141
russia,2091,83.0572,233.493
russia,2092,83.1849,207.068
russia,2093,83.3081,239.497
russia,2094,83.4281,256.391
russia,2095,83.5478,245.905
russia,2096,83.6721,226.662
russia,2097,83.7958,240.536
russia,2098,83.9219,218.597
russia,2099,84.043,227.141
russia,2100,84.1697,229.97
seasia,1950,41.4731,17.8
seasia,1951,42.3909,51.727
seasia,1952,44.0843,78.069
seasia,1953,45.1671,88.507
seasia,1954,46.5904,134.663
seasia,1955,47.6096,166.385
seasia,1956,48.3217,198.791
seasia,1957,48.9958,194.276
seasia,1958,49.5642,112.096
seasia,1959,50.2413,153.537
seasia,1960,50.8601,-83.921
seasia,1961,51.3649,-62.895
seasia,1962,51.8541,-63.728
seasia,1963,52.1493,-82.256
seasia,1964,52.7303,-52.692
seasia,1965,50.3588,-242.262
seasia,1966,52.7733,-274.376
seasia,1967,54.0891,-272.92
seasia,1968,53.9616,-139.759
seasia,1969,54.7511,-108.641
seasia,1970,55.041,-395.854
seasia,1971,55.5807,-233.078
seasia,1972,55.4457,-254.876
seasia,1973,56.3245,-340.693
seasia,1974,56.5944,-396.584
seasia,1975,57.4151,-245.981
seasia,1976,58.0614,-198.496
seasia,1977,58.6642,-92.517
seasia,1978,59.1447,-204.119
seasia,1979,60.0834,-355.799
seasia,1980,60.5935,-218.28
seasia,1981,60.9896,-71.539
seasia,1982,61.4989,7.404
seasia,1983,62.0082,216.558
seasia,1984,62.4897,80.92
seasia,1985,62.9487,-54.046
seasia,1986,63.3126,-111.885
seasia,1987,63.7151,110.321
seasia,1988,64.0683,28.046
seasia,1989,64.466,-37.382
seasia,1990,64.7777,226.996
seasia,1991,65.114,-240.058
seasia,1992,65.5326,340.676
seasia,1993,65.9476,-26.058
seasia,1994,66.1603,304.639
seasia,1995,65.9786,400.247
seasia,1996,66.2469,588.041
seasia,1997,66.5606,659.048
seasia,1998,66.8222,494.392
seasia,1999,67.0111,-198.181
seasia,2000,67.3039,-65.046
seasia,2001,67.5608,-339.236
seasia,2002,67.8294,-481.971
seasia,2003,68.3868,-551.386
seasia,2004,67.8363,-479.929
seasia,2005,68.7979,-455.383
seasia,2006,68.9377,43.818
seasia,2007,69.2213,464.699
seasia,2008,68.9453,213.631
seasia,2009,69.65,-108.497
seasia,2010,69.8542,58.723
seasia,2011,70.1122,-154.697
seasia,2012,70.3349,218.314
seasia,2013,70.5318,-116.264
seasia,2014,70.7293,-124.689
seasia,2015,70.9242,-322.235
seasia,2016,71.0857,32.592
seasia,2017,71.3152,-51.904
seasia,2018,71.4047,-48.244
seasia,2019,71.5405,0.461
seasia,2020,71.196,-163.613
seasia,2021,69.7864,-39.815
seasia,2022,71.5872,-13.73
seasia,2023,71.9636,-156.104
seasia,2024,72.1047,-141.659
seasia,2025,72.2605,-127.401
seasia,2026,72.4119,-138.221
seasia,2027,72.5646,-108.941
seasia,2028,72.7191,-97.009
seasia,2029,72.8628,-110.266
seasia,2030,73.0113,-75.467
seasia,2031,73.1562,-81.843
seasia,2032,73.3029,-81.266
seasia,2033,73.4544,-90.668
seasia,2034,73.5976,-79.684
seasia,2035,73.7407,-81.065
seasia,2036,73.8855,-93.25
seasia,2037,74.032,-77.911
seasia,2038,74.1774,-75.199
seasia,2039,74.3217,-92.951
seasia,2040,74.4668,-98.239
seasia,2041,74.6094,-92.797
seasia,2042,74.7537,-74.537
seasia,2043,74.8969,-82.035
seasia,2044,75.0409,-92.705
seasia,2045,75.1839,-77.608
seasia,2046,75.3256,-85.515
seasia,2047,75.4667,-91.618
seasia,2048,75.6095,-90.825
seasia,2049,75.7497,-98.763
seasia,2050,75.8903,-84.985
seasia,2051,76.0303,-105.439
seasia,2052,76.169,-108.673
seasia,2053,76.309,-91.086
seasia,2054,76.4474,-107.977
seasia,2055,76.5826,-107.896
seasia,2056,76.7207,-104.166
seasia,2057,76.86,-92.829
seasia,2058,76.9951,-93.844
seasia,2059,77.1343,-100.425
seasia,2060,77.2697,-103.032
seasia,2061,77.408,-105.74
seasia,2062,77.5491,-117.56
seasia,2063,77.6866,-105.263
seasia,2064,77.8241,-101.993
seasia,2065,77.9616,-127.931
seasia,2066,78.095,-108.661
seasia,2067,78.2314,-107.715
seasia,2068,78.3714,-106.517
seasia,2069,78.5033,-96.2
seasia,2070,78.645,-110.343
seasia,2071,78.7863,-83.987
seasia,2072,78.9219,-103.025
seasia,2073,79.0576,-114.98
seasia,2074,79.1978,-111.438
seasia,2075,79.3333,-107.835
seasia,2076,79.4701,-79.099
seasia,2077,79.6024,-116.501
seasia,2078,79.7415,-108.186
seasia,2079,79.8768,-116.858
seasia,2080,80.0132,-116.534
seasia,2081,80.1511,-109.488
seasia,2082,80.2822,-115.564
seasia,2083,80.415,-105.211
seasia,2084,80.5515,-104.54
seasia,2085,80.6854,-102.495
seasia,2086,80.8171,-107.806
seasia,2087,80.9501,-110.35
seasia,2088,81.0863,-90.89
seasia,2089,81.2247,-114.473
seasia,2090,81.3529,-106.503
seasia,2091,81.4854,-103.81
seasia,2092,81.6146,-100.457
seasia,2093,81.7434,-102.118
seasia,2094,81.8787,-101.131
seasia,2095,82.0113,-103.984
seasia,2096,82.1446,-120.88
seasia,2097,82.2753,-105.148
seasia,2098,82.4082,-112.362
seasia,2099,82.5374,-109.964
seasia,2100,82.6686,-116.79
ssa,1950,37.6455,-52.189
ssa,1951,38.0381,-75.673
ssa,1952,38.4132,-120.18
ssa,1953,38.8113,-213.531
ssa,1954,39.2256,-194.992
ssa,1955,39.629,-200.498
ssa,1956,40.0367,-201.22
ssa,1957,39.8369,-211.524
ssa,1958,40.2136,-331.136
ssa,1959,41.2011,-162.88
ssa,1960,41.4464,-100.508
ssa,1961,41.7474,-73.39
ssa,1962,42.2565,-86.926
ssa,1963,42.5353,-73.536
ssa,1964,42.8701,-15.747
ssa,1965,43.1357,-2.216
ssa,1966,43.2418,-9.579
ssa,1967,43.5628,43.378
ssa,1968,44.0519,39.832
ssa,1969,44.3284,-27.774
ssa,1970,44.7916,-3.664
ssa,1971,45.1141,-173.957
ssa,1972,45.2,-172.162
ssa,1973,45.7611,161.849
ssa,1974,46.0007,59.856
ssa,1975,46.353,41.623
ssa,1976,47.033,-189.425
ssa,1977,47.4536,-482.311
ssa,1978,47.7438,567.908
ssa,1979,48.1828,81.468
ssa,1980,48.5571,-158.728
ssa,1981,48.8513,499.921
ssa,1982,49.1343,592.155
ssa,1983,48.41,-154.332
ssa,1984,48.5429,156.211
ssa,1985,48.8403,168.709
ssa,1986,49.2499,60.437
ssa,1987,49.9195,103.725
ssa,1988,49.8911,-278.883
ssa,1989,50.1868,-136.416
ssa,1990,50.0719,-381.138
ssa,1991,49.9649,-558.584
ssa,1992,49.9401,-229.675
ssa,1993,50.2194,-6.795
ssa,1994,50.0765,-281.452
ssa,1995,50.5463,-185.248
ssa,1996,50.5102,-811.644
ssa,1997,50.6754,-595.185
ssa,1998,50.6124,-65.963
ssa,1999,51.0545,-569.623
ssa,2000,51.6903,-654.596
ssa,2001,52.0319,-585.425
ssa,2002,52.4004,-524.975
ssa,2003,52.8681,-600.329
ssa,2004,53.3845,-502.41
ssa,2005,53.9289,-708.525
ssa,2006,54.6249,-794.946
ssa,2007,55.2972,-744.124
ssa,2008,55.9208,-692.906
ssa,2009,56.3949,-728.977
ssa,2010,57.141,-727.562
ssa,2011,57.502,-946.066
ssa,2012,58.26,-694.648
ssa,2013,58.7489,-464.035
ssa,2014,59.0097,-587.194
ssa,2015,59.4221,-103.569
ssa,2016,59.8326,-757.25
ssa,2017,60.1726,254.477
ssa,2018,60.7898,136.636
ssa,2019,61.1489,-176.596
ssa,2020,61.1878,304.962
ssa,2021,60.7202,37.521
ssa,2022,61.8727,-304.142
ssa,2023,62.6285,-665.29
ssa,2024,62.8258,-683.698
ssa,2025,63.0166,-227.03
ssa,2026,63.2143,-290.646
ssa,2027,63.4093,-504.847
ssa,2028,63.5978,-585.819
ssa,2029,63.782,-566.465
ssa,2030,63.9644,-578.97
ssa,2031,64.1438,-522.757
ssa,2032,64.3232,-568.841
ssa,2033,64.5018,-587.231
ssa,2034,64.6764,-535.232
ssa,2035,64.8477,-466.756
ssa,2036,65.0162,-520.255
ssa,2037,65.1855,-520.052
ssa,2038,65.3542,-567.892
ssa,2039,65.5193,-579.22
ssa,2040,65.6837,-581.97
ssa,2041,65.8456,-598.772
ssa,2042,66.0101,-639.153
ssa,2043,66.1702,-612.558
ssa,2044,66.3251,-663.546
ssa,2045,66.4847,-714.413
ssa,2046,66.6383,-726.508
ssa,2047,66.7973,-671.744
ssa,2048,66.9525,-728.32
ssa,2049,67.1052,-761.61
ssa,2050,67.2566,-797.258
ssa,2051,67.4092,-663.637
ssa,2052,67.5595,-756.411
ssa,2053,67.7091,-813.057
ssa,2054,67.8585,-753.947
ssa,2055,68.0046,-710.099
ssa,2056,68.1514,-739.265
ssa,2057,68.2938,-820.389
ssa,2058,68.4406,-826.44
ssa,2059,68.5855,-662.535
ssa,2060,68.7331,-753.616
ssa,2061,68.8769,-675.556
ssa,2062,69.0167,-838.329
ssa,2063,69.1555,-843.386
ssa,2064,69.2995,-808.52
ssa,2065,69.4414,-804.818
ssa,2066,69.5793,-851.482
ssa,2067,69.7219,-805.555
ssa,2068,69.8624,-926.572
ssa,2069,70.0021,-879.719
ssa,2070,70.1406,-862.999
ssa,2071,70.2825,-842.097
ssa,2072,70.422,-846.753
ssa,2073,70.5594,-892.491
ssa,2074,70.6953,-814.318
ssa,2075,70.8341,-842.822
ssa,2076,70.9738,-925.155
ssa,2077,71.1073,-770.751
ssa,2078,71.2455,-783.216
ssa,2079,71.3823,-916.499
ssa,2080,71.518,-898.669
ssa,2081,71.6534,-945.255
ssa,2082,71.7895,-877.424
ssa,2083,71.927,-848.855
ssa,2084,72.0592,-932.185
ssa,2085,72.1896,-802.047
ssa,2086,72.322,-717.973
ssa,2087,72.4562,-887.793
ssa,2088,72.5926,-987.724
ssa,2089,72.7266,-823.57
ssa,2090,72.8609,-836.595
ssa,2091,72.9963,-967.041
ssa,2092,73.1305,-963.553
ssa,2093,73.2645,-965.866
ssa,2094,73.4,-955.352
ssa,2095,73.5334,-968.846
ssa,2096,73.6685,-839.336
ssa,2097,73.8012,-901.512
ssa,2098,73.932,-863.238
ssa,2099,74.0675,-906.301
ssa,2100,74.2005,-800.834
us,1950,68.0669,52.383
us,1951,68.1743,-21.247
us,1952,68.38,-51.043
us,1953,68.7112,-25.039
us,1954,69.4996,-65.491
us,1955,69.5573,18.234
us,1956,69.643,-13.826
us,1957,69.4183,13.437
us,1958,69.6733,-6.445
us,1959,69.9044,385.641
us,1960,69.8293,422.708
us,1961,70.2536,580.333
us,1962,70.1162,625.617
us,1963,69.9428,639.495
us,1964,70.1993,618.635
us,1965,70.2495,644.902
us,1966,70.21,637.692
us,1967,70.5202,585.41
us,1968,70.2004,594.514
us,1969,70.4763,523.74
us,1970,70.7343,744.902
us,1971,71.0979,833.549
us,1972,71.1779,833.543
us,1973,71.3966,783.163
us,1974,71.9592,706.978
us,1975,72.5434,655.078
us,1976,72.8448,635.59
us,1977,73.2267,577.06
us,1978,73.4091,556.521
us,1979,73.8331,503.559
us,1980,73.73,595.916
us,1981,74.1174,583.07
us,1982,74.4635,600.149
us,1983,74.5528,662.84
us,1984,74.6747,622.793
us,1985,74.65,598.777
us,1986,74.7284,493.082
us,1987,74.8599,480.815
us,1988,74.8333,460.778
us,1989,75.1091,400.998
us,1990,75.3743,1084.72
us,1991,75.5243,1202.426
us,1992,75.779,1304.88
us,1993,75.5677,1228.478
us,1994,75.7381,1179.309
us,1995,75.8522,1173.016
us,1996,76.1749,1141.648
us,1997,76.4981,1116.922
us,1998,76.6592,1225.134
us,1999,76.6691,1156.311
us,2000,76.8058,1248.392
us,2001,76.9194,1312.455
us,2002,76.9883,1336.518
us,2003,77.1369,1331.376
us,2004,77.535,1313.467
us,2005,77.5264,1369.224
us,2006,77.7976,1347.75
us,2007,78.0471,1371.353
us,2008,78.1273,1416.841
us,2009,78.4758,1387.306
us,2010,78.6681,1594.453
us,2011,78.7023,1624.033
us,2012,78.8169,1632.007
us,2013,78.8175,1663.885
us,2014,78.8785,1672.598
us,2015,78.7219,1722.127
us,2016,78.686,1889.129
us,2017,78.6483,1864.738
us,2018,78.7997,1764.961
us,2019,78.916,1774.5
us,2020,77.0115,329.769
us,2021,76.3836,674.787
us,2022,77.9789,1319.009
us,2023,79.3043,1322.668
us,2024,79.4625,1286.132
us,2025,79.6135,1230.663
us,2026,79.7579,1177.848
us,2027,79.9126,1174.683
us,2028,80.0557,1221.343
us,2029,80.2094,1185.843
us,2030,80.3622,1194.626
us,2031,80.5034,1203.885
us,2032,80.6548,1214.681
us,2033,80.8054,1218.948
us,2034,80.9554,1247.808
us,2035,81.1045,1233.901
us,2036,81.2529,1230.671
us,2037,81.4005,1243.347
us,2038,81.5475,1255.777
us,2039,81.6832,1225.411
us,2040,81.8287,1228.832
us,2041,81.9658,1229.902
us,2042,82.1072,1277.302
us,2043,82.2506,1250.309
us,2044,82.3931,1242.213
us,2045,82.5425,1239.774
us,2046,82.6909,1231.629
us,2047,82.8312,1265.999
us,2048,82.9607,1249.988
us,2049,83.1068,1267.038
us,2050,83.2351,1277.326
us,2051,83.3725,1290.91
us,2052,83.5164,1272.146
us,2053,83.6499,1284.4
us,2054,83.7824,1236.266
us,2055,83.9239,1216.607
us,2056,84.0551,1230.956
us,2057,84.1787,1278.792
us,2058,84.3086,1309.694
us,2059,84.4309,1277.632
us,2060,84.5753,1244.141
us,2061,84.7029,1280.641
us,2062,84.8298,1283.7
us,2063,84.9558,1281.168
us,2064,85.0811,1253.262
us,2065,85.2058,1273.686
us,2066,85.3294,1298.509
us,2067,85.4501,1320.283
us,2068,85.5572,1311.67
us,2069,85.685,1339.829
us,2070,85.8056,1298.521
us,2071,85.9169,1351.517
us,2072,86.0274,1303.779
us,2073,86.146,1332.836
us,2074,86.2695,1313.361
us,2075,86.3839,1379.722
us,2076,86.4915,1347.774
us,2077,86.6067,1327.878
us,2078,86.7327,1328.957
us,2079,86.8384,1301.489
us,2080,86.9544,1292.368
us,2081,87.0664,1394.436
us,2082,87.1807,1330.209
us,2083,87.2831,1332.527
us,2084,87.4035,1322.162
us,2085,87.5233,1260.269
us,2086,87.6367,1311.092
us,2087,87.7491,1313.437
us,2088,87.8658,1357.308
us,2089,87.9739,1322.344
us,2090,88.0887,1294.357
us,2091,88.195,1325.648
us,2092,88.308,1325.736
us,2093,88.42,1310.374
us,2094,88.5308,1333.164
us,2095,88.6406,1316.417
us,2096,88.7424,1279.93
us,2097,88.8504,1297.348
us,2098,88.9573,1258.983
us,2099,89.0562,1277.619
us,2100,89.1705,1226.443
