region,year,young,working,entrants
us,2025,81600000.0,197200000.0,4080000.0
oecd-ex-us,2025,144000000.0,464000000.0,7200000.0
china,2025,239700000.0,930600000.0,11985000.0
india,2025,630400000.0,1162300000.0,31520000.0
latam,2025,180900000.0,422100000.0,9045000.0
seasia,2025,196000000.0,441000000.0,9800000.0
russia,2025,63800000.0,179800000.0,3190000.0
mena,2025,198000000.0,354000000.0,9900000.0
ssa,2025,648600000.0,662400000.0,32430000.0
us,2026,81432559.3,197577164.6,4080000.0
oecd-ex-us,2026,145198836.2,462914668.4,7200000.0
china,2026,237719411.2,918887600.0,11985000.0
india,2026,627619869.9,1162928211.1,31520000.0
latam,2026,180422016.8,419426700.0,9045000.0
seasia,2026,196716874.1,438557000.0,9800000.0
russia,2026,63810871.8,178223044.4,3190000.0
mena,2026,198836166.5,355612167.0,9900000.0
ssa,2026,654678648.3,677018800.0,32430000.0
us,2027,81275873.2,197947721.4,4071628.0
oecd-ex-us,2027,146321139.0,461940573.0,7259941.8
china,2027,235619279.6,907372160.5,11885970.6
india,2027,624684033.1,1163391798.5,31380993.5
latam,2027,179876990.4,416792262.3,9021100.8
seasia,2027,197261983.8,436204381.3,9835843.7
russia,2027,63783775.0,176686618.1,3190543.6
mena,2027,199574505.8,357235491.4,9941808.3
ssa,2027,660716969.7,691548334.6,32733932.4
us,2028,81129268.8,198311732.3,4063793.7
oecd-ex-us,2028,147371883.7,461069496.3,7316057.0
china,2028,233414146.7,896042828.2,11780964.0
india,2028,621604590.4,1163688039.7,31234201.7
latam,2028,179269893.7,414192933.1,8993849.5
seasia,2028,197647640.0,433932012.2,9863099.2
russia,2028,63721497.5,175187870.2,3189188.8
mena,2028,200220926.6,358864252.1,9978725.3
ssa,2028,666705189.2,705989227.6,33035848.5
us,2029,80992110.3,198669258.2,4056463.4
oecd-ex-us,2029,148355708.7,460293774.7,7368594.2
china,2029,231117328.1,884889744.3,11670707.3
india,2029,618392926.3,1163814831.7,31080229.5
latam,2029,178605375.5,411625269.0,8963494.7
seasia,2029,197885312.4,431730585.6,9882382.0
russia,2029,63626640.8,173724156.1,3186074.9
mena,2029,200780945.0,360493192.4,10011046.3
ssa,2029,672634356.6,720341587.7,33335259.5
us,2030,80863797.5,199020359.0,4049605.5
oecd-ex-us,2030,149276937.6,459606259.7,7417785.4
china,2030,228741008.8,873903958.6,11555866.4
india,2030,615059752.0,1163770643.4,30919646.3
latam,2030,177887781.8,409086114.4,8930268.8
seasia,2030,197985690.6,429591559.3,9894265.6
russia,2030,63501632.8,172293023.1,3181332.0
mena,2030,201259714.9,362117486.8,10039047.3
ssa,2030,678496287.1,734605063.4,33631717.8
us,2031,80743763.4,199365092.9,4043189.9
oecd-ex-us,2031,150139601.3,459000282.3,7463846.9
china,2031,226296330.5,863077350.1,11437050.4
india,2031,611615145.1,1163554470.8,30752987.6
latam,2031,177121176.3,406572581.7,8894389.1
seasia,2031,197958738.8,427507101.2,9899284.5
russia,2031,63348739.5,170892197.5,3175081.6
mena,2031,201662055.1,363732711.4,10062985.7
ssa,2031,684283506.9,748778894.0,33924814.4
us,2032,80631472.5,199703516.3,4037188.2
oecd-ex-us,2032,150947456.9,458469619.8,7506980.1
china,2032,223793473.0,852402554.5,11314816.5
india,2032,608068587.2,1163165795.8,30580757.3
latam,2032,176309358.4,404082031.6,8856058.8
seasia,2032,197813747.6,425470037.7,9897936.9
russia,2032,63170075.7,169519572.1,3167437.0
mena,2032,201992474.5,365334815.8,10083102.8
ssa,2032,689989202.9,762861956.1,34214175.3
us,2033,80526419.0,200035683.5,4031573.6
oecd-ex-us,2033,151704007.0,458008465.5,7547372.8
china,2033,221241729.1,841872897.2,11189673.7
india,2033,604428998.2,1162604546.9,30403429.4
latam,2033,175455881.3,401612055.7,8815467.9
seasia,2033,197559381.1,423473806.3,9890687.4
russia,2033,62967615.2,168173195.1,3158503.8
mena,2033,202255195.8,366920097.1,10099623.7
ssa,2033,695607176.7,776852806.2,34499460.1
us,2034,80428124.9,200361646.4,4026320.9
oecd-ex-us,2034,152412516.3,457611399.5,7585200.3
china,2034,218649573.3,831482332.1,11062086.5
india,2034,600704769.3,1161871062.8,30221449.9
latam,2034,174564067.8,399160460.1,8772794.1
seasia,2034,197203720.9,421512411.3,9877969.1
russia,2034,62743200.0,166851258.9,3148380.8
mena,2034,202454175.9,368485175.4,10112759.8
ssa,2034,701131802.3,790749720.9,34780358.8
us,2035,80336138.8,200681454.4,4021406.2
oecd-ex-us,2035,153076028.0,457273362.8,7620625.8
china,2035,216024726.7,821225384.8,10932478.7
india,2035,596903792.9,1160966057.9,30035238.5
latam,2035,173637025.7,396725249.5,8728203.4
seasia,2035,196754306.9,419580382.3,9860186.0
russia,2035,62498549.7,165552090.5,3137160.0
mena,2035,202593125.7,370026972.2,10122708.8
ssa,2035,706557987.3,804550732.7,35056590.1
us,2036,80250034.2,200995154.5,4016806.9
oecd-ex-us,2036,153697378.7,456989632.4,7653801.4
china,2036,213374215.4,811097101.0,10801236.3
india,2036,593033491.5,1159890590.6,29845189.6
latam,2036,172677661.6,394304612.7,8681851.3
seasia,2036,196218175.0,417672736.3,9837715.3
russia,2036,62235268.8,164274142.1,3124927.5
mena,2036,202675528.0,371542688.8,10129656.3
ssa,2036,711881136.6,818253663.4,35327899.4
us,2037,80169408.0,201302790.9,4012501.7
oecd-ex-us,2037,154279212.3,456755798.2,7684868.9
china,2037,210704425.5,801092998.9,10668710.8
india,2037,589100844.0,1158646033.1,29651674.6
latam,2037,171688694.3,391896910.0,8633883.1
seasia,2037,195601891.7,415784942.1,9810908.8
russia,2037,61954855.3,163015982.4,3111763.4
mena,2037,202704653.6,373029787.3,10133776.4
ssa,2037,717097119.3,831856155.4,35594056.8
us,2038,80093879.5,201604405.2,4008470.4
oecd-ex-us,2038,154823993.0,456567742.0,7713960.6
china,2038,208021153.9,791209025.3,10535221.3
india,2038,585112410.9,1157234043.4,29455042.2
latam,2038,170672666.7,389500659.6,8584434.7
seasia,2038,194911586.3,413912887.1,9780094.6
russia,2038,61658707.0,161776288.6,3097742.8
mena,2038,202683576.6,374485972.5,10135232.7
ssa,2038,722202238.0,845355699.0,35854856.0
us,2039,80023088.7,201900036.3,4004694.0
oecd-ex-us,2039,155334017.6,456421617.6,7741199.7
china,2039,205329654.5,781441515.5,10401057.7
india,2039,581074357.6,1155656538.9,29255620.5
latam,2039,169631957.9,387114526.9,8533633.3
seasia,2039,194152981.6,412052846.2,9745579.3
russia,2039,61348128.5,160553838.8,3082935.3
mena,2039,202615188.0,375909175.2,10134178.8
ssa,2039,727193200.3,858749659.5,36110111.9
us,2040,79956695.5,202189720.4,4001154.4
oecd-ex-us,2040,155811426.5,456313832.2,7766700.9
china,2040,202634682.0,771787157.1,10266482.7
india,2040,576992476.6,1153915672.1,29053717.9
latam,2040,168568793.0,384737312.7,8481597.9
seasia,2040,193331420.9,410201453.8,9707649.1
russia,2040,61024337.5,159347504.8,3067406.4
mena,2040,202502208.3,377297536.5,10130759.4
ssa,2040,732067092.5,872035300.1,36359660.0
us,2041,79894378.4,202473491.4,3997834.8
oecd-ex-us,2041,156258214.6,456241029.3,7790571.3
china,2041,199940531.7,762242955.7,10131734.1
india,2041,572872208.2,1152013807.1,28849623.8
latam,2041,167485253.6,382367943.9,8428439.6
seasia,2041,192451893.9,408355676.8,9666571.0
russia,2041,60688470.3,158156246.0,3051216.9
mena,2041,202347199.8,378649393.3,10125110.4
ssa,2041,736821354.8,885209804.3,36603354.6
us,2042,79835833.5,202751380.3,3994718.9
oecd-ex-us,2042,156676240.9,456200072.8,7812910.7
china,2042,197251076.2,752806204.4,9997026.6
india,2042,568718659.8,1149953498.7,28643610.4
latam,2042,166383287.0,380005463.6,8374262.7
seasia,2042,191519061.2,406512789.6,9622594.7
russia,2042,60341587.3,156979102.8,3034423.5
mena,2042,202152576.4,379963265.0,10117360.0
ssa,2042,741453758.9,898270296.1,36841067.7
us,2043,79780773.5,203023415.8,3991791.7
oecd-ex-us,2043,157067237.9,456188032.4,7833812.0
china,2043,194569800.0,743474455.6,9862553.8
india,2043,564536624.5,1147737471.6,28435933.0
latam,2043,165264714.7,377649022.3,8319164.4
seasia,2043,190537275.8,404670351.5,9575953.1
russia,2043,59984677.9,155815190.9,3017079.4
mena,2043,201920614.5,381237840.3,10107628.8
ssa,2043,745962386.5,911213858.0,37072687.9
us,2044,79728926.7,203289624.1,3989038.7
oecd-ex-us,2044,157432819.9,456202169.2,7853361.9
china,2044,191899830.5,734245495.1,9728490.0
india,2044,560330598.2,1145368602.4,28226831.2
latam,2044,164131240.5,375297869.6,8263235.7
seasia,2044,189510603.9,402826185.0,9526863.8
russia,2044,59618665.4,154663696.5,2999233.9
mena,2044,201653461.3,382471966.0,10096030.7
ssa,2044,750345609.3,924037548.1,37298119.3
us,2045,79680036.3,203550029.2,3986446.3
oecd-ex-us,2045,157774491.0,456239923.4,7871641.0
china,2045,189243967.9,725117318.7,9594991.5
india,2045,556104796.2,1142849901.4,28016529.9
latam,2045,162984458.2,372951347.2,8206562.0
seasia,2045,188442844.5,400978355.7,9475530.2
russia,2045,59244411.3,153523870.6,2980933.3
mena,2045,201353143.8,383664636.0,10082673.1
ssa,2045,754602071.2,936738415.5,37517280.5
us,2046,79633859.5,203804653.0,3984001.8
oecd-ex-us,2046,158093653.0,456298902.0,7888724.6
china,2046,186604711.6,716088110.2,9462198.4
india,2046,551863168.0,1140184496.4,27805239.8
latam,2046,161825858.5,370608880.8,8149222.9
seasia,2046,187337546.6,399125153.9,9422142.2
russia,2046,58862719.1,152395025.1,2962220.6
mena,2046,201021576.3,384814980.6,10067657.2
ssa,2046,758730670.1,949313514.4,37730103.6
us,2047,79590166.6,204053515.0,3981693.0
oecd-ex-us,2047,158391611.5,456376867.8,7904682.6
china,2047,183984285.4,707156222.4,9330235.6
india,2047,547609412.6,1137375617.9,27593158.4
latam,2047,160656835.4,368269974.2,8091292.9
seasia,2047,186198026.0,397265077.3,9366877.3
russia,2047,58474338.4,151276527.7,2943136.0
mena,2047,200660567.9,385922257.3,10051078.8
ssa,2047,762730542.5,961759916.7,37936533.5
us,2048,79548740.3,204296632.9,3979508.3
oecd-ex-us,2048,158669583.3,456471729.2,7919580.6
china,2048,181384660.3,698320158.7,9199214.3
india,2048,543346991.6,1134426584.1,27380470.6
latam,2048,159478692.9,365934202.8,8032841.8
seasia,2048,185027380.9,395396814.9,9309901.3
russia,2048,58079968.5,150167798.6,2923716.9
mena,2048,200271828.5,386985841.9,10033028.4
ssa,2048,766601047.7,974074723.9,38136527.1
us,2049,79509375.2,204534022.6,3977437.0
oecd-ex-us,2049,158928701.7,456581530.1,7933479.2
china,2049,178807575.9,689578557.2,9069233.0
india,2049,539079142.5,1131340788.4,27167349.6
latam,2049,158292650.2,363601208.0,7973934.6
seasia,2049,183828505.7,393519231.8,9251369.0
russia,2049,57680261.3,149068306.3,2903998.4
mena,2049,199856975.9,388005219.9,10013591.4
ssa,2049,770341753.8,986255077.6,38330052.4
us,2050,79471877.0,204765698.1,3975468.8
oecd-ex-us,2050,159170022.6,456704441.3,7946435.1
china,2050,176254560.3,680930175.3,8940378.8
india,2050,534808890.7,1128121686.5,26953957.1
latam,2050,157099847.1,361270691.6,7914632.5
seasia,2050,182604105.0,391631355.6,9191425.3
russia,2050,57275824.9,147977564.3,2884013.1
mena,2050,199417540.6,388979979.0,9992848.8
ssa,2050,773952424.3,998298168.8,38517087.7
us,2051,79436061.6,204991671.8,3973593.8
oecd-ex-us,2051,159394529.6,456838752.0,7958501.1
china,2051,173726947.5,672373876.7,8812728.0
india,2051,530539061.4,1124772785.4,26740444.5
latam,2051,155901349.4,358942411.2,7854992.4
seasia,2051,181356705.4,389732363.2,9130205.2
russia,2051,56867226.0,146895127.7,2863791.2
mena,2051,198954971.5,389909801.7,9970877.0
ssa,2051,777433005.5,1010201247.2,38697621.2
us,2052,79401755.3,205211954.7,3971803.1
oecd-ex-us,2052,159603138.7,456982862.0,7969726.5
china,2052,171225894.7,663908618.8,8686347.4
india,2052,526272290.3,1121297632.4,26526953.1
latam,2052,154698153.2,356616175.1,7795067.5
seasia,2052,180088667.4,387821568.8,9067835.3
russia,2052,56454993.0,145820590.2,2843361.3
mena,2052,198470640.9,390794458.4,9947748.6
ssa,2052,780783614.3,1021961628.0,38871650.3
us,2053,79368793.3,205426556.1,3970087.8
oecd-ex-us,2053,159796703.4,457135274.4,7980156.9
china,2053,168752397.8,655533441.7,8561294.7
india,2053,522011034.2,1117699805.4,26313614.5
latam,2053,153491189.4,354291838.2,7734907.7
seasia,2053,178802196.0,385898412.6,9004433.4
russia,2053,56039618.2,144753581.2,2822749.6
mena,2053,197965848.8,391633800.9,9923532.0
ssa,2053,784004527.4,1033576699.9,39039180.7
us,2054,79337020.0,205635484.4,3968439.7
oecd-ex-us,2054,159976018.4,457294589.1,7989835.2
china,2054,166307305.1,647247458.2,8437619.9
india,2054,517757580.7,1113982903.9,26100551.7
latam,2054,152281327.8,351969298.3,7674559.5
seasia,2054,177499351.0,383962450.5,8940109.8
russia,2054,55621560.3,143693763.6,2801980.9
mena,2054,197441827.3,392427756.8,9898292.4
ssa,2054,787096170.3,1045043930.5,39200226.4
us,2055,79306287.9,205838746.4,3966851.0
oecd-ex-us,2055,160141823.9,457459496.1,7998800.9
china,2055,163891330.8,639049844.8,8315365.3
india,2055,513514057.7,1110150540.3,25887879.0
latam,2055,151069381.0,349648491.5,7614066.4
seasia,2055,176182056.0,382013344.3,8874967.6
russia,2055,55201246.8,142640830.4,2781078.0
mena,2055,196899744.5,393176323.8,9872091.4
ssa,2055,790059107.5,1056360872.0,39354808.5
us,2056,79276457.7,206036348.1,3965314.4
oecd-ex-us,2056,160294809.2,457628769.8,8007091.2
china,2056,161505067.1,630939832.8,8194566.5
india,2056,509282441.9,1106206332.2,25675702.9
latam,2056,149856107.9,347329389.9,7553469.1
seasia,2056,174852107.2,380050852.6,8809102.8
russia,2056,54779075.4,141594503.4,2760062.3
mena,2056,196340707.9,393879564.2,9844987.2
ssa,2056,792894033.1,1067525166.4,39502955.4
us,2057,79247397.2,206228294.6,3963822.9
oecd-ex-us,2057,160435616.2,457801263.7,8014740.5
china,2057,159148995.0,622916701.9,8075253.4
india,2057,505064567.6,1102153895.1,25464122.1
latam,2057,148642216.9,345011997.1,7492805.4
seasia,2057,173511181.9,378074822.5,8742605.4
russia,2057,54355416.8,140554530.6,2738953.8
mena,2057,195765768.1,394537600.3,9817035.4
ssa,2057,795601761.5,1078534549.2,39644701.7
us,2058,79218981.5,206414589.8,3962369.9
oecd-ex-us,2058,160564842.7,457975905.1,8021780.8
china,2058,156823495.2,614979772.6,7957449.8
india,2058,500862134.3,1097996836.2,25253228.4
latam,2058,147428369.4,342696346.4,7432110.8
seasia,2058,172160845.6,376085181.8,8675559.1
russia,2058,53930615.6,139520683.9,2717770.8
mena,2058,195175922.2,395150609.6,9788288.4
ssa,2058,798183219.3,1089386853.6,39780088.1
us,2059,79191092.5,206595237.2,3960949.1
oecd-ex-us,2059,160683045.2,458151690.3,8028242.1
china,2059,154528856.6,607128400.7,7841174.8
india,2059,496676714.4,1093738747.5,25043106.7
latam,2059,146215182.4,340382497.0,7371418.5
seasia,2059,170802559.4,374081931.6,8608042.3
russia,2059,53504992.7,138492757.9,2696530.8
mena,2059,194572116.0,395718820.6,9758796.1
ssa,2059,800639436.8,1100080013.2,39909161.0
us,2060,79163618.2,206770239.4,3959554.6
oecd-ex-us,2060,160790742.1,458327680.3,8034152.3
china,2060,152265285.9,599361971.8,7726442.8
india,2060,492509760.4,1089383201.0,24833835.7
latam,2060,145003231.3,338070532.0,7310759.1
seasia,2060,169437686.5,372065139.8,8540128.0
russia,2060,53078846.3,137470567.7,2675249.6
mena,2060,193955247.5,396242508.9,9728605.8
ssa,2060,802971540.8,1110612064.7,40031971.8
us,2061,79136452.7,206939598.6,3958180.9
oecd-ex-us,2061,160888416.0,458502996.8,8039537.1
china,2061,150032915.1,591679896.2,7613264.3
india,2061,488362611.4,1084933743.2,24625488.0
latam,2061,143793052.9,335760556.0,7250161.6
seasia,2061,168067498.5,370034934.4,8471884.3
russia,2061,52652453.8,136453947.6,2653942.3
mena,2061,193326169.3,396721993.0,9697762.4
ssa,2061,805180747.0,1120981150.3,40148577.0
us,2062,79109495.8,207103316.4,3956822.6
oecd-ex-us,2062,160976516.0,458676818.0,8044420.8
china,2062,147831808.9,584081605.1,7501645.8
india,2062,484236500.0,1080393890.3,24418130.6
latam,2062,142585146.9,333452692.5,7189652.6
seasia,2062,166693181.0,367991498.3,8403374.9
russia,2062,52226072.8,135442749.2,2632622.7
mena,2062,192685690.8,397157631.3,9666308.5
ssa,2062,807268353.1,1131185519.5,40259037.3
us,2063,79082652.6,207261394.1,3955474.8
oecd-ex-us,2063,161055460.6,458848375.3,8048825.8
china,2063,145661971.4,576566546.6,7391590.4
india,2063,480132557.8,1075767124.5,24211825.0
latam,2063,141379979.2,331147082.1,7129257.3
seasia,2063,165315839.3,365935063.4,8334659.1
russia,2063,51799942.8,134436840.5,2611303.6
mena,2063,192034580.6,397549818.2,9634284.5
ssa,2063,809235732.6,1141223530.0,40363417.7
us,2064,79055833.3,207413832.6,3954132.6
oecd-ex-us,2064,161125639.2,459016949.8,8052773.0
china,2064,143523352.6,569134181.7,7283098.6
india,2064,476051821.7,1071056889.3,24006627.9
latam,2064,140177983.2,328843880.6,7068999.0
seasia,2064,163936503.0,363865905.8,8265792.0
russia,2064,51374285.7,133436104.0,2589997.1
mena,2064,191373568.8,397898981.7,9601729.0
ssa,2064,811084328.4,1151093649.3,40461786.6
us,2065,79028952.9,207560632.6,3952791.7
oecd-ex-us,2065,161187414.3,459181869.2,8056282.0
china,2065,141415853.6,561783982.4,7176167.6
india,2065,471995239.0,1066266586.8,23802591.1
latam,2065,138979562.3,326543257.1,7008899.2
seasia,2065,162556131.3,361784341.1,8196825.2
russia,2065,50949307.8,132440436.2,2568714.3
mena,2065,190703348.7,398205579.6,9568678.4
ssa,2065,812815646.5,1160794455.0,40554216.4
us,2066,79001931.0,207701794.8,3951447.6
oecd-ex-us,2066,161241123.7,459342505.0,8059370.7
china,2066,139339332.2,554515428.0,7070792.7
india,2066,467963672.9,1061399574.2,23599761.9
latam,2066,137785091.4,324245392.5,6948978.1
seasia,2066,161175616.7,359690720.1,8127806.6
russia,2066,50525200.0,131449745.9,2547465.4
mena,2066,190024579.0,398470097.6,9535167.4
ssa,2066,814431251.1,1170324635.1,40640782.3
us,2067,78974691.5,207837319.5,3950096.5
oecd-ex-us,2067,161287081.6,459498269.5,8062056.2
china,2067,137293607.5,547328003.5,6966966.6
india,2067,463957907.4,1056459160.9,23398183.6
latam,2067,136594918.9,321950477.7,6889254.6
seasia,2067,159795790.1,357585424.8,8058780.8
russia,2067,50102139.5,130463953.4,2526260.0
mena,2067,189337885.3,398693046.0,9501228.9
ssa,2067,815932758.7,1179682988.3,40721562.6
us,2068,78947162.5,207967207.3,3948734.6
oecd-ex-us,2068,161325580.7,459648613.6,8064354.1
china,2068,135278464.2,540221197.1,6864680.4
india,2068,459978651.8,1051448606.3,23197895.4
latam,2068,135409368.0,319658712.5,6829745.9
seasia,2068,158417423.7,355468864.7,7989789.5
russia,2068,49680290.0,129482989.5,2505107.0
mena,2068,188643861.9,398874957.9,9466894.3
ssa,2068,817321833.4,1188868423.3,40796637.9
us,2069,78919275.8,208091458.7,3947358.1
oecd-ex-us,2069,161356893.6,459793024.3,8066279.0
china,2069,133293656.9,533194498.6,6763923.2
india,2069,456026545.3,1046371117.3,22998932.6
latam,2069,134228738.8,317370304.3,6770468.4
seasia,2069,157041235.2,353341473.6,7920871.2
russia,2069,49259803.2,128506794.7,2484014.5
mena,2069,187943073.3,399016386.5,9432193.1
ssa,2069,818600181.7,1197879959.2,40866091.7
us,2070,78890967.1,208210074.3,3945963.8
oecd-ex-us,2070,161381274.1,459931022.3,8067844.7
china,2070,131338913.2,526247398.1,6664682.8
india,2070,452102161.1,1041229846.2,22801327.3
latam,2070,133053309.0,315085466.5,6711436.9
seasia,2070,155667891.2,351203706.0,7852061.8
russia,2070,48840819.3,127535318.0,2462990.2
mena,2070,187236055.7,399117903.4,9397153.7
ssa,2070,819769548.3,1206716723.7,40930009.1
us,2071,78862175.4,208323054.9,3944548.4
oecd-ex-us,2071,161398958.5,460062160.3,8069063.7
china,2071,129413937.7,519379384.3,6566945.7
india,2071,448206010.6,1036027889.5,22605108.1
latam,2071,131883336.0,312804418.0,6652665.5
seasia,2071,154298010.0,349056034.5,7783394.6
russia,2071,48423467.4,126568516.7,2442041.0
mena,2071,186523318.6,399180096.0,9361802.8
ssa,2071,820831711.7,1215377953.1,40988477.4
us,2072,78832843.2,208430401.6,3943108.8
oecd-ex-us,2072,161410166.9,460186020.7,8069947.9
china,2072,127518414.5,512589943.6,6470696.9
india,2072,444338546.8,1030768286.1,22410300.5
latam,2072,130719057.4,310527381.8,6594166.8
seasia,2072,152932165.0,346898947.0,7714900.5
russia,2072,48007867.0,125606355.0,2421173.4
mena,2072,185805345.6,399203566.4,9326165.9
ssa,2072,821788479.7,1223862990.6,41041585.6
us,2073,78802916.0,208532115.5,3941642.2
oecd-ex-us,2073,161415104.4,460302214.0,8070508.3
china,2073,125652010.3,505878559.3,6375920.7
india,2073,440500168.4,1025454015.9,22216927.3
latam,2073,129560692.9,308254583.8,6535952.9
seasia,2073,151570887.4,344732944.3,7646608.3
russia,2073,47594128.0,124648804.1,2400393.4
mena,2073,185082596.1,399188928.9,9290267.3
ssa,2073,822641686.0,1232171285.2,41089424.0
us,2074,78772342.4,208628198.4,3940145.8
oecd-ex-us,2074,161413962.2,460410377.2,8070755.2
china,2074,123814376.8,499244710.6,6282600.5
india,2074,436691223.0,1020087998.9,22025008.4
latam,2074,128408444.8,305986252.7,6478034.6
seasia,2074,150214668.4,342558537.7,7578544.4
russia,2074,47182351.4,123695840.8,2379706.4
mena,2074,184355506.5,399136809.1,9254129.8
ssa,2074,823393186.1,1240302390.3,41132084.3
us,2075,78741073.8,208718652.1,3938617.1
oecd-ex-us,2075,161406918.2,460510172.0,8070698.1
china,2075,122005153.0,492687872.0,6190718.8
india,2075,432912010.0,1014673094.6,21834561.1
latam,2075,127262499.5,303722618.6,6420422.2
seasia,2075,148863962.5,340376246.9,7510733.4
russia,2075,46772630.2,122747447.3,2359117.6
mena,2075,183624491.0,399047841.6,9217775.3
ssa,2075,824044854.0,1248255962.2,41169659.3
us,2076,78709064.4,208803479.1,3937053.7
oecd-ex-us,2076,161394138.5,460601283.5,8070345.9
china,2076,120223967.1,486207512.9,6100257.6
india,2076,429162784.1,1009212100.7,21645600.5
latam,2076,126123028.2,301463912.5,6363125.0
seasia,2076,147519189.0,338186598.0,7443198.1
russia,2076,46365049.5,121803611.0,2338631.5
mena,2076,182889942.7,398922669.3,9181224.5
ssa,2076,824598578.8,1256031757.9,41202242.7
us,2077,78676270.8,208882682.2,3935453.2
oecd-ex-us,2077,161375777.7,460683418.7,8069706.9
china,2077,118470438.9,479803097.4,6011198.4
india,2077,425443758.0,1003707753.0,21458139.2
latam,2077,124990188.0,299210365.3,6306151.4
seasia,2077,146180734.6,335990121.8,7375959.5
russia,2077,45959687.5,120864323.3,2318252.5
mena,2077,182152235.0,398761941.5,9144497.1
ssa,2077,825056261.7,1263629633.8,41229928.9
us,2078,78642652.2,208956264.5,3933813.5
oecd-ex-us,2078,161351980.3,460756305.4,8068788.9
china,2078,116744180.9,473474083.6,5923521.9
india,2078,421755105.2,998162725.2,21272187.9
latam,2078,123864122.5,296962208.0,6249509.4
seasia,2078,144848955.2,333787352.4,7309036.7
russia,2078,45556615.3,119929579.5,2297984.4
mena,2078,181411722.1,398566313.2,9107611.8
ssa,2078,825419812.6,1271049543.2,41252813.1
us,2079,78608170.1,209024230.0,3932132.6
oecd-ex-us,2079,161322881.0,460819690.7,8067599.0
china,2079,115044800.5,467219923.7,5837209.0
india,2079,418096962.5,992579627.9,21087755.3
latam,2079,122744963.0,294719670.2,6193206.1
seasia,2079,143524178.2,331578825.1,7242447.8
russia,2079,45155898.0,118999378.7,2277830.8
mena,2079,180668739.9,398336443.2,9070586.1
ssa,2079,825691147.7,1278291534.6,41270990.6
us,2080,78572788.1,209086582.9,3930408.5
oecd-ex-us,2080,161288605.3,460873340.4,8066144.0
china,2080,113371900.6,461040063.8,5752240.0
india,2080,414469432.6,986961009.3,20904848.1
latam,2080,121632828.9,292482980.3,6137248.2
seasia,2080,142206703.7,329365075.6,7176208.9
russia,2080,44757594.7,118073722.7,2257794.9
mena,2080,179923607.4,398072993.7,9033437.0
ssa,2080,825872186.7,1285355749.6,41284557.4
us,2081,78536472.0,209143328.0,3928639.4
oecd-ex-us,2081,161249270.7,460917037.3,8064430.3
china,2081,111725081.5,454933944.0,5668595.0
india,2081,410872586.2,981309354.7,20723471.6
latam,2081,120527828.6,290252364.5,6081641.4
seasia,2081,140896806.7,327146638.5,7110335.2
russia,2081,44361759.1,117152616.2,2237879.7
mena,2081,179176626.8,397776629.0,8996180.4
ssa,2081,825964850.2,1292242420.3,41293609.3
us,2082,78499189.7,209194470.9,3926823.6
oecd-ex-us,2082,161204987.0,460950580.6,8062463.5
china,2082,110103942.0,448900998.3,5586254.1
india,2082,407306464.5,975627086.9,20543629.3
latam,2082,119430060.0,288028046.9,6026391.4
seasia,2082,139594738.6,324924046.0,7044840.3
russia,2082,43968439.7,116236066.3,2218088.0
mena,2082,178428084.7,397448014.3,8958831.3
ssa,2082,825971057.5,1298951867.0,41298242.5
us,2083,78460911.0,209240017.5,3924959.5
oecd-ex-us,2083,161155856.5,460973785.0,8060249.3
china,2083,108508080.0,442940654.7,5505197.1
india,2083,403771081.0,969916566.3,20365323.2
latam,2083,118339611.6,285810248.7,5971503.0
seasia,2083,138300728.2,322697827.3,6979736.9
russia,2083,43577680.2,115324082.0,2198422.0
mena,2083,177678252.8,397087815.4,8921404.2
ssa,2083,825892724.3,1305484496.4,41298552.9
us,2084,78421607.2,209279974.7,3923045.5
oecd-ex-us,2084,161101975.4,460986479.8,8057792.8
china,2084,106937093.7,437052335.2,5425404.0
india,2084,400266423.6,964180091.2,20188554.0
latam,2084,117256562.4,283599188.3,5916980.6
seasia,2084,137014983.7,320468507.2,6915036.4
russia,2084,43189519.8,114416674.5,2178884.0
mena,2084,176927388.5,396696697.3,8883912.6
ssa,2084,825731760.4,1311840798.6,41294636.2
us,2085,78381251.8,209314349.7,3921080.4
oecd-ex-us,2085,161043433.4,460988507.8,8055098.8
china,2085,105390582.5,431235456.5,5346854.7
india,2085,396792456.4,958419898.1,20013321.2
latam,2085,116180983.1,281395080.4,5862828.1
seasia,2085,135737693.9,318236605.6,6850749.2
russia,2085,42803993.6,113513856.0,2159476.0
mena,2085,176175735.6,396275323.8,8846369.4
ssa,2085,825490068.1,1318021344.7,41286588.0
us,2086,78339819.8,209343150.5,3919062.6
oecd-ex-us,2086,160980314.7,460979725.1,8052171.7
china,2086,103868147.3,425489429.5,5269529.1
india,2086,393349121.5,952638162.4,19839622.8
latam,2086,115112936.0,279198136.3,5809049.2
seasia,2086,134469029.0,316002636.3,6786884.7
russia,2086,42421132.7,112615640.3,2140199.7
mena,2086,175423524.9,395824356.6,8808786.8
ssa,2086,825169540.3,1324026784.7,41274503.4
us,2087,78297287.5,209366385.8,3916991.0
oecd-ex-us,2087,160912698.2,460959999.9,8049015.7
china,2087,102369391.6,419813660.1,5193407.4
india,2087,389936340.6,946836998.9,19667456.1
latam,2087,114052476.1,277008563.3,5755646.8
seasia,2087,133209142.3,313767107.0,6723451.5
russia,2087,42040964.6,111722042.2,2121056.6
mena,2087,174670975.0,395344454.8,8771176.2
ssa,2087,824772058.5,1329857844.6,41258477.0
us,2088,78253633.2,209384065.0,3914864.4
oecd-ex-us,2088,160840658.0,460929212.0,8045634.9
china,2088,100893922.0,414207549.0,5118469.6
india,2088,386554016.7,941018462.3,19496817.0
latam,2088,112999651.2,274826564.7,5702623.8
seasia,2088,131958170.8,311530517.9,6660457.1
russia,2088,41663513.4,110833077.5,2102048.2
mena,2088,173918292.5,394836274.1,8733548.7
ssa,2088,824299491.3,1335515323.9,41238602.9
us,2089,78208836.2,209396198.1,3912681.7
oecd-ex-us,2089,160764263.8,460887252.3,8042032.9
china,2089,99441348.4,408670492.5,5044696.1
india,2089,383202035.2,935184547.9,19327700.8
latam,2089,111954502.4,272652339.5,5649982.6
seasia,2089,130716236.8,309293361.8,6597908.5
russia,2089,41288800.0,109948762.3,2083175.7
mena,2089,173165673.0,394300466.3,8695914.6
ssa,2089,823753693.2,1341000093.4,41214974.6
us,2090,78162877.5,209402795.9,3910441.8
oecd-ex-us,2090,160683581.2,460834022.0,8038213.2
china,2090,98011284.7,403201882.4,4972067.4
india,2090,379880265.7,929337192.4,19160101.8
latam,2090,110917064.6,270486082.2,5597725.1
seasia,2090,129483448.2,307056122.9,6535811.8
russia,2090,40916842.3,109069113.7,2064440.0
mena,2090,172413301.2,393737679.0,8658283.6
ssa,2090,823136502.9,1346313092.2,41187684.7
us,2091,78115739.3,209403869.8,3908143.9
oecd-ex-us,2091,160598671.8,460769432.4,8034179.1
china,2091,96603349.0,397801106.5,4900564.2
india,2091,376588563.2,923478274.5,18994013.3
latam,2091,109887366.9,268327982.9,5545853.2
seasia,2091,128259899.9,304819277.4,6474172.4
russia,2091,40547655.4,108194148.7,2045842.1
mena,2091,171661351.7,393148554.6,8620665.1
ssa,2091,822449742.0,1351455325.3,41156825.1
us,2092,78067405.0,209399432.1,3905787.0
oecd-ex-us,2092,160509594.0,460693403.7,8029933.6
china,2092,95217164.1,392467548.7,4830167.5
india,2092,373326769.1,917609616.1,18829428.2
latam,2092,108865432.6,266178226.7,5494368.3
seasia,2092,127045674.6,302583291.9,6412995.0
russia,2092,40181251.8,107323884.8,2027382.8
mena,2092,170909989.4,392533730.6,8583067.6
ssa,2092,821695214.0,1356427861.1,41122487.1
us,2093,78017859.4,209389495.7,3903370.3
oecd-ex-us,2093,160416402.7,460605865.6,8025479.7
china,2093,93852357.7,387200589.9,4760858.2
india,2093,370094712.5,911732982.6,18666338.5
latam,2093,107851280.2,264036994.2,5443271.6
seasia,2093,125840843.1,300348624.1,6352283.7
russia,2093,39817641.8,106458339.4,2009062.6
mena,2093,170159369.9,391893838.4,8545499.5
ssa,2093,820874703.1,1361231828.7,41084760.7
us,2094,77967088.1,209374074.2,3900893.0
oecd-ex-us,2094,160319150.1,460506755.5,8020820.1
china,2094,92508562.6,381999607.4,4692617.9
india,2094,366892211.6,905850084.1,18504735.6
latam,2094,106844923.0,261904460.8,5392564.0
seasia,2094,124645465.8,298115721.9,6292042.2
russia,2094,39456833.2,105597530.1,1990882.1
mena,2094,169409640.0,391229503.5,8507968.5
ssa,2094,819989973.1,1365868415.8,41043735.2
us,2095,77915078.2,209353181.9,3898354.4
oecd-ex-us,2095,160217885.6,460396019.5,8015957.5
china,2095,91185416.9,376863976.4,4625428.1
india,2095,363719074.0,899962576.6,18344610.6
latam,2095,105846370.0,259780797.2,5342246.2
seasia,2095,123459592.9,295885023.4,6232273.3
russia,2095,39098831.8,104741474.1,1972841.7
mena,2095,168660938.1,390541345.0,8470482.0
ssa,2095,819042766.8,1370338865.3,40999498.7
us,2096,77861817.7,209326834.1,3895753.9
oecd-ex-us,2096,160112656.0,460273610.6,8010894.3
china,2096,89882564.2,371793069.2,4559270.8
india,2096,360575098.4,894072062.3,18185953.7
latam,2096,104855625.9,257666169.1,5292318.5
seasia,2096,122283265.1,293656956.7,6172979.6
russia,2096,38743641.5,103890188.5,1954941.6
mena,2096,167913394.4,389829975.1,8433046.9
ssa,2096,818034804.6,1374644473.8,40952138.3
us,2097,77807295.5,209295046.5,3893090.9
oecd-ex-us,2097,160003506.0,460139489.6,8005632.8
china,2097,88599653.8,366786256.5,4494128.2
india,2097,357460075.0,888180091.1,18028754.9
latam,2097,103872691.4,255560736.8,5242781.3
seasia,2097,121116514.5,291431939.6,6114163.3
russia,2097,38391264.3,103043689.9,1937182.1
mena,2097,167167131.9,389095999.2,8395669.7
ssa,2097,816967784.3,1378786588.3,40901740.2
us,2098,77751501.5,209257835.6,3890364.8
oecd-ex-us,2098,159890478.0,459993623.8,8000175.3
china,2098,87336340.6,361842907.0,4429982.7
india,2098,354373786.8,882288161.1,17873003.8
latam,2098,102897563.3,253464655.8,5193634.6
seasia,2098,119959364.9,289210379.7,6055825.7
russia,2098,38041700.4,102201994.8,1919563.2
mena,2098,166422265.8,388340015.1,8358356.6
ssa,2098,815843379.9,1382766604.5,40848389.2
us,2099,77694426.8,209215218.9,3887575.1
oecd-ex-us,2099,159773612.7,459835987.0,7994523.9
china,2099,86092285.4,356962388.3,4366817.0
india,2099,351316009.7,876397720.1,17718689.3
latam,2099,101930235.1,251378076.5,5144878.2
seasia,2099,118811832.5,286992674.1,5997968.2
russia,2099,37694948.8,101365118.9,1902085.0
mena,2099,165678904.7,387562613.5,8321113.3
ssa,2099,814663241.6,1386585963.4,40792169.0
us,2100,77636063.0,209167214.1,3884721.3
oecd-ex-us,2100,159652949.0,459666559.5,7988680.6
china,2100,84867154.9,352144066.8,4304614.3
india,2100,348286513.9,870510166.3,17565800.5
latam,2100,100970696.9,249301144.1,5096511.8
seasia,2100,117673926.3,284779209.2,5940591.6
russia,2100,37351006.6,100533077.5,1884747.4
mena,2100,164937150.7,386764377.2,8283945.2
ssa,2100,813428994.5,1390246150.0,40733162.1
