region,year,births,population,deaths,life_expectancy,tfr
china,2025,6694121.0,1446797732.0,11970443.0,78.454,0.7662
china,2026,6648590.0,1441249894.0,11740801.0,79.093,0.776
china,2027,6588317.0,1435898768.0,11960081.0,79.301,0.7831
china,2028,6549127.0,1430309888.0,12198793.0,79.497,0.7913
china,2029,5280491.0,1424397718.0,12439342.0,79.691,0.6475
china,2030,5290513.0,1417016054.0,12687105.0,79.887,0.6568
china,2031,5294218.0,1409410231.0,12943757.0,80.083,0.664
china,2032,5319689.0,1401526209.0,13214146.0,80.276,0.6726
china,2033,5335973.0,1393404381.0,13500932.0,80.467,0.6783
china,2034,4588691.0,1385010788.0,13778262.0,80.666,0.5853
china,2035,4643633.0,1375617345.0,14068499.0,80.855,0.5934
china,2036,4691324.0,1365961652.0,14357180.0,81.045,0.5999
china,2037,4760312.0,1356076510.0,14645698.0,81.23,0.6088
china,2038,4823412.0,1345992324.0,14928158.0,81.417,0.6169
china,2039,4866114.0,1335694994.0,15219325.0,81.593,0.6225
china,2040,4905155.0,1325160217.0,15502619.0,81.768,0.6281
china,2041,4923463.0,1314359860.0,15776306.0,81.942,0.6319
china,2042,4941057.0,1303293824.0,16041401.0,82.119,0.637
china,2043,4962072.0,1291980179.0,16301965.0,82.29,0.6441
china,2044,4942482.0,1280468424.0,16561472.0,82.459,0.6496
china,2045,4899957.0,1268702735.0,16814198.0,82.625,0.6559
china,2046,4815880.0,1256602854.0,17054972.0,82.793,0.6607
china,2047,4697776.0,1244151158.0,17281705.0,82.96,0.6653
china,2048,4543256.0,1231364057.0,17505647.0,83.121,0.6692
china,2049,4375314.0,1218220066.0,17718804.0,83.279,0.6753
china,2050,4183031.0,1204672132.0,17922387.0,83.434,0.6816
china,2051,3958896.0,1190766966.0,18122723.0,83.584,0.6855
china,2052,3728248.0,1176413511.0,18315044.0,83.733,0.6901
china,2053,3498978.0,1161618582.0,18488452.0,83.883,0.6959
china,2054,3256099.0,1146458335.0,18650805.0,84.034,0.6982
china,2055,3042729.0,1130907758.0,18803282.0,84.183,0.7048
china,2056,2831676.0,1114979615.0,18923350.0,84.342,0.7088
china,2057,2641317.0,1098713267.0,19028992.0,84.493,0.7136
china,2058,2465871.0,1082175693.0,19112121.0,84.641,0.7172
china,2059,2316720.0,1065360655.0,19174424.0,84.783,0.7223
china,2060,2184543.0,1048341727.0,19196543.0,84.928,0.7262
china,2061,2072149.0,1031164170.0,19178026.0,85.078,0.7296
china,2062,1982673.0,1013910806.0,19131279.0,85.224,0.7342
china,2063,1913732.0,996620886.0,19055047.0,85.365,0.7402
china,2064,1856119.0,979352909.0,18981361.0,85.492,0.7446
china,2065,1810658.0,962068845.0,18876880.0,85.625,0.7486
china,2066,1776881.0,944876453.0,18754131.0,85.763,0.7525
china,2067,1754296.0,927763338.0,18632181.0,85.895,0.7572
china,2068,1738412.0,910733775.0,18508607.0,86.028,0.7618
china,2069,1721611.0,893836614.0,18385102.0,86.161,0.7635
china,2070,1710230.0,877048367.0,18266115.0,86.294,0.7658
china,2071,1704115.0,860378130.0,18171081.0,86.423,0.7694
china,2072,1696316.0,843796155.0,18086406.0,86.551,0.7722
china,2073,1690090.0,827270847.0,18028649.0,86.67,0.7764
china,2074,1675246.0,810798146.0,17962930.0,86.798,0.7778
china,2075,1661399.0,794398318.0,17907857.0,86.926,0.7812
china,2076,1640862.0,778028488.0,17871122.0,87.044,0.7839
china,2077,1614288.0,761692044.0,17817243.0,87.166,0.7862
china,2078,1584659.0,745381652.0,17769174.0,87.283,0.7898
china,2079,1543735.0,729104708.0,17700565.0,87.398,0.7907
china,2080,1500880.0,712839628.0,17606647.0,87.512,0.7936
china,2081,1450996.0,696625162.0,17481870.0,87.63,0.7955
china,2082,1400736.0,680496951.0,17314526.0,87.753,0.7996
china,2083,1346037.0,664509054.0,17137462.0,87.866,0.8032
china,2084,1284820.0,648638466.0,16923406.0,87.983,0.8042
china,2085,1226503.0,632885496.0,16671600.0,88.106,0.8082
china,2086,1164534.0,617339880.0,16393823.0,88.233,0.8097
china,2087,1106058.0,602024911.0,16117283.0,88.35,0.8129
china,2088,1046705.0,586917803.0,15838835.0,88.465,0.8142
china,2089,992819.0,572029970.0,15565827.0,88.575,0.8174
china,2090,944114.0,557361591.0,15294172.0,88.687,0.8221
china,2091,896870.0,542928265.0,15035679.0,88.806,0.8246
china,2092,852570.0,528706707.0,14812205.0,88.921,0.8255
china,2093,814167.0,514663748.0,14610319.0,89.036,0.8277
china,2094,779482.0,500779304.0,14424364.0,89.152,0.8287
china,2095,749785.0,487044672.0,14270620.0,89.262,0.8303
china,2096,725712.0,473444343.0,14118289.0,89.38,0.8334
china,2097,706577.0,459958813.0,13994637.0,89.489,0.8379
china,2098,688957.0,446577725.0,13877518.0,89.599,0.8403
china,2099,675619.0,433309320.0,13758134.0,89.712,0.8442
china,2100,661940.0,420145139.0,13632839.0,89.827,0.8447
india,2025,31752397.0,1978674515.0,12777910.0,72.055,1.9529
india,2026,31638422.0,1995044152.0,12987355.0,72.271,1.9349
india,2027,31513882.0,2011360525.0,13197643.0,72.498,1.918
india,2028,31393060.0,2027663676.0,13434080.0,72.701,1.9027
india,2029,28811790.0,2043879872.0,13611199.0,72.914,1.7398
india,2030,28722055.0,2057470609.0,13837939.0,73.12,1.7289
india,2031,28588620.0,2070860378.0,14083734.0,73.315,1.7164
india,2032,28428913.0,2083909463.0,14328608.0,73.515,1.7034
india,2033,28286858.0,2096558701.0,14582240.0,73.71,1.6927
india,2034,26470875.0,2108857629.0,14808169.0,73.91,1.5832
india,2035,26317283.0,2119008966.0,15070531.0,74.096,1.5745
india,2036,26134646.0,2128748310.0,15337235.0,74.286,1.5649
india,2037,25940560.0,2138105870.0,15624138.0,74.457,1.5553
india,2038,25717765.0,2146943115.0,15897158.0,74.642,1.5446
india,2039,25507245.0,2155300500.0,16169765.0,74.828,1.5351
india,2040,25347944.0,2163239232.0,16441496.0,75.016,1.5292
india,2041,25127996.0,2170721508.0,16733533.0,75.185,1.5204
india,2042,24903452.0,2177724990.0,17020472.0,75.359,1.512
india,2043,24680822.0,2184149057.0,17307470.0,75.532,1.505
india,2044,24454482.0,2190125576.0,17590797.0,75.709,1.4992
india,2045,24190686.0,2195589332.0,17883242.0,75.876,1.4931
india,2046,23916607.0,2200557527.0,18166442.0,76.047,1.4881
india,2047,23588234.0,2205027777.0,18461961.0,76.208,1.481
india,2048,23267728.0,2208777820.0,18756018.0,76.37,1.4759
india,2049,22920666.0,2211908736.0,19048415.0,76.534,1.4706
india,2050,22561066.0,2214511160.0,19347019.0,76.693,1.4658
india,2051,22183687.0,2216358169.0,19640784.0,76.855,1.4612
india,2052,21769279.0,2217464225.0,19940959.0,77.015,1.4552
india,2053,21381222.0,2217983419.0,20246490.0,77.171,1.4516
india,2054,20950296.0,2217826220.0,20561407.0,77.32,1.4457
india,2055,20547316.0,2216905860.0,20861652.0,77.478,1.4421
india,2056,20153882.0,2215337501.0,21167362.0,77.635,1.4393
india,2057,19743573.0,2213086275.0,21468580.0,77.795,1.4348
india,2058,19330464.0,2210129098.0,21776404.0,77.952,1.4292
india,2059,18943479.0,2206404368.0,22090280.0,78.105,1.4246
india,2060,18574012.0,2201871740.0,22408119.0,78.255,1.4202
india,2061,18207042.0,2196726433.0,22717716.0,78.408,1.4146
india,2062,17896749.0,2190830998.0,23034576.0,78.559,1.4121
india,2063,17587689.0,2184455233.0,23345141.0,78.712,1.4081
india,2064,17308445.0,2177413901.0,23658402.0,78.863,1.4053
india,2065,17034216.0,2169838001.0,23985500.0,79.006,1.4015
india,2066,16778985.0,2161658018.0,24288438.0,79.158,1.3981
india,2067,16525144.0,2152873019.0,24611094.0,79.3,1.3934
india,2068,16288259.0,2143504130.0,24922784.0,79.445,1.3892
india,2069,16049083.0,2133697965.0,25222219.0,79.592,1.3837
india,2070,15846118.0,2123309697.0,25530793.0,79.731,1.3808
india,2071,15649130.0,2112459870.0,25825058.0,79.874,1.3781
india,2072,15433236.0,2100981494.0,26125710.0,80.009,1.3737
india,2073,15222967.0,2089056258.0,26383883.0,80.156,1.3697
india,2074,15012867.0,2076749240.0,26655835.0,80.292,1.3661
india,2075,14799839.0,2063886486.0,26924973.0,80.425,1.3627
india,2076,14585479.0,2050463120.0,27166738.0,80.563,1.3598
india,2077,14368296.0,2036625417.0,27403190.0,80.701,1.3572
india,2078,14125794.0,2022323828.0,27632562.0,80.834,1.3529
india,2079,13884213.0,2007460632.0,27838280.0,80.969,1.3492
india,2080,13657170.0,1992291528.0,28039336.0,81.102,1.3474
india,2081,13398881.0,1976651041.0,28210001.0,81.24,1.343
india,2082,13156476.0,1960441602.0,28381358.0,81.373,1.3407
india,2083,12898859.0,1943883863.0,28539047.0,81.504,1.3372
india,2084,12652217.0,1926865424.0,28684497.0,81.632,1.3349
india,2085,12399786.0,1909600083.0,28831131.0,81.755,1.3318
india,2086,12158201.0,1891852553.0,28954499.0,81.878,1.3299
india,2087,11910674.0,1873641223.0,29063985.0,82.002,1.3272
india,2088,11675602.0,1855237193.0,29160136.0,82.123,1.3251
india,2089,11446308.0,1836481823.0,29251256.0,82.24,1.3231
india,2090,11219420.0,1817375809.0,29300444.0,82.364,1.3207
india,2091,11000134.0,1798100083.0,29338931.0,82.483,1.3183
india,2092,10791246.0,1778527612.0,29349994.0,82.607,1.3162
india,2093,10576182.0,1758777934.0,29345280.0,82.727,1.3124
india,2094,10372626.0,1738811765.0,29326732.0,82.847,1.309
india,2095,10175708.0,1718686770.0,29291579.0,82.964,1.3055
india,2096,9999172.0,1698384018.0,29225017.0,83.086,1.3037
india,2097,9829901.0,1677973740.0,29152123.0,83.203,1.3021
india,2098,9655653.0,1657468365.0,29051935.0,83.319,1.2989
india,2099,9497581.0,1636878253.0,28939971.0,83.436,1.2973
india,2100,9333190.0,1616304382.0,28817001.0,83.546,1.2941
latam,2025,7929281.0,664441360.0,4477289.0,75.997,1.528
latam,2026,7863580.0,667487237.0,4565160.0,76.165,1.5161
latam,2027,7803399.0,670373857.0,4654392.0,76.334,1.5058
latam,2028,7749089.0,673141443.0,4745396.0,76.502,1.4971
latam,2029,6927417.0,675756496.0,4830410.0,76.67,1.3404
latam,2030,6881124.0,677481618.0,4923149.0,76.837,1.3339
latam,2031,6837944.0,679078062.0,5017214.0,77.005,1.3285
latam,2032,6792266.0,680548655.0,5114629.0,77.167,1.3233
latam,2033,6750009.0,681885509.0,5213022.0,77.331,1.3193
latam,2034,6196436.0,683092225.0,5308832.0,77.493,1.2155
latam,2035,6152641.0,683666950.0,5407936.0,77.657,1.212
latam,2036,6107572.0,684105820.0,5509661.0,77.819,1.2086
latam,2037,6063647.0,684401221.0,5612910.0,77.977,1.2062
latam,2038,6019641.0,684553936.0,5715791.0,78.136,1.2044
latam,2039,5962431.0,684575602.0,5818805.0,78.294,1.201
latam,2040,5903173.0,684437932.0,5920849.0,78.454,1.1983
latam,2041,5834025.0,684150972.0,6023281.0,78.612,1.1949
latam,2042,5757011.0,683689381.0,6125005.0,78.77,1.1913
latam,2043,5678779.0,683058715.0,6227197.0,78.924,1.1886
latam,2044,5597712.0,682241368.0,6328092.0,79.079,1.1864
latam,2045,5508626.0,681246755.0,6427357.0,79.232,1.1835
latam,2046,5418430.0,680059445.0,6526021.0,79.385,1.1812
latam,2047,5320270.0,678690218.0,6621407.0,79.539,1.1782
latam,2048,5224004.0,677137663.0,6716176.0,79.691,1.1765
latam,2049,5122781.0,675394710.0,6810101.0,79.84,1.1744
latam,2050,5019024.0,673439701.0,6900927.0,79.991,1.1728
latam,2051,4915568.0,671316296.0,6990412.0,80.141,1.1719
latam,2052,4806437.0,668988140.0,7075987.0,80.293,1.1705
latam,2053,4696358.0,666473609.0,7163001.0,80.439,1.1695
latam,2054,4585845.0,663752302.0,7249166.0,80.584,1.1688
latam,2055,4477450.0,660835766.0,7331422.0,80.731,1.1688
latam,2056,4366736.0,657731950.0,7411288.0,80.878,1.1681
latam,2057,4257603.0,654435109.0,7490644.0,81.024,1.1674
latam,2058,4149760.0,650946331.0,7567634.0,81.17,1.1666
latam,2059,4047209.0,647286844.0,7646299.0,81.311,1.1666
latam,2060,3947358.0,643433041.0,7722862.0,81.453,1.1664
latam,2061,3850830.0,639402280.0,7801145.0,81.59,1.1659
latam,2062,3759263.0,635207036.0,7873094.0,81.732,1.1654
latam,2063,3675857.0,630843497.0,7945091.0,81.871,1.1661
latam,2064,3594950.0,626320755.0,8016870.0,82.008,1.1659
latam,2065,3518436.0,621649514.0,8086701.0,82.144,1.1653
latam,2066,3445512.0,616821421.0,8157141.0,82.276,1.1642
latam,2067,3378830.0,611856719.0,8221014.0,82.413,1.1636
latam,2068,3314838.0,606765676.0,8287041.0,82.545,1.1626
latam,2069,3256010.0,601550076.0,8350848.0,82.675,1.1621
latam,2070,3200581.0,596216157.0,8410055.0,82.806,1.1617
latam,2071,3146404.0,590766382.0,8467474.0,82.934,1.1609
latam,2072,3095755.0,585216918.0,8519900.0,83.064,1.1607
latam,2073,3044983.0,579566740.0,8567205.0,83.195,1.16
latam,2074,2995354.0,573814680.0,8614306.0,83.321,1.1595
latam,2075,2947900.0,567978996.0,8654955.0,83.449,1.1595
latam,2076,2899513.0,562054819.0,8693578.0,83.575,1.1591
latam,2077,2849211.0,556048936.0,8727978.0,83.701,1.1582
latam,2078,2797599.0,549955984.0,8758057.0,83.826,1.1568
latam,2079,2747895.0,543780828.0,8783466.0,83.95,1.1566
latam,2080,2693857.0,537530789.0,8805813.0,84.072,1.1549
latam,2081,2643054.0,531209205.0,8826512.0,84.192,1.1548
latam,2082,2591636.0,524820390.0,8841052.0,84.312,1.1547
latam,2083,2538538.0,518376217.0,8848993.0,84.434,1.1541
latam,2084,2486207.0,511877105.0,8851325.0,84.557,1.1539
latam,2085,2432903.0,505320658.0,8855641.0,84.673,1.1534
latam,2086,2379241.0,498703441.0,8855179.0,84.788,1.1527
latam,2087,2325797.0,492033243.0,8846731.0,84.906,1.1519
latam,2088,2275302.0,485326210.0,8833784.0,85.025,1.1523
latam,2089,2225539.0,478585384.0,8816545.0,85.142,1.1527
latam,2090,2175630.0,471805584.0,8797183.0,85.257,1.1526
latam,2091,2126943.0,464995992.0,8771771.0,85.372,1.1525
latam,2092,2079571.0,458166610.0,8744694.0,85.485,1.1525
latam,2093,2033464.0,451324691.0,8711439.0,85.599,1.1522
latam,2094,1987925.0,444457863.0,8677310.0,85.708,1.1515
latam,2095,1944302.0,437588679.0,8635807.0,85.82,1.1509
latam,2096,1902952.0,430716338.0,8588025.0,85.934,1.1506
latam,2097,1863276.0,423850065.0,8538357.0,86.044,1.1504
latam,2098,1825275.0,417000489.0,8482571.0,86.155,1.1502
latam,2099,1789736.0,410168671.0,8423572.0,86.266,1.1505
latam,2100,1755123.0,403367632.0,8361720.0,86.373,1.1504
mena,2025,9791662.0,598101737.0,2962841.0,75.453,2.1696
mena,2026,9771513.0,605195340.0,2994333.0,75.74,2.1494
mena,2027,9759756.0,612322060.0,3061817.0,75.904,2.1291
mena,2028,9755227.0,619199737.0,3132288.0,76.064,2.1099
mena,2029,9057827.0,625833463.0,3198455.0,76.223,1.9415
mena,2030,9059262.0,631605492.0,3274088.0,76.377,1.9234
mena,2031,9061080.0,637165118.0,3351798.0,76.533,1.9047
mena,2032,9075770.0,642640665.0,3432887.0,76.687,1.8878
mena,2033,9097396.0,648026497.0,3517098.0,76.837,1.8719
mena,2034,8633127.0,653337657.0,3598966.0,76.987,1.7568
mena,2035,8646566.0,658079853.0,3687504.0,77.134,1.7402
mena,2036,8666981.0,662746704.0,3777442.0,77.282,1.7253
mena,2037,8675067.0,667358145.0,3868890.0,77.431,1.7086
mena,2038,8695640.0,671894314.0,3962969.0,77.577,1.6953
mena,2039,8705891.0,676335494.0,4057147.0,77.724,1.6815
mena,2040,8710051.0,680730060.0,4153528.0,77.87,1.6683
mena,2041,8699195.0,685025963.0,4251651.0,78.014,1.6547
mena,2042,8675640.0,689188454.0,4350406.0,78.157,1.6416
mena,2043,8641503.0,693227831.0,4450580.0,78.299,1.6294
mena,2044,8589209.0,697096165.0,4550060.0,78.444,1.6169
mena,2045,8522209.0,700841103.0,4651646.0,78.586,1.6047
mena,2046,8448741.0,704430542.0,4753452.0,78.727,1.594
mena,2047,8362744.0,707816766.0,4855743.0,78.87,1.5837
mena,2048,8268826.0,711045761.0,4959809.0,79.01,1.5742
mena,2049,8162161.0,714109565.0,5065776.0,79.146,1.5642
mena,2050,8052826.0,716973683.0,5171784.0,79.285,1.5555
mena,2051,7936467.0,719613609.0,5279352.0,79.421,1.5472
mena,2052,7810011.0,722006200.0,5385896.0,79.561,1.5384
mena,2053,7682542.0,724141658.0,5497285.0,79.693,1.5306
mena,2054,7553820.0,726103812.0,5607082.0,79.829,1.5231
mena,2055,7424683.0,727815304.0,5718790.0,79.963,1.5159
mena,2056,7295859.0,729254165.0,5831473.0,80.096,1.5088
mena,2057,7168993.0,730453133.0,5945896.0,80.228,1.5018
mena,2058,7047731.0,731395295.0,6062376.0,80.356,1.4955
mena,2059,6930347.0,732110232.0,6176399.0,80.488,1.489
mena,2060,6818968.0,732607625.0,6295596.0,80.614,1.4825
mena,2061,6719145.0,732897900.0,6411661.0,80.743,1.477
mena,2062,6619411.0,732914072.0,6528957.0,80.87,1.4703
mena,2063,6523560.0,732724293.0,6645687.0,80.995,1.4628
mena,2064,6440521.0,732347761.0,6759606.0,81.122,1.4567
mena,2065,6361923.0,731773288.0,6871146.0,81.25,1.4502
mena,2066,6292836.0,731006070.0,6982245.0,81.376,1.4446
mena,2067,6226477.0,730079869.0,7090757.0,81.501,1.4385
mena,2068,6156367.0,728906934.0,7196996.0,81.627,1.4311
mena,2069,6090562.0,727584901.0,7299754.0,81.749,1.4241
mena,2070,6026619.0,726061534.0,7396938.0,81.873,1.4173
mena,2071,5964421.0,724381131.0,7487506.0,81.999,1.4107
mena,2072,5903618.0,722592787.0,7574442.0,82.124,1.4044
mena,2073,5842975.0,720675864.0,7655456.0,82.248,1.3982
mena,2074,5777333.0,718605254.0,7731313.0,82.371,1.3913
mena,2075,5709441.0,716352417.0,7803035.0,82.492,1.3844
mena,2076,5643303.0,713947529.0,7873689.0,82.608,1.3786
mena,2077,5574801.0,711424566.0,7935829.0,82.727,1.3727
mena,2078,5501704.0,708727519.0,7992434.0,82.848,1.3667
mena,2079,5431456.0,705951506.0,8042920.0,82.967,1.3617
mena,2080,5356405.0,703132894.0,8092051.0,83.084,1.3559
mena,2081,5283383.0,700192701.0,8136456.0,83.203,1.3513
mena,2082,5205399.0,697159054.0,8175510.0,83.322,1.3459
mena,2083,5127458.0,693981020.0,8215563.0,83.439,1.3411
mena,2084,5050005.0,690642633.0,8254513.0,83.554,1.337
mena,2085,4973563.0,687216682.0,8290780.0,83.671,1.3332
mena,2086,4896513.0,683724269.0,8324486.0,83.791,1.3292
mena,2087,4818701.0,680075561.0,8359596.0,83.909,1.3251
mena,2088,4739556.0,676298648.0,8394815.0,84.029,1.3206
mena,2089,4666181.0,672432852.0,8431508.0,84.148,1.3173
mena,2090,4593448.0,668469353.0,8467731.0,84.268,1.3136
mena,2091,4523637.0,664323173.0,8508253.0,84.386,1.3107
mena,2092,4456447.0,660151393.0,8548978.0,84.504,1.3074
mena,2093,4390947.0,655860958.0,8594195.0,84.618,1.3041
mena,2094,4324471.0,651460006.0,8636834.0,84.736,1.2998
mena,2095,4259519.0,646888110.0,8681043.0,84.853,1.2955
mena,2096,4199600.0,642279734.0,8728082.0,84.967,1.2917
mena,2097,4142743.0,637521782.0,8772865.0,85.08,1.2884
mena,2098,4089493.0,632652897.0,8812979.0,85.195,1.2856
mena,2099,4036170.0,627713459.0,8851133.0,85.309,1.2821
mena,2100,3985878.0,622660703.0,8885343.0,85.422,1.2791
oecd-ex-us,2025,5374154.0,806938055.0,8448384.0,82.611,1.1366
oecd-ex-us,2026,5329840.0,804630151.0,8508740.0,82.761,1.1395
oecd-ex-us,2027,5306326.0,803103628.0,8571720.0,82.908,1.1432
oecd-ex-us,2028,5291076.0,801467793.0,8633542.0,83.056,1.1478
oecd-ex-us,2029,4590817.0,799719385.0,8695765.0,83.203,1.002
oecd-ex-us,2030,4588555.0,797149649.0,8760847.0,83.349,1.0068
oecd-ex-us,2031,4591296.0,794492904.0,8829508.0,83.491,1.0116
oecd-ex-us,2032,4602432.0,791723912.0,8898699.0,83.633,1.0171
oecd-ex-us,2033,4615373.0,788896558.0,8970781.0,83.773,1.0216
oecd-ex-us,2034,4186268.0,785993254.0,9049041.0,83.906,0.927
oecd-ex-us,2035,4212020.0,782578588.0,9121774.0,84.046,0.932
oecd-ex-us,2036,4240854.0,779077557.0,9197174.0,84.183,0.937
oecd-ex-us,2037,4267415.0,775504590.0,9270895.0,84.32,0.9411
oecd-ex-us,2038,4294755.0,771874996.0,9345164.0,84.455,0.9452
oecd-ex-us,2039,4319474.0,768201876.0,9419534.0,84.587,0.949
oecd-ex-us,2040,4339180.0,764436093.0,9484687.0,84.725,0.9524
oecd-ex-us,2041,4356814.0,760640585.0,9552371.0,84.856,0.9562
oecd-ex-us,2042,4368962.0,756820533.0,9614761.0,84.987,0.9598
oecd-ex-us,2043,4374444.0,752971093.0,9673875.0,85.117,0.9633
oecd-ex-us,2044,4368617.0,749033388.0,9728180.0,85.246,0.9662
oecd-ex-us,2045,4357175.0,745031970.0,9775612.0,85.376,0.9698
oecd-ex-us,2046,4334688.0,740967353.0,9824735.0,85.499,0.973
oecd-ex-us,2047,4303758.0,736845391.0,9862355.0,85.629,0.9765
oecd-ex-us,2048,4264452.0,732624641.0,9899236.0,85.756,0.9802
oecd-ex-us,2049,4213751.0,728355489.0,9932702.0,85.882,0.9834
oecd-ex-us,2050,4155901.0,723957186.0,9964485.0,86.007,0.9871
oecd-ex-us,2051,4088812.0,719520377.0,9990941.0,86.134,0.9905
oecd-ex-us,2052,4016415.0,714988763.0,10017618.0,86.258,0.9944
oecd-ex-us,2053,3935845.0,710358866.0,10044304.0,86.378,0.9979
oecd-ex-us,2054,3848201.0,705575165.0,10062239.0,86.503,1.001
oecd-ex-us,2055,3759361.0,700699013.0,10075575.0,86.629,1.0044
oecd-ex-us,2056,3668346.0,695689579.0,10087510.0,86.751,1.0074
oecd-ex-us,2057,3580849.0,690561878.0,10095139.0,86.871,1.0111
oecd-ex-us,2058,3493121.0,685346594.0,10096367.0,86.991,1.014
oecd-ex-us,2059,3409750.0,680074431.0,10092856.0,87.109,1.0168
oecd-ex-us,2060,3332211.0,674686037.0,10081371.0,87.228,1.0198
oecd-ex-us,2061,3260956.0,669236598.0,10063854.0,87.345,1.0225
oecd-ex-us,2062,3195391.0,663751372.0,10039119.0,87.462,1.0248
oecd-ex-us,2063,3135054.0,658218917.0,10006804.0,87.58,1.0264
oecd-ex-us,2064,3084930.0,652681867.0,9969780.0,87.698,1.0287
oecd-ex-us,2065,3041706.0,647097792.0,9926963.0,87.815,1.0307
oecd-ex-us,2066,3006411.0,641507106.0,9880046.0,87.932,1.0328
oecd-ex-us,2067,2976738.0,635942753.0,9832078.0,88.044,1.0343
oecd-ex-us,2068,2955116.0,630411526.0,9779514.0,88.158,1.0362
oecd-ex-us,2069,2938870.0,624874455.0,9720615.0,88.275,1.0383
oecd-ex-us,2070,2926893.0,619378806.0,9662775.0,88.387,1.0403
oecd-ex-us,2071,2917028.0,613912546.0,9594104.0,88.507,1.0417
oecd-ex-us,2072,2910744.0,608506118.0,9529216.0,88.621,1.0435
oecd-ex-us,2073,2905298.0,603127491.0,9460765.0,88.737,1.0452
oecd-ex-us,2074,2899029.0,597780305.0,9391087.0,88.85,1.0466
oecd-ex-us,2075,2892707.0,592501466.0,9318501.0,88.965,1.048
oecd-ex-us,2076,2885083.0,587348818.0,9246633.0,89.077,1.0491
oecd-ex-us,2077,2874175.0,582246720.0,9173035.0,89.191,1.0497
oecd-ex-us,2078,2862109.0,577184067.0,9098334.0,89.304,1.0509
oecd-ex-us,2079,2848276.0,572211997.0,9025105.0,89.414,1.0523
oecd-ex-us,2080,2830213.0,567274588.0,8951273.0,89.524,1.0534
oecd-ex-us,2081,2807858.0,562404058.0,8874655.0,89.637,1.054
oecd-ex-us,2082,2784073.0,557623958.0,8799524.0,89.747,1.055
oecd-ex-us,2083,2757157.0,552851571.0,8720893.0,89.86,1.0562
oecd-ex-us,2084,2727658.0,548149491.0,8643701.0,89.973,1.0571
oecd-ex-us,2085,2696555.0,543465997.0,8572989.0,90.079,1.0585
oecd-ex-us,2086,2663027.0,538794412.0,8499621.0,90.191,1.0597
oecd-ex-us,2087,2628499.0,534163778.0,8432027.0,90.298,1.061
oecd-ex-us,2088,2592942.0,529569392.0,8362811.0,90.409,1.0622
oecd-ex-us,2089,2557334.0,525052578.0,8295615.0,90.524,1.0631
oecd-ex-us,2090,2522651.0,520485666.0,8237993.0,90.634,1.0648
oecd-ex-us,2091,2488041.0,515937170.0,8183105.0,90.745,1.0662
oecd-ex-us,2092,2454359.0,511443122.0,8134051.0,90.859,1.0672
oecd-ex-us,2093,2422424.0,506944350.0,8094699.0,90.968,1.0684
oecd-ex-us,2094,2391858.0,502463120.0,8061037.0,91.08,1.0692
oecd-ex-us,2095,2362453.0,497962605.0,8036757.0,91.188,1.0696
oecd-ex-us,2096,2336178.0,493434022.0,8017858.0,91.299,1.0706
oecd-ex-us,2097,2312594.0,488895328.0,8003554.0,91.411,1.0716
oecd-ex-us,2098,2292213.0,484363836.0,7995436.0,91.521,1.0728
oecd-ex-us,2099,2272109.0,479823494.0,7990390.0,91.63,1.073
oecd-ex-us,2100,2254137.0,475235703.0,7986893.0,91.738,1.0733
russia,2025,3162233.0,294356659.0,3189269.0,73.598,1.707
russia,2026,3123661.0,295706035.0,3211450.0,73.761,1.6929
russia,2027,3088352.0,295872789.0,3230518.0,73.919,1.6899
russia,2028,3063470.0,295972492.0,3252718.0,74.071,1.6864
russia,2029,2776971.0,296033913.0,3273229.0,74.229,1.5323
russia,2030,2774270.0,295785439.0,3294316.0,74.39,1.5295
russia,2031,2776510.0,295500382.0,3319376.0,74.543,1.5248
russia,2032,2786848.0,295163226.0,3345665.0,74.697,1.5204
russia,2033,2805197.0,294847252.0,3372550.0,74.852,1.5161
russia,2034,2641723.0,294520445.0,3399136.0,75.009,1.4114
russia,2035,2666175.0,294002130.0,3427132.0,75.164,1.4061
russia,2036,2696104.0,293482783.0,3452014.0,75.327,1.4022
russia,2037,2724974.0,292966078.0,3479237.0,75.48,1.3971
russia,2038,2756518.0,292438395.0,3505366.0,75.636,1.3932
russia,2039,2790837.0,291929150.0,3531542.0,75.79,1.3905
russia,2040,2824647.0,291416669.0,3556735.0,75.942,1.388
russia,2041,2858148.0,290943020.0,3578822.0,76.098,1.3861
russia,2042,2884842.0,290470177.0,3600008.0,76.251,1.383
russia,2043,2904098.0,290015793.0,3618752.0,76.405,1.3798
russia,2044,2909895.0,289543807.0,3634454.0,76.559,1.3772
russia,2045,2903339.0,289080331.0,3646664.0,76.713,1.3748
russia,2046,2886266.0,288609994.0,3657317.0,76.862,1.3733
russia,2047,2855573.0,288116827.0,3667099.0,77.003,1.371
russia,2048,2816377.0,287579476.0,3670714.0,77.154,1.3697
russia,2049,2771304.0,286993623.0,3673263.0,77.3,1.3699
russia,2050,2718570.0,286345776.0,3673841.0,77.447,1.3699
russia,2051,2660109.0,285645323.0,3672884.0,77.595,1.3694
russia,2052,2599396.0,284889928.0,3669891.0,77.744,1.3695
russia,2053,2539138.0,284096985.0,3666659.0,77.891,1.3706
russia,2054,2479028.0,283210109.0,3664146.0,78.036,1.3723
russia,2055,2417721.0,282271695.0,3660304.0,78.185,1.3732
russia,2056,2359134.0,281266922.0,3658610.0,78.329,1.3741
russia,2057,2304979.0,280222525.0,3657478.0,78.474,1.3755
russia,2058,2252258.0,279127839.0,3656399.0,78.621,1.375
russia,2059,2204835.0,277965883.0,3658392.0,78.764,1.3748
russia,2060,2161729.0,276763630.0,3660932.0,78.908,1.3737
russia,2061,2122786.0,275543432.0,3665427.0,79.049,1.3713
russia,2062,2091198.0,274253154.0,3671719.0,79.19,1.3702
russia,2063,2062346.0,272944104.0,3678264.0,79.333,1.367
russia,2064,2038669.0,271581073.0,3686241.0,79.472,1.3641
russia,2065,2019601.0,270181019.0,3693417.0,79.616,1.3611
russia,2066,2001376.0,268745810.0,3702089.0,79.754,1.356
russia,2067,1987543.0,267299200.0,3710469.0,79.891,1.3514
russia,2068,1975346.0,265837572.0,3716424.0,80.033,1.3461
russia,2069,1966194.0,264354387.0,3721330.0,80.171,1.3419
russia,2070,1957848.0,262842813.0,3724204.0,80.309,1.3377
russia,2071,1949918.0,261312116.0,3723910.0,80.448,1.3337
russia,2072,1940623.0,259753672.0,3721553.0,80.582,1.3293
russia,2073,1931573.0,258219711.0,3716222.0,80.716,1.3252
russia,2074,1920801.0,256670754.0,3707810.0,80.848,1.3211
russia,2075,1906023.0,255131142.0,3695379.0,80.981,1.3155
russia,2076,1890961.0,253590049.0,3678429.0,81.117,1.3112
russia,2077,1875161.0,252067210.0,3659760.0,81.248,1.308
russia,2078,1854696.0,250530644.0,3637078.0,81.381,1.3036
russia,2079,1832833.0,248995947.0,3612012.0,81.511,1.3001
russia,2080,1810652.0,247454448.0,3583837.0,81.642,1.2984
russia,2081,1785425.0,245934787.0,3553915.0,81.771,1.296
russia,2082,1758154.0,244421748.0,3523121.0,81.9,1.2935
russia,2083,1728221.0,242886465.0,3491283.0,82.028,1.2906
russia,2084,1698211.0,241379722.0,3459178.0,82.158,1.288
russia,2085,1666760.0,239860874.0,3427574.0,82.29,1.285
russia,2086,1636630.0,238326067.0,3398459.0,82.42,1.2834
russia,2087,1606441.0,236789405.0,3371079.0,82.554,1.2816
russia,2088,1577101.0,235270221.0,3347904.0,82.683,1.2797
russia,2089,1547971.0,233728060.0,3330096.0,82.808,1.2774
russia,2090,1520270.0,232174846.0,3317026.0,82.933,1.2753
russia,2091,1493298.0,230599238.0,3308562.0,83.056,1.2726
russia,2092,1469216.0,229017455.0,3304513.0,83.184,1.2708
russia,2093,1445048.0,227389196.0,3306622.0,83.307,1.2679
russia,2094,1424601.0,225767170.0,3313399.0,83.427,1.2663
russia,2095,1406047.0,224134748.0,3323523.0,83.547,1.2645
russia,2096,1389375.0,222463165.0,3335617.0,83.671,1.2633
russia,2097,1373030.0,220743592.0,3349731.0,83.795,1.2612
russia,2098,1358688.0,219007410.0,3363487.0,83.921,1.2596
russia,2099,1343522.0,217221211.0,3378940.0,84.042,1.2564
russia,2100,1330815.0,215412955.0,3391540.0,84.169,1.2546
seasia,2025,9443971.0,740558095.0,5559128.0,72.261,1.6846
seasia,2026,9384643.0,744315484.0,5665211.0,72.412,1.6708
seasia,2027,9328767.0,747896707.0,5774798.0,72.565,1.6571
seasia,2028,9279716.0,751341710.0,5887642.0,72.72,1.644
seasia,2029,8392918.0,754636834.0,5994963.0,72.864,1.4823
seasia,2030,8361292.0,756924503.0,6113680.0,73.012,1.4718
seasia,2031,8341247.0,759096655.0,6234205.0,73.158,1.4631
seasia,2032,8327900.0,761121854.0,6357839.0,73.305,1.4555
seasia,2033,8319496.0,763010660.0,6482022.0,73.456,1.4491
seasia,2034,7728250.0,764757461.0,6602739.0,73.6,1.3419
seasia,2035,7707617.0,765803306.0,6731264.0,73.743,1.3348
seasia,2036,7687827.0,766698575.0,6861197.0,73.889,1.3288
seasia,2037,7670054.0,767431978.0,6992060.0,74.036,1.3244
seasia,2038,7636992.0,768032063.0,7123386.0,74.181,1.3186
seasia,2039,7602052.0,768470459.0,7254929.0,74.326,1.3139
seasia,2040,7552410.0,768724637.0,7385733.0,74.472,1.3086
seasia,2041,7498833.0,768793061.0,7515872.0,74.615,1.3045
seasia,2042,7429164.0,768683228.0,7644226.0,74.759,1.2997
seasia,2043,7355326.0,768393614.0,7771230.0,74.903,1.2963
seasia,2044,7264881.0,767895719.0,7894944.0,75.048,1.2921
seasia,2045,7162888.0,767172971.0,8016422.0,75.191,1.2878
seasia,2046,7052381.0,766241828.0,8136613.0,75.333,1.284
seasia,2047,6936828.0,765072073.0,8252512.0,75.475,1.2813
seasia,2048,6811000.0,763664808.0,8363084.0,75.618,1.2787
seasia,2049,6672246.0,762021864.0,8471848.0,75.759,1.2754
seasia,2050,6522802.0,760123487.0,8573794.0,75.9,1.2716
seasia,2051,6373208.0,757987535.0,8671924.0,76.041,1.2687
seasia,2052,6223006.0,755583354.0,8765248.0,76.18,1.2667
seasia,2053,6068645.0,752932506.0,8853515.0,76.321,1.2642
seasia,2054,5913998.0,750056491.0,8939248.0,76.46,1.2613
seasia,2055,5766321.0,746923281.0,9023128.0,76.596,1.2592
seasia,2056,5627292.0,743558552.0,9101425.0,76.735,1.258
seasia,2057,5486074.0,739980286.0,9175274.0,76.875,1.255
seasia,2058,5356046.0,736198306.0,9247965.0,77.011,1.2531
seasia,2059,5233296.0,732212563.0,9314445.0,77.151,1.2514
seasia,2060,5117251.0,728030937.0,9381172.0,77.287,1.2496
seasia,2061,5006183.0,723663997.0,9441454.0,77.426,1.247
seasia,2062,4906674.0,719123016.0,9497618.0,77.568,1.2453
seasia,2063,4817715.0,714414475.0,9553188.0,77.706,1.2444
seasia,2064,4737211.0,709573790.0,9605768.0,77.844,1.2436
seasia,2065,4662699.0,704603249.0,9656635.0,77.983,1.2425
seasia,2066,4592105.0,699481372.0,9707984.0,78.117,1.2409
seasia,2067,4523632.0,694256803.0,9753471.0,78.254,1.2386
seasia,2068,4461135.0,688919245.0,9792038.0,78.395,1.2369
seasia,2069,4402469.0,683481835.0,9834539.0,78.527,1.2357
seasia,2070,4343933.0,677953528.0,9865621.0,78.67,1.2341
seasia,2071,4284096.0,672321468.0,9894549.0,78.812,1.2319
seasia,2072,4224089.0,666626998.0,9923969.0,78.948,1.2297
seasia,2073,4162004.0,660824142.0,9949913.0,79.085,1.2272
seasia,2074,4103819.0,654921275.0,9968090.0,79.225,1.2263
seasia,2075,4040604.0,648945569.0,9987750.0,79.362,1.2243
seasia,2076,3976927.0,642890602.0,10001070.0,79.499,1.2229
seasia,2077,3909213.0,636787395.0,10014671.0,79.632,1.2209
seasia,2078,3839640.0,630565378.0,10018845.0,79.772,1.2192
seasia,2079,3770632.0,624277972.0,10021254.0,79.908,1.2183
seasia,2080,3700170.0,617910556.0,10020698.0,80.045,1.2178
seasia,2081,3627402.0,611473437.0,10014290.0,80.184,1.217
seasia,2082,3553225.0,604977122.0,10011151.0,80.316,1.2161
seasia,2083,3476672.0,598403573.0,10001451.0,80.449,1.2147
seasia,2084,3400925.0,591773613.0,9984646.0,80.586,1.2134
seasia,2085,3325957.0,585085339.0,9968726.0,80.721,1.2123
seasia,2086,3250218.0,578340156.0,9950012.0,80.854,1.2104
seasia,2087,3178323.0,571532518.0,9929140.0,80.987,1.2095
seasia,2088,3109154.0,564671307.0,9903746.0,81.124,1.2088
seasia,2089,3042243.0,557785791.0,9872809.0,81.264,1.208
seasia,2090,2976031.0,550840805.0,9849674.0,81.393,1.2066
seasia,2091,2911860.0,543860676.0,9819342.0,81.526,1.2049
seasia,2092,2853391.0,536849352.0,9789107.0,81.656,1.2042
seasia,2093,2797290.0,529813172.0,9756871.0,81.786,1.2034
seasia,2094,2744027.0,522751482.0,9716045.0,81.922,1.2026
seasia,2095,2694123.0,515678331.0,9676005.0,82.055,1.202
seasia,2096,2644547.0,508592471.0,9630653.0,82.189,1.2005
seasia,2097,2597894.0,501485496.0,9584517.0,82.321,1.1995
seasia,2098,2553729.0,494393733.0,9531611.0,82.454,1.1986
seasia,2099,2512284.0,487303502.0,9475567.0,82.584,1.1983
seasia,2100,2469473.0,480230196.0,9411666.0,82.716,1.1965
ssa,2025,40307448.0,1306749727.0,10360368.0,63.016,3.9396
ssa,2026,40737411.0,1336469779.0,10505288.0,63.214,3.8686
ssa,2027,41134916.0,1366411276.0,10655409.0,63.408,3.7967
ssa,2028,41537328.0,1396385929.0,10812564.0,63.596,3.7284
ssa,2029,40215115.0,1426524869.0,10919246.0,63.78,3.5124
ssa,2030,40506887.0,1455254259.0,11067368.0,63.962,3.4442
ssa,2031,40804039.0,1484114887.0,11229531.0,64.141,3.3797
ssa,2032,41053066.0,1513166568.0,11396263.0,64.32,3.3142
ssa,2033,41305704.0,1542254493.0,11567916.0,64.498,3.2524
ssa,2034,40244925.0,1571405110.0,11705221.0,64.672,3.0929
ssa,2035,40415835.0,1599409556.0,11876528.0,64.843,3.0334
ssa,2036,40596451.0,1627482101.0,12060411.0,65.011,2.9774
ssa,2037,40711550.0,1655497868.0,12246612.0,65.18,2.9197
ssa,2038,40882003.0,1683442731.0,12439379.0,65.349,2.8688
ssa,2039,41029562.0,1711317556.0,12639535.0,65.514,2.8196
ssa,2040,41148945.0,1739128302.0,12843210.0,65.678,2.7718
ssa,2041,41213181.0,1766852090.0,13051474.0,65.839,2.724
ssa,2042,41269757.0,1794414987.0,13261456.0,66.003,2.6796
ssa,2043,41296764.0,1821784145.0,13478474.0,66.163,2.6371
ssa,2044,41286837.0,1848989879.0,13702953.0,66.318,2.5958
ssa,2045,41217362.0,1875910190.0,13926031.0,66.477,2.5545
ssa,2046,41162102.0,1902487134.0,14158728.0,66.63,2.5177
ssa,2047,41050021.0,1928764024.0,14389384.0,66.789,2.4806
ssa,2048,40921234.0,1954752889.0,14626671.0,66.944,2.4455
ssa,2049,40758298.0,1980319133.0,14869618.0,67.096,2.4113
ssa,2050,40575067.0,2005446280.0,15117118.0,67.247,2.3786
ssa,2051,40375824.0,2030106899.0,15367132.0,67.399,2.3473
ssa,2052,40171097.0,2054451961.0,15624403.0,67.549,2.3177
ssa,2053,39913225.0,2078242232.0,15885090.0,67.698,2.2873
ssa,2054,39638389.0,2101457336.0,16149235.0,67.847,2.2579
ssa,2055,39357359.0,2124192587.0,16420319.0,67.993,2.2296
ssa,2056,39070099.0,2146419429.0,16696193.0,68.139,2.2022
ssa,2057,38784521.0,2168054131.0,16981173.0,68.281,2.1761
ssa,2058,38508627.0,2189037077.0,17265546.0,68.428,2.1518
ssa,2059,38219124.0,2209453727.0,17557004.0,68.572,2.1277
ssa,2060,37922085.0,2229453316.0,17851984.0,68.719,2.1038
ssa,2061,37620910.0,2248769778.0,18153920.0,68.862,2.0806
ssa,2062,37313724.0,2267561235.0,18464960.0,69.002,2.0577
ssa,2063,36998565.0,2285571663.0,18781622.0,69.14,2.0352
ssa,2064,36685248.0,2302945238.0,19098412.0,69.284,2.0134
ssa,2065,36383842.0,2319723517.0,19421563.0,69.425,1.9928
ssa,2066,36095336.0,2335880979.0,19755597.0,69.562,1.9733
ssa,2067,35807266.0,2351369254.0,20089309.0,69.705,1.9543
ssa,2068,35516051.0,2366281631.0,20428626.0,69.845,1.9356
ssa,2069,35223008.0,2380442494.0,20774540.0,69.984,1.9175
ssa,2070,34923326.0,2394011291.0,21126521.0,70.122,1.8995
ssa,2071,34635273.0,2406945089.0,21479322.0,70.263,1.8826
ssa,2072,34337329.0,2419258905.0,21841700.0,70.402,1.8658
ssa,2073,34040226.0,2430907843.0,22208718.0,70.539,1.8497
ssa,2074,33728595.0,2441846740.0,22582483.0,70.674,1.8335
ssa,2075,33417065.0,2452178610.0,22954287.0,70.813,1.8178
ssa,2076,33104303.0,2461798585.0,23330808.0,70.952,1.8028
ssa,2077,32781985.0,2470646834.0,23716600.0,71.085,1.7881
ssa,2078,32446704.0,2478941529.0,24097812.0,71.223,1.7732
ssa,2079,32113094.0,2486507215.0,24484075.0,71.359,1.7591
ssa,2080,31771844.0,2493219694.0,24872967.0,71.495,1.7454
ssa,2081,31428642.0,2499219913.0,25262254.0,71.63,1.7322
ssa,2082,31105571.0,2504441032.0,25648034.0,71.765,1.7209
ssa,2083,30755292.0,2509021158.0,26029027.0,71.903,1.7085
ssa,2084,30411587.0,2512898565.0,26414841.0,72.034,1.697
ssa,2085,30052844.0,2515963112.0,26795678.0,72.165,1.6852
ssa,2086,29689317.0,2518418228.0,27171333.0,72.297,1.6733
ssa,2087,29329327.0,2520218314.0,27538923.0,72.431,1.6619
ssa,2088,28978689.0,2521120845.0,27895084.0,72.567,1.6515
ssa,2089,28615989.0,2521216731.0,28246372.0,72.701,1.6408
ssa,2090,28252183.0,2520762769.0,28588559.0,72.835,1.63
ssa,2091,27902068.0,2519589824.0,28918208.0,72.97,1.6201
ssa,2092,27541174.0,2517606656.0,29240186.0,73.104,1.6099
ssa,2093,27195211.0,2514944058.0,29554095.0,73.238,1.6005
ssa,2094,26857148.0,2511619349.0,29848992.0,73.373,1.5917
ssa,2095,26512421.0,2507672135.0,30132680.0,73.507,1.5825
ssa,2096,26175179.0,2503083062.0,30404452.0,73.642,1.5737
ssa,2097,25842837.0,2498014433.0,30666291.0,73.774,1.5651
ssa,2098,25516872.0,2492289471.0,30917509.0,73.905,1.5569
ssa,2099,25186353.0,2486025546.0,31144797.0,74.04,1.5483
ssa,2100,24866059.0,2479160793.0,31361365.0,74.173,1.5404
us,2025,3099567.0,345812738.0,3087156.0,79.614,1.3734
us,2026,3108024.0,347055822.0,3133261.0,79.758,1.3747
us,2027,3111124.0,348208426.0,3178330.0,79.913,1.3735
us,2028,3122463.0,349315912.0,3227790.0,80.056,1.3754
us,2029,2794326.0,350431931.0,3275075.0,80.209,1.2272
us,2030,2808508.0,351137024.0,3325086.0,80.362,1.2293
us,2031,2820936.0,351815072.0,3379739.0,80.503,1.2298
us,2032,2837274.0,352460153.0,3433118.0,80.655,1.231
us,2033,2858009.0,353078989.0,3487907.0,80.805,1.2331
us,2034,2638197.0,353668043.0,3542931.0,80.955,1.1314
us,2035,2658712.0,354011113.0,3598955.0,81.105,1.1328
us,2036,2680469.0,354304772.0,3654696.0,81.253,1.135
us,2037,2693885.0,354561216.0,3709780.0,81.4,1.1345
us,2038,2709422.0,354788665.0,3763872.0,81.547,1.1359
us,2039,2724412.0,354989994.0,3819176.0,81.683,1.1385
us,2040,2729702.0,355120648.0,3869147.0,81.829,1.1389
us,2041,2732046.0,355210031.0,3919080.0,81.966,1.1398
us,2042,2725547.0,355252904.0,3963822.0,82.107,1.1389
us,2043,2719790.0,355291927.0,4004956.0,82.251,1.1398
us,2044,2707346.0,355257067.0,4042614.0,82.393,1.1402
us,2045,2700121.0,355164017.0,4074095.0,82.542,1.1445
us,2046,2675480.0,355029822.0,4101953.0,82.691,1.1428
us,2047,2649482.0,354834971.0,4128461.0,82.831,1.1418
us,2048,2624521.0,354621999.0,4153983.0,82.961,1.1422
us,2049,2594147.0,354342518.0,4169937.0,83.107,1.1414
us,2050,2566960.0,354033764.0,4187300.0,83.235,1.1428
us,2051,2535156.0,353690754.0,4197541.0,83.372,1.1431
us,2052,2499065.0,353319278.0,4201245.0,83.516,1.142
us,2053,2464494.0,352889243.0,4203886.0,83.65,1.1425
us,2054,2426058.0,352434250.0,4202927.0,83.782,1.1416
us,2055,2388063.0,351893647.0,4196096.0,83.923,1.1415
us,2056,2351490.0,351302223.0,4189784.0,84.055,1.1421
us,2057,2312935.0,350694882.0,4183980.0,84.178,1.1411
us,2058,2275130.0,350102630.0,4174661.0,84.308,1.1395
us,2059,2242756.0,349512794.0,4167201.0,84.43,1.1394
us,2060,2213216.0,348865984.0,4152464.0,84.575,1.1398
us,2061,2184362.0,348170866.0,4144195.0,84.702,1.1393
us,2062,2157242.0,347491682.0,4137713.0,84.829,1.138
us,2063,2135410.0,346794911.0,4133250.0,84.955,1.138
us,2064,2116868.0,346078243.0,4131322.0,85.08,1.1382
us,2065,2101530.0,345317044.0,4132483.0,85.205,1.1387
us,2066,2089767.0,344559781.0,4136983.0,85.328,1.1394
us,2067,2081465.0,343811078.0,4145098.0,85.449,1.1405
us,2068,2074624.0,343067723.0,4160814.0,85.556,1.1411
us,2069,2069151.0,342293209.0,4172049.0,85.684,1.1416
us,2070,2067617.0,341530129.0,4188203.0,85.804,1.1434
us,2071,2059454.0,340708075.0,4209227.0,85.915,1.1415
us,2072,2056510.0,339909818.0,4231837.0,86.026,1.142
us,2073,2048099.0,339038261.0,4252552.0,86.144,1.1399
us,2074,2045190.0,338166650.0,4271540.0,86.268,1.141
us,2075,2041142.0,337253664.0,4292932.0,86.382,1.142
us,2076,2036420.0,336381586.0,4315657.0,86.49,1.1427
us,2077,2031848.0,335450127.0,4334014.0,86.605,1.1444
us,2078,2025366.0,334475841.0,4345940.0,86.731,1.146
us,2079,2014112.0,333484223.0,4362445.0,86.836,1.1456
us,2080,2000989.0,332437382.0,4371878.0,86.952,1.1452
us,2081,1986544.0,331358862.0,4380307.0,87.064,1.1447
us,2082,1973325.0,330359532.0,4384547.0,87.178,1.1446
us,2083,1958849.0,329278511.0,4390195.0,87.28,1.1448
us,2084,1943486.0,328179692.0,4386762.0,87.401,1.1449
us,2085,1929160.0,327058589.0,4381633.0,87.52,1.1459
us,2086,1913674.0,325866380.0,4377364.0,87.634,1.147
us,2087,1897059.0,324713784.0,4372568.0,87.746,1.1469
us,2088,1881280.0,323551714.0,4365973.0,87.862,1.1472
us,2089,1869333.0,322424329.0,4363085.0,87.97,1.1491
us,2090,1856110.0,321252916.0,4359690.0,88.085,1.1503
us,2091,1838630.0,320043697.0,4361873.0,88.191,1.1486
us,2092,1827414.0,318846099.0,4365364.0,88.304,1.1499
us,2093,1814099.0,317633887.0,4372843.0,88.416,1.1492
us,2094,1801997.0,316385519.0,4384523.0,88.526,1.1488
us,2095,1793672.0,315136148.0,4399739.0,88.636,1.1499
us,2096,1783449.0,313846506.0,4419589.0,88.737,1.1492
us,2097,1777423.0,312490297.0,4438047.0,88.845,1.151
us,2098,1766443.0,311127009.0,4456300.0,88.952,1.1487
us,2099,1760316.0,309696140.0,4475135.0,89.051,1.1494
us,2100,1750240.0,308258940.0,4484789.0,89.165,1.1469
