geoid,name,state,pop,outlook,simGrowth,fittedProb,fittedGrowth,valuationGap,zhvi2025,medianValue,engines,human,access,regen,gateway,amenity,scarcity,distress,tags,positives,negatives,lowConfidence
1251587,On Top of the World CDP,FL,13772,-2.716,-2.959,0.132,-0.108,-3.186,,275000,-0.37,0.75,0.43,0.34,0.06,0.13,-0.56,-0.71,Demographic Loser; Housing Overbuild,"human capital (degrees, professional employment)",,1
3432415,Holiday City-Berkeley CDP,NJ,12896,-2.435,-2.554,0.409,-0.059,-2.987,,237200,0.24,-0.22,1.23,-0.26,0.2,0.08,0.33,-0.74,Demographic Loser,market access (population within 60-120min),,1
0639259,Laguna Woods city,CA,17342,-2.322,-2.895,0.511,-0.039,-3.715,453648,364900,-0.06,1.55,1.8,0.3,2.6,0.12,0.86,-0.31,Demographic Loser,"human capital (degrees, professional employment); market access (population within 60-120min); immigrant gateway",,0
1271625,The Villages CDP,FL,82108,-2.174,-1.701,0.11,-0.131,-2.831,399803,375100,-0.33,0.9,0.66,0.42,-0.15,0.87,0.03,-0.53,Retirement Market; Demographic Loser; Housing Overbuild,"amenity capital (seasonal homes, arts, prestige); human capital (degrees, professional employment); market access (population within 60-120min)",,0
0470355,Sun City West CDP,AZ,27003,-2.1,-1.864,0.142,-0.09,-3.063,387864,350500,-0.1,0.67,1.02,0.4,-0.27,0.63,0.59,-0.38,Retirement Market; Demographic Loser,"amenity capital (seasonal homes, arts, prestige); market access (population within 60-120min); human capital (degrees, professional employment)",,0
3923380,East Cleveland city,OH,13666,-2.078,-2.301,0.27,-0.012,-2.112,87709,68900,0.29,-0.33,0.71,0.1,-0.14,-0.06,0.11,2.74,,market access (population within 60-120min),distress vacancy,0
0470320,Sun City CDP,AZ,38018,-1.963,-1.837,0.192,-0.07,-2.87,308189,259800,-0.14,0.23,1.02,0.03,-0.1,0.28,0.41,-0.66,Retirement Market; Demographic Loser,"market access (population within 60-120min); amenity capital (seasonal homes, arts, prestige)",,0
4238288,Johnstown city,PA,18245,-1.95,-2.042,0.243,-0.033,-1.351,97326,42100,0.04,-0.33,-0.11,-0.38,-0.56,-0.23,-0.04,1.72,,,distress vacancy,0
0533482,Hot Springs Village CDP,AR,16509,-1.801,-1.515,0.096,-0.096,-1.646,244079,262000,-0.28,0.44,-0.21,-0.07,-0.47,0.15,-0.34,-0.47,Demographic Loser,,,0
1722255,East St. Louis city,IL,18278,-1.764,-1.807,0.178,-0.041,-0.164,,52700,-0.02,-0.26,0.58,-0.13,-0.56,-0.22,-0.29,3.13,,,distress vacancy,1
0470530,Sun Lakes CDP,AZ,14079,-1.743,-1.654,0.308,-0.063,-2.9,,425500,0.13,0.93,1.02,0.07,0.07,0.53,0.76,-0.67,Retirement Market; Demographic Loser,"amenity capital (seasonal homes, arts, prestige); human capital (degrees, professional employment); market access (population within 60-120min)",,1
0461940,Saddlebrooke CDP,AZ,12616,-1.677,-1.519,0.162,-0.074,-2.321,,471700,-0.22,1.7,0.32,0.24,0.14,0.14,-0.3,-0.99,Retirement Market; Demographic Loser; Housing Overbuild,"human capital (degrees, professional employment); distress vacancy",,1
4285188,Wilkinsburg borough,PA,14165,-1.631,-1.852,0.095,-0.01,-1.097,,140300,0.36,0.74,0.44,0.01,-0.23,-0.35,0.38,1.42,,"human capital (degrees, professional employment)","amenity capital (seasonal homes, arts, prestige); distress vacancy",1
5355855,Port Townsend city,WA,10290,-1.584,-1.478,0.175,-0.065,-3.666,636471,502500,0,1.1,0.74,-0.23,-0.12,0.26,0.66,-0.31,,"human capital (degrees, professional employment); market access (population within 60-120min)",,0
0660984,Rio Vista city,CA,10002,-1.559,-1.323,0.122,-0.086,-2.29,471397,480300,-0.08,0.25,1.36,-0.1,0.46,-0.05,0.3,-1.09,Demographic Loser; Housing Overbuild,market access (population within 60-120min); distress vacancy,,0
1257058,Pine Ridge CDP,FL,10676,-1.552,-1.358,0.246,-0.079,-2.262,,354600,0.08,0.24,0.43,-0.25,-0.01,0.09,-0.15,-0.22,Demographic Loser,,,1
1268950,Sugarmill Woods CDP,FL,10871,-1.52,-1.37,0.244,-0.072,-1.71,,289100,0.06,0.31,0.59,-0.1,-0.03,-0.11,-0.25,-0.49,Demographic Loser,,,1
0416410,Cottonwood city,AZ,12547,-1.504,-1.679,0.555,-0.017,-3.115,395660,286000,-0.31,-0.06,-0.12,-0.11,0.9,0.19,-0.2,-0.39,,,,0
1269250,Sun City Center CDP,FL,31801,-1.494,-1.378,0.148,-0.066,-1.671,292064,281900,-0.3,1.06,0.98,0.24,0.38,-0.03,-0.17,-0.49,Demographic Loser; Housing Overbuild,"human capital (degrees, professional employment); market access (population within 60-120min)",,0
0429710,Green Valley CDP,AZ,21581,-1.473,-1.357,0.173,-0.065,-2.033,289937,264300,-0.13,0.94,0.06,0.23,0.24,0.71,0.11,-0.54,Amenity Destination; Retirement Market; Demographic Loser,"amenity capital (seasonal homes, arts, prestige); human capital (degrees, professional employment)",,0
0101852,Anniston city,AL,21377,-1.41,-1.357,0.175,-0.054,-1.046,140887,141600,-0.21,-0.32,0.05,-0.11,-0.51,-0.07,-0.33,1.41,,,distress vacancy,0
4023500,Elk City city,OK,11406,-1.402,-1.409,0.143,-0.044,-1.139,163615,165300,-0.37,-0.53,-1.42,0.2,-0.18,-0.33,-0.47,1.36,,,"amenity capital (seasonal homes, arts, prestige); distress vacancy; market access (population within 60-120min)",0
3730720,Hendersonville city,NC,15253,-1.362,-1.427,0.157,-0.034,-2.896,422550,282500,-0.09,0.35,0.12,-0.04,-0.03,0.15,0.12,-0.32,,,,0
4253736,New Kensington city,PA,12072,-1.348,-1.423,0.125,-0.032,-1.228,176173,132400,-0.14,-0.23,0.41,-0.39,-0.58,-0.25,0.17,0.5,,,,0
0507330,Blytheville city,AR,13026,-1.285,-1.276,0.165,-0.046,0.122,93477,101200,-0.19,-0.52,-0.4,0.06,-0.39,-0.09,-0.42,1.89,,,"human capital (degrees, professional employment); distress vacancy",0
3886220,Williston city,ND,27964,-1.212,-0.881,0.102,-0.1,-1.435,354936,262700,-0.01,-0.23,-1.97,0.8,0.36,-0.15,-0.66,1.91,Housing Overbuild,,distress vacancy; market access (population within 60-120min),0
1827000,Gary city,IN,68604,-1.21,-1.164,0.14,-0.052,-0.404,94305,85300,0.1,-0.46,1.38,0.14,-0.46,-0.2,-0.18,2.5,,market access (population within 60-120min),distress vacancy,0
3735920,Kinston city,NC,19576,-1.208,-1.251,0.26,-0.037,-1.348,142324,108300,0.3,-0.56,-0.03,-0.03,-0.32,-0.24,-0.23,1.01,,,"human capital (degrees, professional employment); distress vacancy",0
3972284,Shiloh CDP,OH,10785,-1.18,-1.374,0.12,-0.011,-0.86,147608,116000,0.24,0.08,0.61,-0.27,-0.42,-0.48,0.09,0.17,,market access (population within 60-120min),"amenity capital (seasonal homes, arts, prestige)",0
4809556,Borger city,TX,12398,-1.149,-0.896,0.098,-0.086,0.261,110368,90000,-0.05,-0.56,-0.8,0.13,-0.02,-0.35,-0.19,2.99,,,"amenity capital (seasonal homes, arts, prestige); market access (population within 60-120min); distress vacancy",0
5061225,Rutland city,VT,15747,-1.148,-1.108,0.173,-0.051,-1.67,268649,176400,0.07,0.2,-0.54,-0.33,-0.54,0.03,0.11,0.23,,,,0
3539940,Las Vegas city,NM,13120,-1.101,-0.961,0.256,-0.067,-1.696,216374,143900,1.01,-0.15,-1.05,-0.11,-0.48,-0.11,-0.01,0.85,Regional Service Center,institutional engines (edu/med/gov/military/university),distress vacancy; market access (population within 60-120min),0
2815700,Corinth city,MS,14450,-1.097,-1.196,0.181,-0.027,-1.29,171037,164200,-0.1,-0.11,-0.66,-0.32,-0.49,-0.28,-0.4,0.61,,,"amenity capital (seasonal homes, arts, prestige); market access (population within 60-120min)",0
0547390,Mountain Home city,AR,13021,-1.084,-1.218,0.203,-0.021,-1.876,235127,160200,-0.09,-0.43,-1.12,0.23,-0.53,-0.34,-0.18,-0.49,,,"amenity capital (seasonal homes, arts, prestige); market access (population within 60-120min)",0
0670686,Seal Beach city,CA,24868,-1.068,-1.068,0.284,-0.043,-3.008,820522,492200,0.33,1.18,1.88,-0.1,1.16,0.13,0.89,-0.31,,"market access (population within 60-120min); human capital (degrees, professional employment); scarcity capital (price/income, density, slow building)",,0
4830416,Granbury city,TX,11665,-1.062,-0.929,0.075,-0.066,-1.807,375586,278700,-0.25,0.39,0.86,0.01,-0.55,-0.27,-0.57,0.7,Housing Overbuild,market access (population within 60-120min),,0
2937178,Jennings city,MO,12900,-1.057,-1.173,0.182,-0.023,0.293,71956,62300,0.17,-0.53,0.58,-0.18,-0.61,-0.22,-0.09,1.76,,,"human capital (degrees, professional employment); distress vacancy",0
5486452,Wheeling city,WV,26670,-1.054,-1.051,0.161,-0.044,-0.62,147230,142500,0.18,0.28,0.1,-0.14,-0.43,-0.14,0.01,0.77,,,,0
0169120,Selma city,AL,17442,-1.053,-1.204,0.335,-0.017,-0.119,76225,102500,0.11,-0.24,-0.66,-0.06,-0.39,-0.33,-0.19,1.11,,,"market access (population within 60-120min); amenity capital (seasonal homes, arts, prestige); distress vacancy",0
3646019,Massena village,NY,10234,-1.051,-1.104,0.25,-0.034,-0.159,118002,99200,0.08,-0.17,-1.5,-0.26,-0.17,-0.18,0.02,-0.02,,,market access (population within 60-120min),0
4643100,Mitchell city,SD,15637,-1.049,-1.083,0.217,-0.037,-1.379,250344,182000,0.12,-0.17,-1.52,0.09,-0.52,-0.22,-0.09,0.07,,,market access (population within 60-120min),0
3678674,Watervliet city,NY,10285,-1.048,-1.285,0.258,-0.003,-1.809,307467,176200,0.24,-0.24,0.14,-0.01,-0.09,-0.37,0.47,0.38,,,"amenity capital (seasonal homes, arts, prestige)",0
3766700,Tarboro town,NC,10705,-1.04,-1.022,0.182,-0.046,-0.76,161933,155500,0.03,-0.2,-0.11,-0.18,-0.31,-0.38,-0.12,0.31,,,"amenity capital (seasonal homes, arts, prestige)",0
2218650,Crowley city,LA,11554,-1.035,-1.197,0.282,-0.016,-1.298,119455,141800,-0.12,-0.2,-0.33,-0.17,-0.62,-0.15,-0.02,0.93,,,distress vacancy,0
2421325,Cumberland city,MD,18938,-1.028,-1.123,0.244,-0.027,-0.696,152705,120800,0.15,-0.04,-0.46,0.04,-0.5,-0.19,0,1.21,,,distress vacancy,0
2850440,Natchez city,MS,14207,-1.026,-1.097,0.28,-0.031,-0.94,128606,114100,0.16,-0.09,-1.19,0.01,-0.65,-0.06,-0.22,1.52,,,distress vacancy; market access (population within 60-120min),0
0851745,Montrose city,CO,20703,-1.024,-0.897,0.206,-0.064,-2.356,461640,359000,-0.29,0.2,-1.48,-0.12,-0.03,-0.1,0.15,-0.19,,,market access (population within 60-120min),0
5549675,Marshfield city,WI,18718,-1.021,-0.957,0.101,-0.054,-1.192,243114,169900,0.03,-0.19,-0.63,-0.09,-0.43,-0.29,-0.07,-0.26,,,"market access (population within 60-120min); amenity capital (seasonal homes, arts, prestige)",0
2720330,Fairmont city,MN,10348,-1.019,-0.954,0.134,-0.054,-0.49,171556,168800,-0.24,-0.22,-0.96,-0.3,-0.34,-0.28,-0.21,-0.33,,,"amenity capital (seasonal homes, arts, prestige); market access (population within 60-120min)",0
1380956,Waycross city,GA,13813,-1.017,-1.091,0.315,-0.03,-1.093,146260,88600,-0.03,-0.49,-0.7,0.21,-0.47,-0.3,-0.23,2.13,,,"amenity capital (seasonal homes, arts, prestige); market access (population within 60-120min); distress vacancy",0
2200100,Abbeville city,LA,11086,-0.996,-1.178,0.167,-0.012,-1.079,137366,99900,0.01,-0.71,-0.35,0.18,-0.1,-0.38,-0.3,1.51,,,"amenity capital (seasonal homes, arts, prestige); human capital (degrees, professional employment); distress vacancy",0
4210464,Butler city,PA,13306,-0.983,-1.144,0.13,-0.015,-1.857,242524,112500,-0.17,-0.37,0.48,-0.14,-0.53,-0.19,0.23,0.98,,,distress vacancy,0
3602066,Amsterdam city,NY,18162,-0.98,-0.955,0.153,-0.047,-1.442,237940,119800,0.27,-0.4,-0.1,0.02,-0.2,-0.36,0.14,1.22,,,"amenity capital (seasonal homes, arts, prestige); distress vacancy",0
5161832,Petersburg city,VA,33365,-0.971,-0.988,0.168,-0.04,-1.481,246307,157900,0.31,-0.04,0.19,0.08,-0.29,-0.26,-0.1,1.14,,,distress vacancy,0
2728790,Hibbing city,MN,16100,-0.97,-0.998,0.197,-0.038,-0.345,153159,123900,0.12,-0.46,-1.39,-0.13,-0.46,-0.27,-0.8,-0.1,,,"scarcity capital (price/income, density, slow building); amenity capital (seasonal homes, arts, prestige); market access (population within 60-120min)",0
1747553,Mattoon city,IL,16334,-0.967,-1.106,0.154,-0.019,-0.205,122069,96000,-0.14,-0.23,-0.47,-0.03,-0.6,-0.38,-0.11,0.24,,,"amenity capital (seasonal homes, arts, prestige)",0
2158836,Paducah city,KY,26894,-0.965,-0.941,0.218,-0.047,-0.97,193599,164600,0.22,0.18,-0.75,-0.17,-0.42,-0.22,-0.07,1.05,,,market access (population within 60-120min); distress vacancy,0
1254238,Palmer Ranch CDP,FL,15873,-0.963,-0.857,0.191,-0.06,-1.698,,563000,-0.08,1.49,0.56,-0.31,0.99,0.53,0.66,-0.19,Retirement Market; Demographic Loser,"human capital (degrees, professional employment); amenity capital (seasonal homes, arts, prestige)",,1
4871540,Sweetwater city,TX,10484,-0.962,-0.971,0.163,-0.041,-0.112,112856,84000,-0.27,-0.75,-0.96,0.04,-0.23,-0.26,-0.28,1.38,,,"human capital (degrees, professional employment); market access (population within 60-120min); distress vacancy",0
2626360,Escanaba city,MI,12374,-0.962,-1.11,0.262,-0.017,-1.114,163205,116600,-0.27,-0.51,-1.84,-0.11,-0.61,0.07,-0.17,0.1,,,"human capital (degrees, professional employment); market access (population within 60-120min)",0
1950160,Mason City city,IA,27135,-0.958,-0.953,0.135,-0.043,-0.159,157981,130000,-0.07,-0.3,-0.71,-0.09,-0.44,-0.23,-0.19,0.08,,,market access (population within 60-120min),0
3702140,Asheville city,NC,94369,-0.951,-0.783,0.172,-0.071,-2.262,486020,411000,0.07,1.06,-0.19,0.04,0.11,0.35,0.42,1.57,,"human capital (degrees, professional employment); amenity capital (seasonal homes, arts, prestige)",distress vacancy,0
5415628,Clarksburg city,WV,15829,-0.95,-0.961,0.192,-0.04,-0.207,122021,114600,0.11,-0.18,-0.49,-0.14,-0.65,-0.04,-0.08,1.27,,,distress vacancy,0
5109816,Bristol city,VA,17024,-0.949,-0.964,0.204,-0.04,-1.364,207027,168700,0.06,-0.09,-0.35,-0.08,-0.61,-0.07,0.01,0.77,,,,0
4246256,McKeesport city,PA,17520,-0.949,-1.159,0.212,-0.007,-0.615,101650,69800,0.25,-0.42,0.43,-0.06,-0.49,-0.3,0.01,1.22,,,"amenity capital (seasonal homes, arts, prestige); distress vacancy",0
2876720,Vicksburg city,MS,20944,-0.937,-0.893,0.192,-0.05,-0.769,147192,117000,-0.11,0,-0.56,-0.03,-0.54,0.09,-0.33,1.89,,,distress vacancy,0
5414600,Charleston city,WV,47918,-0.927,-0.831,0.127,-0.059,-0.108,161786,187300,0.36,0.95,-0.64,-0.11,-0.3,-0.16,0.09,1.08,,"human capital (degrees, professional employment)",market access (population within 60-120min); distress vacancy,0
4269720,Sharon city,PA,13019,-0.924,-1.039,0.139,-0.023,0.574,79805,79100,-0.01,-0.47,0.3,-0.33,-0.32,-0.23,0.07,0.75,,,,0
2846640,Meridian city,MS,34466,-0.916,-0.989,0.318,-0.03,-0.689,116669,100800,0.24,-0.24,-1.11,-0.04,-0.48,-0.11,-0.36,0.95,,,distress vacancy; market access (population within 60-120min),0
1718823,Decatur city,IL,70368,-0.912,-0.831,0.124,-0.056,0.392,100099,97300,0.08,-0.23,-0.09,-0.03,-0.38,-0.3,-0.1,0.75,,,"amenity capital (seasonal homes, arts, prestige)",0
1909550,Burlington city,IA,23800,-0.908,-0.961,0.159,-0.033,0.092,126626,115800,-0.08,-0.24,-0.5,-0.07,-0.37,-0.16,-0.12,0.05,,,,0
5121344,Danville city,VA,42239,-0.903,-0.935,0.18,-0.037,-0.84,156187,110200,0.18,-0.41,0.19,-0.04,-0.28,-0.31,-0.2,0.91,,,"distress vacancy; amenity capital (seasonal homes, arts, prestige)",0
1914430,Clinton city,IA,24425,-0.894,-0.812,0.11,-0.056,0.164,127993,115400,-0.13,-0.32,-0.09,-0.16,-0.5,-0.37,-0.34,0.55,,,"amenity capital (seasonal homes, arts, prestige)",0
3651055,Niagara Falls city,NY,48198,-0.893,-0.948,0.18,-0.033,-0.639,161160,104400,0.16,-0.08,0.05,-0.08,-0.22,-0.21,0.12,0.57,,,,0
3641135,Lancaster village,NY,10127,-0.887,-0.985,0.094,-0.025,-0.371,,186300,-0.04,0.04,0.07,-0.36,-0.63,-0.39,0.34,-0.54,,,"amenity capital (seasonal homes, arts, prestige)",1
2302100,Augusta city,ME,18999,-0.885,-1.042,0.29,-0.015,-1.767,284824,188900,0.35,0.04,-0.67,-0.07,-0.39,-0.21,-0.31,-0.3,Government Hub,,market access (population within 60-120min),0
0630798,Grass Valley city,CA,14126,-0.874,-0.987,0.301,-0.023,-2.941,514087,458400,-0.07,0.12,0.47,-0.15,0.17,0.16,0.77,-0.73,,,,0
5462140,Parkersburg city,WV,29461,-0.873,-0.95,0.217,-0.029,-0.628,149036,113900,0,-0.35,-0.59,-0.09,-0.58,-0.23,0.03,0.45,,,,0
2815380,Columbus city,MS,23616,-0.871,-0.903,0.169,-0.036,-1.174,177718,121200,0.27,-0.15,-0.91,-0.06,-0.5,-0.2,-0.19,0.98,,,distress vacancy; market access (population within 60-120min),0
3746340,New Bern city,NC,31563,-0.863,-0.811,0.15,-0.051,-1.394,279093,211500,0.36,0.17,-0.36,0.14,-0.14,-0.05,-0.28,0.28,,,,0
3135000,North Platte city,NE,23030,-0.857,-0.852,0.216,-0.043,-0.724,203753,159500,0,-0.35,-1.98,-0.06,-0.39,-0.24,-0.02,0.19,,,market access (population within 60-120min),0
3761200,Shelby city,NC,21868,-0.855,-0.78,0.102,-0.054,-1.118,217764,185400,0.12,-0.14,0.59,-0.08,-0.4,-0.37,-0.05,0.84,,,"distress vacancy; amenity capital (seasonal homes, arts, prestige)",0
3253800,Pahrump CDP,NV,45811,-0.855,-0.701,0.261,-0.068,-1.875,366190,283400,-0.6,-0.53,0.23,-0.28,0.12,0.48,-0.48,-0.42,,"amenity capital (seasonal homes, arts, prestige)","human capital (degrees, professional employment); institutional engines (edu/med/gov/military/university)",0
2965000,St. Louis city,MO,293109,-0.855,-0.774,0.109,-0.055,-0.662,189240,185100,0.37,0.73,0.58,0.19,-0.01,-0.18,0.35,1.05,,"human capital (degrees, professional employment)",distress vacancy,0
2519370,Easthampton Town city,MA,16103,-0.855,-0.867,0.192,-0.04,-1.749,428556,343800,0.38,0.6,0.72,-0.27,0.07,-0.15,0.37,-0.31,,"human capital (degrees, professional employment); market access (population within 60-120min)",,0
0412840,Chino Valley town,AZ,13372,-0.851,-0.909,0.303,-0.032,-2.43,493365,352100,-0.06,-0.34,-0.25,-0.3,-0.25,-0.11,-0.36,-0.84,,distress vacancy,,0
2629000,Flint city,MI,80835,-0.848,-0.873,0.184,-0.038,0.606,66162,47600,0.04,-0.58,0.43,0.05,-0.4,-0.27,-0.09,1.61,,,"amenity capital (seasonal homes, arts, prestige); human capital (degrees, professional employment); distress vacancy",0
5405332,Beckley city,WV,16977,-0.843,-0.906,0.227,-0.031,-0.838,150121,148800,0.34,-0.08,-0.76,0.14,-0.38,-0.07,0.05,1.15,,,market access (population within 60-120min); distress vacancy,0
2829180,Greenville city,MS,28833,-0.832,-0.797,0.235,-0.048,0.489,70916,100800,0.04,-0.33,-1.03,-0.03,-0.63,-0.26,-0.21,1.35,,,distress vacancy; market access (population within 60-120min),0
3678608,Watertown city,NY,24574,-0.829,-0.919,0.213,-0.026,-0.935,197381,149800,0.39,-0.04,-1,0.22,-0.25,-0.21,0.15,0.57,,,market access (population within 60-120min),0
3929162,Galion city,OH,10358,-0.817,-0.992,0.2,-0.012,-0.742,164721,100900,-0.37,-0.3,0.19,-0.08,-0.59,-0.42,-0.12,0.53,,,"amenity capital (seasonal homes, arts, prestige)",0
0640438,Larkspur city,CA,12856,-0.816,-0.702,0.833,-0.061,-3.668,2095328,1805100,0.12,2.23,1.31,-0.64,1.09,0.67,3.47,-0.66,Aging Trap,"human capital (degrees, professional employment); scarcity capital (price/income, density, slow building); amenity capital (seasonal homes, arts, prestige)",,0
2601740,Alpena city,MI,10178,-0.811,-0.991,0.271,-0.011,-0.801,178531,110400,-0.05,-0.49,-2.16,-0.25,-0.63,0.08,-0.15,-0.21,,,"human capital (degrees, professional employment); market access (population within 60-120min)",0
1278000,Wilton Manors city,FL,11403,-0.803,-1.064,0.457,0.003,-2.184,594195,508300,-0.18,1.06,1.12,-0.81,1.27,0.59,1.12,-0.38,Aging Trap,"amenity capital (seasonal homes, arts, prestige); human capital (degrees, professional employment); market access (population within 60-120min)",demographic regeneration (25-44 vs 65+),0
1240387,Liberty Triangle CDP,FL,24178,-0.803,-0.756,0.392,-0.049,-0.732,,247800,0.2,0.3,0.45,-0.11,0.94,-0.21,0,-0.59,,,,1
1277675,Wildwood city,FL,16739,-0.801,-0.699,0.234,-0.059,-0.99,297529,419700,-0.13,0.96,0.75,-0.36,0.02,0.63,-1.12,-0.19,Retirement Market; Demographic Loser; Housing Overbuild,"amenity capital (seasonal homes, arts, prestige); human capital (degrees, professional employment); market access (population within 60-120min)","scarcity capital (price/income, density, slow building)",0
4660020,Spearfish city,SD,12551,-0.798,-0.704,0.13,-0.057,-2.235,459746,309200,0.22,0.43,-1.26,0.18,-0.5,0.39,-0.2,-0.5,,"amenity capital (seasonal homes, arts, prestige)",market access (population within 60-120min),0
5326735,Gig Harbor city,WA,12202,-0.79,-0.415,0.095,-0.105,-2.249,825138,686000,0.46,0.92,0.96,-0.08,-0.17,0.08,0.65,-0.23,Housing Overbuild,"human capital (degrees, professional employment); market access (population within 60-120min); institutional engines (edu/med/gov/military/university)",,0
0107000,Birmingham city,AL,199322,-0.789,-0.718,0.133,-0.053,-0.431,139966,138600,0.29,0.24,0.2,0.15,-0.24,-0.24,-0.17,1.27,,,distress vacancy,0
4854912,Pampa city,TX,16735,-0.784,-0.869,0.309,-0.027,0.484,107215,95800,-0.23,-0.57,-1.44,0.1,0.43,-0.22,-0.11,1.25,,,"human capital (degrees, professional employment); distress vacancy; market access (population within 60-120min)",0
