code2020,bachelorShare,collegeEnrollShare,students18_24,taxableIncomePerTaxpayerThousandYen,otherVacancyShare
01100,0.1612,,123526,3017.04,0.01685
01202,0.09449,,14593,2714.66,0.05608
01203,0.09796,,7137,2487.12,0.06849
01204,0.10428,,16170,2692.25,0.038
01205,0.09177,,5900,2866.87,0.06312
01206,0.084,,9475,2696.82,0.04913
01207,0.09645,,8293,2831.01,0.02744
01208,0.09247,,7026,2696.73,0.03258
01209,0.06378,,244,2058.34,0.08039
01210,0.10222,,5140,2667.01,0.05448
01211,0.09759,,2842,2905.64,0.05447
01212,0.08566,,732,2636.78,0.06005
01213,0.08408,,8140,2781.15,0.03384
01214,0.07032,,1528,2740.9,0.05347
01215,0.06653,,1486,2455.65,0.0731
01216,0.05556,,613,2227.47,0.07368
01217,0.15241,,13310,2827.82,0.03376
01218,0.04393,,385,2177.82,0.12606
01219,0.08347,,841,2615.31,0.09302
01220,0.0632,,689,2663.07,0.06023
01221,0.07628,,1713,2800.3,0.05726
01222,0.04803,,322,2240.95,0.0753
01223,0.06166,,1053,2761.09,0.05759
01224,0.09818,,5369,2837.8,0.01364
01225,0.0839,,2026,2595.53,0.02899
01226,0.07827,,777,2668.54,0.0627
01227,0.03602,,123,2050.71,0.0931
01228,0.08,,1173,2567.83,0.04204
01229,0.08286,,1014,2698.14,0.05467
01230,0.07248,,2536,2624.61,0.04519
01231,0.10874,,5392,2817.74,0.03757
01233,0.09403,,1491,2651.4,0.05641
01234,0.15503,,4194,2871.85,0.02561
01235,0.10251,,3152,2591.99,0.03406
01236,0.06545,,2276,2471.31,0.05304
01303,0.09851,,1809,2643.86,
01304,0.0544,,317,2642.25,
01331,0.03919,,245,2912.6,
01332,0.02681,,151,2767.24,
01333,0.04627,,167,2498.57,
01334,0.04923,,204,2543.81,
01337,0.08324,,1289,2464.23,
01343,0.05826,,250,2378.29,
01345,0.0483,,590,2389.54,
01346,0.06693,,618,2692.22,
01347,0.05632,,473,2487.97,
01361,0.08392,,261,2851.08,
01362,0.03755,,191,2488.67,
01363,0.06908,,116,2885,
01364,0.04466,,143,2583.29,
01367,0.05838,,76,3031.93,
01370,0.06293,,240,2515.28,
01371,0.05341,,233,2516.73,
01391,0.03972,,40,2774.12,
01392,0.07081,,94,2716.5,
01393,0.09504,,114,2630.3,
01394,0.07133,,201,2486.8,
01395,0.13029,,192,2519.19,
01396,0.07826,,114,2648.43,
01397,0.09784,,86,2508.42,
01398,0.08151,,54,2351.86,
01399,0.09008,,79,2551.27,
01400,0.12809,,467,2778.16,
01401,0.08185,,196,2898.39,
01402,0.0666,,529,2604.84,
01403,0.07476,,49,2836.91,
01404,0.0607,,17,3282.06,
01405,0.05225,,78,2383.63,
01406,0.04766,,99,2428.05,
01407,0.07364,,146,2402.51,
01408,0.08619,,1081,2494.08,
01409,0.11437,,30,2621.9,
01423,0.08575,,690,2641.87,
01424,0.06221,,235,2440.65,
01425,0.0307,,142,1925.61,
01427,0.05641,,232,2317.81,
01428,0.08127,,543,2776.55,
01429,0.0744,,584,2440.22,
01430,0.06164,,154,2595.83,
01431,0.05208,,74,2645.09,
01432,0.06062,,260,2549.78,
01433,0.04257,,126,2409.93,
01434,0.0598,,123,2369.65,
01436,0.05528,,273,2632.29,
01437,0.0509,,92,2528.52,
01438,0.06719,,157,2508,
01452,0.07613,,272,2726.67,
01453,0.10063,,501,2856.1,
01454,0.05697,,246,2436.47,
01455,0.05681,,136,2404.92,
01456,0.06054,,112,2622.88,
01457,0.07708,,129,2304.9,
01458,0.09058,,435,2553.78,
01459,0.07674,,416,2634.61,
01460,0.05051,,431,2689.81,
01461,0.0647,,260,2899.86,
01462,0.07799,,92,2713,
01463,0.13372,,35,2568.93,
01464,0.04465,,112,2406.22,
01465,0.04793,,144,2651.13,
01468,0.06693,,151,2736.1,
01469,0.07731,,264,2681.9,
01470,0.12036,,160,3064.57,
01471,0.09037,,49,2833.77,
01472,0.07271,,69,2770.15,
01481,0.06008,,120,2533.74,
01482,0.0645,,175,2558.3,
01483,0.05085,,152,2666.77,
01484,0.05994,,199,2553.22,
01485,0.05862,,33,2886.9,
01486,0.05645,,109,2594.07,
01487,0.08377,,114,2731.18,
01511,0.08551,,49,3611.33,
01512,0.07319,,95,2752.66,
01513,0.06136,,45,2639.75,
01514,0.06212,,246,2904.66,
01516,0.06338,,139,2622.53,
01517,0.05423,,68,2820.21,
01518,0.06541,,71,2879.9,
01519,0.0533,,84,2678.64,
01520,0.12821,,60,3052.68,
01543,0.05791,,780,2661.79,
01544,0.055,,194,2722.75,
01545,0.07876,,440,3375.93,
01546,0.06976,,153,2831.42,
01547,0.06893,,153,2625.95,
01549,0.06824,,182,2675.92,
01550,0.07209,,151,2751.2,
01552,0.06735,,165,2758.34,
01555,0.0715,,728,2699.42,
01559,0.06032,,353,2638.15,
01560,0.08921,,73,2573.1,
01561,0.0786,,118,2895.4,
01562,0.08761,,23,2852.48,
01563,0.06188,,138,2755.06,
01564,0.07498,,300,2845.24,
01571,0.07567,,155,2477.12,
01575,0.0803,,75,2401.3,
01578,0.0607,,809,2501.72,
01581,0.09167,,189,2696.05,
01584,0.07032,,372,2396.2,
01585,0.08072,,357,4326.25,
01586,0.06176,,397,2588.63,
01601,0.07803,,440,2877.47,
01602,0.07802,,178,2797.4,
01604,0.06736,,180,2577.96,
01607,0.0992,,575,2888.82,
01608,0.05013,,153,2551.18,
01609,0.05334,,179,2872.57,
01610,0.07226,,888,2640.54,
01631,0.08805,,1838,2763.86,
01632,0.08553,,191,3123.37,
01633,0.07825,,121,2946.34,
01634,0.08689,,203,3266.74,
01635,0.10076,,207,2681.04,
01636,0.08363,,340,2775.88,
01637,0.09241,,776,2919.67,
01638,0.11443,,274,3772.68,
01639,0.08872,,120,3005.11,
01641,0.07787,,151,2873.79,
01642,0.07345,,257,2965.57,
01643,0.08271,,1041,2632.78,
01644,0.08322,,274,2635.34,
01645,0.06355,,85,2936.26,
01646,0.06436,,390,2855.2,
01647,0.06836,,191,2828.98,
01648,0.05849,,55,2783.34,
01649,0.05533,,145,2836.83,
01661,0.06065,,1060,2610.24,
01662,0.05427,,417,2800.88,
01663,0.06841,,230,2864.19,
01664,0.07349,,346,2891.96,
01665,0.07364,,253,2630.31,
01667,0.1166,,90,2915.03,
01668,0.05187,,370,2408.45,
01691,0.07944,,513,3167.65,
01692,0.08711,,975,2780.72,
01693,0.07804,,200,3002.79,
01694,0.04358,,228,3066.44,
02201,0.12281,,15790,2749.34,0.03966
02202,0.11501,,12833,2693.28,0.05279
02203,0.10464,,11996,2722.99,0.05174
02204,0.06681,,1885,2197.39,0.0675
02205,0.07026,,2701,2483.64,0.08346
02206,0.09239,,4097,2544.57,0.04831
02207,0.10342,,1749,3063.36,0.06572
02208,0.07876,,2201,2716.92,0.08369
02209,0.0411,,1633,2233.61,0.06725
02210,0.05361,,1641,2179.67,0.06516
02301,0.0459,,538,2216.28,
02303,0.02887,,95,2248.08,
02304,0.04043,,140,2213.67,
02307,0.03039,,196,2418.36,
02321,0.05514,,454,2256.08,
02323,0.04022,,338,2195.8,
02343,0.05328,,58,2027.09,
02361,0.06436,,836,2298.57,
02362,0.05467,,500,2150.3,
02367,0.05621,,385,2180.06,
02381,0.05055,,770,2171.69,
02384,0.03742,,668,2178.72,
02387,0.02269,,549,2158.18,
02401,0.06797,,565,2409.94,
02402,0.06397,,672,2352.19,
02405,0.05941,,416,2366.95,
02406,0.06016,,157,2264.13,
02408,0.04591,,699,2304.82,
02411,0.11697,,351,2916.24,
02412,0.06235,,1118,2524.69,
02423,0.06148,,216,2837.11,
02424,0.05565,,219,2477.37,
02425,0.04649,,78,2460.03,
02426,0.03344,,45,2372,
02441,0.05684,,447,2213.64,
02442,0.05711,,816,2326.55,
02443,0.03856,,224,2178.02,
02445,0.05773,,879,2308.31,
02446,0.04459,,1419,2297.96,
02450,0.03186,,64,2137.86,
03201,0.17165,,21077,3010.02,0.03649
03202,0.07176,,2387,2445.72,0.08077
03203,0.07468,,2062,2471.48,0.06936
03205,0.09576,,5138,2431.38,0.07067
03206,0.10488,,4409,2611.23,0.04572
03207,0.0693,,1569,2464.33,0.09488
03208,0.05894,,1148,2223.08,0.06559
03209,0.0783,,5681,2442.43,0.07279
03210,0.06768,,851,2302.32,0.06901
03211,0.07543,,1233,2427.54,0.08089
03213,0.0661,,1286,2368.41,0.07568
03214,0.05169,,1203,2290.92,0.06199
03215,0.0779,,5491,2507.91,0.05635
03216,0.10403,,4162,2550.39,
03301,0.0632,,871,2242.53,
03302,0.03876,,242,2198.65,
03303,0.0487,,704,2326.86,
03321,0.09273,,1786,2487.18,
03322,0.11628,,2019,2645.36,
03366,0.04896,,173,2268.48,
03381,0.07229,,813,2445.69,
03402,0.05781,,348,2318.02,
03441,0.05529,,234,2213.71,
03461,0.04488,,588,2301.82,
03482,0.04442,,696,2265.14,
03483,0.05356,,307,2262.11,
03484,0.04109,,121,2258.75,
03485,0.0337,,115,2311.24,
03501,0.03616,,429,2193.9,
03503,0.03716,,256,2215.85,
03506,0.02967,,296,2074.12,
03507,0.03869,,751,2336.66,
03524,0.05247,,528,2276.81,
04100,0.20878,,76648,3230.25,0.03245
04202,0.07057,,7479,2633.76,0.04285
04203,0.11609,,3106,2655.86,0.05806
04205,0.06215,,2906,2457.71,0.067
04206,0.09374,,1855,2488.17,0.05246
04207,0.15621,,4907,3022.53,0.02827
04208,0.0857,,1481,2591.43,0.04094
04209,0.13679,,3897,2869.56,0.01641
04211,0.14188,,2561,2816.37,0.02704
04212,0.05369,,3479,2441,0.05062
04213,0.06573,,3065,2440.17,0.07287
04214,0.07427,,2160,2564.76,0.04272
04215,0.09318,,6250,2563.1,0.05293
04216,0.17902,,2942,3129.03,
04301,0.05973,,629,2334.05,
04302,0.05241,,91,2148.03,
04321,0.13217,,1145,2666,
04322,0.06079,,564,2354.11,
04323,0.11294,,3288,2659.63,
04324,0.05137,,463,2218.17,
04341,0.05198,,654,2415.46,
04361,0.085,,1828,2581.07,
04362,0.07133,,770,2406.05,
04401,0.09725,,734,2524.87,
04404,0.07732,,1238,2731.3,
04406,0.14966,,2522,3050.99,
04421,0.101,,1338,2659.63,
04422,0.04539,,418,2314.16,
04424,0.05282,,268,2428.47,
04444,0.04408,,361,2309.33,
04445,0.05074,,1057,2350.16,
04501,0.06314,,747,2305.08,
04505,0.09507,,1193,2514.84,
04581,0.05891,,345,2584.39,
04606,0.03738,,723,2432.78,
05201,0.14167,,18910,2882.82,0.04229
05202,0.08278,,2142,2478.01,0.07754
05203,0.07586,,3594,2441.66,0.05485
05204,0.07846,,3209,2402.41,0.08072
05206,0.05283,,1285,2311.77,0.09712
05207,0.06779,,1957,2343.67,0.07645
05209,0.06331,,1337,2271.53,0.09091
05210,0.07453,,4169,2494.06,0.05388
05211,0.06598,,1772,2381.96,0.04823
05212,0.07235,,3557,2515.16,0.05901
05213,0.06819,,1279,2312.7,0.08699
05214,0.07092,,1097,2578.48,0.06818
05215,0.05545,,999,2275.08,0.05981
05303,0.06221,,221,2260.44,
05327,0.03508,,68,2170.78,
05346,0.04086,,118,2083.96,
05348,0.0486,,766,2210.31,
05349,0.04099,,285,2218.59,
05361,0.06535,,396,2347.2,
05363,0.07147,,287,2468.98,
05366,0.05345,,247,2434.36,
05368,0.15196,,341,3637.76,
05434,0.05312,,872,2258.81,
05463,0.04975,,642,2270.01,
05464,0.02763,,77,2012.79,
06201,0.17142,,16498,2928.27,0.03678
06202,0.1006,,6185,2498.97,0.0434
06203,0.09003,,6652,2432.03,0.05587
06204,0.10033,,4768,2476.75,0.0694
06205,0.09973,,1745,2532.07,0.04082
06206,0.10934,,2039,2560.49,0.03458
06207,0.08938,,1593,2405.15,0.07571
06208,0.08918,,1178,2429.08,0.04306
06209,0.08766,,1259,2476.5,0.04885
06210,0.11102,,2942,2603.26,0.03309
06211,0.09672,,1980,2576.1,0.02847
06212,0.0559,,746,2343.39,0.06436
06213,0.08299,,1512,2474.96,0.05698
06301,0.08006,,830,2479.28,
06302,0.08463,,608,2454.17,
06321,0.10401,,863,2478.06,
06322,0.06276,,248,2291.85,
06323,0.05388,,327,2280.44,
06324,0.06996,,441,2292.04,
06341,0.06999,,341,2380.27,
06361,0.04767,,267,2192.68,
06362,0.04706,,380,2226.71,
06363,0.05005,,233,2298.45,
06364,0.05292,,482,2260.52,
06365,0.0374,,160,2161.26,
06366,0.04443,,172,2252.41,
06367,0.02982,,217,2224.99,
06381,0.06397,,1077,2362.12,
06382,0.05868,,666,2296.02,
06401,0.06949,,385,2248.91,
06402,0.06693,,663,2300.63,
06403,0.0482,,292,2256.8,
06426,0.07125,,311,2340.93,
06428,0.05957,,959,2238.25,
06461,0.05406,,565,2209.81,
07201,0.14201,,16631,2915.21,0.04475
07202,0.1027,,6661,2651.74,0.05147
07203,0.13022,,19075,2904.96,0.02674
07204,0.10456,,16515,2718.45,0.05246
07205,0.1059,,2980,2746.99,0.0718
07207,0.09484,,3962,2543.57,0.03193
07208,0.07276,,2298,2411.13,0.07139
07209,0.09292,,1752,2577.92,0.0652
07210,0.07262,,2959,2422.98,0.04679
07211,0.04897,,2110,2343.73,0.06948
07212,0.08413,,2861,2525.54,0.04671
07213,0.06993,,3312,2458.14,0.05845
07214,0.08002,,1647,2467.49,0.04195
07301,0.07573,,654,2406.06,
07303,0.06529,,487,2445.47,
07308,0.05061,,617,2208.31,
07322,0.04849,,445,2318.82,
07342,0.07889,,652,2477.93,
07344,0.05049,,293,2280.33,
07362,0.04776,,274,2360.26,
07364,0.10565,,6,2408.48,
07367,0.06671,,173,2388.81,
07368,0.07522,,673,2395.1,
07402,0.07367,,119,2166.71,
07405,0.05192,,281,2287.58,
07407,0.06573,,159,2569.85,
07408,0.08087,,746,2468.76,
07421,0.07753,,761,2485.74,
07422,0.08429,,162,2647.17,
07423,0.04297,,174,2288.23,
07444,0.06236,,58,2272.72,
07445,0.05709,,66,2198.79,
07446,0.05664,,15,2160.36,
07447,0.06962,,984,2373.1,
07461,0.10108,,920,2576.07,
07464,0.06783,,350,2476.46,
07465,0.05855,,277,2377.09,
07466,0.08867,,890,2393.76,
07481,0.07304,,698,2575.28,
07482,0.04645,,248,2325.48,
07483,0.04901,,405,2440.77,
07484,0.03691,,192,2370.4,
07501,0.0724,,1058,2364.01,
07502,0.0478,,355,2276.54,
07503,0.0335,,307,2227.76,
07504,0.05701,,327,2470.64,
07505,0.04101,,261,2266.14,
07521,0.07754,,991,2440.19,
07522,0.0536,,575,2311.35,
07541,0.08669,,303,3019.77,
07542,0.07616,,399,2709.53,
07543,0.11285,,778,3085.35,
07544,0.04949,,89,2513.05,
07545,0.10001,,467,3556.99,
07546,0.10858,,276,3158.97,
07547,0.08048,,847,2674.87,
07548,0.04063,,76,2153.21,
07561,0.06737,,386,2460.15,
07564,0.03231,,229,2128.27,
08201,0.18911,,15290,3266.95,0.04575
08202,0.14793,,10387,3138.22,0.04287
08203,0.18687,,7701,3191.57,0.04041
08204,0.11521,,7866,2842.24,0.04383
08205,0.11786,,4204,2821.49,0.05537
08207,0.09931,,2525,2736.74,0.03773
08208,0.20218,,6035,3232.85,0.04986
08210,0.09877,,2180,2648.43,0.05322
08211,0.09261,,3196,2700.64,0.03536
08212,0.10737,,2998,2873.69,0.07332
08214,0.10093,,1366,2746.14,0.04539
08215,0.07915,,2121,2696.67,0.08317
08216,0.11383,,4109,2773.71,0.04912
08217,0.22119,,6061,3187.69,0.05033
08219,0.23534,,4542,3433.64,0.03686
08220,0.26201,,18295,3804.71,0.02508
08221,0.1609,,7580,3164.64,0.03849
08222,0.10188,,2633,3164.46,0.09664
08223,0.08699,,1554,2804.82,0.06083
08224,0.29342,,3920,3751.83,0.03411
08225,0.0811,,2067,2667.12,0.03858
08226,0.11695,,2702,2891.77,0.04008
08227,0.096,,5168,2718.9,0.04554
08228,0.0644,,2819,2613.75,0.04878
08229,0.07113,,2365,2643.54,0.07918
08230,0.11725,,2111,2886.48,0.04619
08231,0.08685,,2396,2651.1,0.05
08232,0.083,,3813,3146.21,0.03992
08233,0.06358,,1641,2623.82,0.04569
08234,0.06865,,2086,2557.08,0.02537
08235,0.1995,,2301,3131.01,0.07106
08236,0.08809,,2666,2739.62,0.04785
08302,0.08326,,1601,2621.58,
08309,0.09077,,760,2652.71,
08310,0.07582,,1123,2618.17,
08341,0.18324,,1676,3366.52,
08364,0.05242,,765,2357.55,
08442,0.0922,,856,3387.16,
08443,0.15977,,3198,3076.87,
08447,0.06656,,601,2567.38,
08521,0.05728,,1145,2611.18,
08542,0.08955,,525,2895.71,
08546,0.07182,,1343,2688.8,
08564,0.17085,,826,2952.65,
09201,0.18002,,24836,3261.66,0.03354
09202,0.12045,,7507,2788.85,0.05161
09203,0.11096,,8137,2812.81,0.05226
09204,0.10949,,5632,2756.72,0.06169
09205,0.10388,,4892,2778.53,0.06048
09206,0.09987,,3980,2639.32,0.10259
09208,0.15079,,9543,3085.47,0.06368
09209,0.11223,,3707,2761.01,0.0321
09210,0.11128,,5372,2783.05,0.0411
09211,0.12965,,1734,2802.06,0.0489
09213,0.11771,,5082,2820.59,0.04797
09214,0.14614,,2092,2848.38,0.04963
09215,0.0903,,1301,2573.17,0.0671
09216,0.18377,,4132,3437.69,0.03636
09301,0.11055,,1843,2987.82,
09342,0.09883,,1169,2586.64,
09343,0.0964,,721,2578.95,
09344,0.10342,,598,2816.9,
09345,0.09946,,638,2714.09,
09361,0.11838,,2329,3019.59,
09364,0.17824,,1562,3160.03,
09384,0.08007,,592,2581.75,
09386,0.1743,,1499,3054.54,
09407,0.09481,,1294,2556.49,
09411,0.07508,,849,2497.71,
10201,0.16296,,19104,3140.27,0.04411
10202,0.17019,,21187,3111.19,0.04726
10203,0.11104,,6679,2920.75,0.07352
10204,0.12973,,11284,2829.64,0.03636
10205,0.13633,,10194,2955.03,0.04034
10206,0.09429,,2346,2651.59,0.08589
10207,0.14107,,3995,2936.55,0.04973
10208,0.10813,,4175,2743.16,0.06758
10209,0.1176,,3712,2730.77,0.03418
10210,0.0977,,2428,2756.66,0.06484
10211,0.11445,,2948,2825.06,0.09396
10212,0.10534,,2535,2709.18,0.06082
10344,0.09878,,776,2720.23,
10345,0.12471,,1022,2912.32,
10366,0.10818,,27,2246.82,
10367,0.05121,,45,2404.39,
10382,0.05531,,376,2466.37,
10383,0.0304,,47,2103.83,
10384,0.07886,,744,2560.73,
10421,0.09965,,887,2584.88,
10424,0.10734,,235,3045,
10425,0.09507,,400,2541.64,
10426,0.1006,,181,2318.72,
10428,0.05205,,196,2401.14,
10429,0.08633,,760,2617.46,
10443,0.06553,,252,2270.42,
10444,0.06358,,153,2487.71,
10448,0.05461,,344,2924.33,
10449,0.07912,,1031,2468.1,
10464,0.13297,,2959,2846.09,
10521,0.11412,,1070,2798.08,
10522,0.13778,,610,2804.65,
10523,0.09413,,593,2724.59,
10524,0.14132,,1909,2774.02,
10525,0.1106,,1356,2766.92,
11100,0.26452,,83081,3730.04,0.02812
11201,0.18895,,23047,3263.74,0.03929
11202,0.15846,,13599,3146.13,0.04987
11203,0.1879,,30794,3301.41,0.00299
11206,0.13905,,5492,2922.77,0.04919
11207,0.09127,,3628,2774.22,0.0804
11208,0.23426,,23251,3489.11,0.02306
11209,0.16402,,6366,3164.18,0.03441
11210,0.13224,,7778,3012.9,0.04239
11211,0.12968,,4854,2919.71,0.04729
11212,0.19162,,8165,3112.34,0.04639
11214,0.16421,,14197,3097.25,0.03937
11215,0.18818,,9366,3196.95,0.03177
11216,0.12848,,3344,2936.43,0.03816
11217,0.19094,,8188,3219.56,0.03404
11218,0.13177,,8739,2993.73,0.02883
11219,0.20182,,13673,3270.07,0.02101
11221,0.16399,,14716,3206.6,0.02979
11222,0.18357,,20515,3313.38,0.03976
11223,0.22085,,4220,3245.22,0.02089
11224,0.2183,,7924,3527.49,0.02504
11225,0.17988,,10748,3236.27,0.04678
11227,0.23543,,8923,3515.2,0.01379
11228,0.25311,,4705,3614.25,0.02796
11229,0.29564,,4726,3631.48,0.02629
11230,0.2037,,10229,3314.54,0.02874
11231,0.19057,,4655,3245.43,0.02938
11232,0.18175,,10429,3221.29,0.03127
11233,0.18662,,4459,3238.05,0.03125
11234,0.10815,,4206,3047.84,0.02071
11235,0.20231,,6510,3290.64,0.01936
11237,0.1514,,7581,3079.29,0.0166
11238,0.22227,,3591,3351.42,0.03628
11239,0.17895,,7947,3093.64,0.02446
11240,0.14564,,3095,3036.89,0.02383
11241,0.20404,,5310,3239.17,0.03014
11242,0.15573,,3246,3064.11,0.03354
11243,0.14892,,3822,3228.51,0.02245
11245,0.20987,,6914,3302.98,0.04767
11246,0.21274,,3346,3441.25,
11301,0.19041,,2363,3213.94,
11324,0.18009,,2165,3298.47,
11326,0.12066,,3784,2886.64,
11327,0.13316,,821,2854.06,
11341,0.16022,,844,3089.59,
11342,0.13339,,1080,2962.85,
11343,0.16243,,2291,2997.91,
11346,0.12573,,1395,2947.88,
11347,0.12044,,1543,2893.82,
11348,0.20874,,911,3190.07,
11349,0.09555,,764,2681.24,
11361,0.08699,,511,2843.5,
11362,0.09047,,480,2619.82,
11363,0.08344,,409,2779.38,
11365,0.05982,,645,2435.5,
11369,0.06876,,209,2584.4,
11381,0.07986,,784,2735.35,
11383,0.07684,,885,2607.4,
11385,0.10178,,1893,2768,
11408,0.1089,,2160,2739.78,
11442,0.18533,,2827,3051.75,
11464,0.15223,,2838,3119.87,
11465,0.11739,,2007,3062.02,
12100,0.24163,,58067,3617.57,0.02937
12202,0.07572,,3976,2736.25,0.05421
12203,0.26718,,25340,3705.59,0.02447
12204,0.25589,,35466,3539.16,0.03784
12205,0.10752,,1715,2752.07,0.08521
12206,0.12422,,7096,3176.65,0.04346
12207,0.24052,,27571,3476.72,0.04189
12208,0.14644,,10147,3033.79,0.04199
12210,0.14046,,4857,3036.06,0.05351
12211,0.16743,,6820,3169.97,0.04118
12212,0.23961,,10592,3593.89,0.04501
12213,0.13001,,5070,3000.77,0.05914
12215,0.0744,,3201,2700.3,0.06345
12216,0.30426,,12587,3654.76,0.04264
12217,0.25027,,24962,3607.77,0.02824
12218,0.08983,,2582,2686.46,0.06472
12219,0.13213,,16102,3233.49,0.05122
12220,0.27903,,10616,3629.37,0.03062
12221,0.23156,,10906,3478.27,0.01883
12222,0.2888,,7473,3626.03,0.03637
12223,0.09768,,1517,2799.5,0.07402
12224,0.19455,,5833,3209.05,0.04043
12225,0.09683,,4418,3088.97,0.06402
12226,0.07908,,2165,2796.43,0.05222
12227,0.34002,,10749,4457.18,0.02174
12228,0.22291,,4965,3412.66,0.04309
12229,0.12265,,3325,3221.4,0.03369
12230,0.09237,,4603,2857.27,0.0564
12231,0.25148,,7990,3734.98,0.02846
12232,0.26956,,3920,3638.13,0.03472
12233,0.11848,,2675,2911.26,0.04653
12234,0.07579,,1434,2587.43,0.10101
12235,0.06966,,1854,2725.92,0.07415
12236,0.07784,,3764,2790.05,0.06601
12237,0.09179,,3194,2716.28,0.11338
12238,0.09832,,1730,2693.42,0.10996
12239,0.1555,,3130,3237.17,
12322,0.17825,,1460,3067.43,
12329,0.17119,,1423,3161.15,
12342,0.0945,,350,2759.48,
12347,0.07609,,786,2915.12,
12349,0.05146,,640,2717.16,
12403,0.07555,,825,2631.65,
12409,0.07376,,403,2830.84,
12410,0.0765,,1109,2640.61,
12421,0.13173,,592,2917.47,
12422,0.10006,,342,2771.53,
12423,0.09857,,763,2857.3,
12424,0.08381,,522,2756.31,
12426,0.08902,,366,2786.55,
12427,0.09395,,472,2817.14,
12441,0.07204,,539,2569.15,
12443,0.13977,,261,2650.86,
12463,0.0698,,350,2598.75,
13101,0.36714,,2750,7712.62,0.03758
13102,0.35823,,4328,5413.47,0.09642
13103,0.31287,,8973,9435.26,0.0173
13104,0.27179,,21237,4682.99,0.03131
13105,0.35594,,16226,5353.18,0.03844
13106,0.21406,,8214,3818.8,0.04947
13107,0.19724,,11544,3478.78,0.03919
13108,0.25699,,22092,3859.92,0.03452
13109,0.26644,,17238,4192.43,0.02544
13110,0.30067,,14159,5226.01,0.01187
13111,0.24719,,36255,3954.35,0.03189
13112,0.31076,,58514,4971.13,0.02311
13113,0.29267,,9581,6443.49,0.06297
13114,0.27653,,17511,3854.03,0.02389
13115,0.36238,,32939,4353.85,0.02729
13116,0.2272,,17348,4023.57,0.02217
13117,0.21616,,17921,3429.43,0.03285
13118,0.19623,,10869,3419.56,0.0038
13119,0.21105,,33344,3501.15,0.03185
13120,0.25881,,45988,3962.09,0.02198
13121,0.1375,,36195,3235.05,0.0189
13122,0.16406,,24307,3302.7,0.03264
13123,0.17481,,39625,3468.24,0.02193
13201,0.22809,,55809,3505.71,0.01928
13202,0.20949,,10958,3496.44,0.01663
13203,0.3808,,10112,4696.05,0.0165
13204,0.29062,,13265,4094.42,0.04693
13205,0.15071,,8396,3176.83,0.04542
13206,0.28092,,17575,3744.01,0.03728
13207,0.21572,,6656,3276.76,0.02091
13208,0.30323,,16465,3913.54,0.03343
13209,0.26822,,30268,3805.09,0.00565
13210,0.3584,,10930,4104.44,0.00987
13211,0.28561,,17307,3729.5,0.01798
13212,0.28251,,15227,3591.88,0.01949
13213,0.223,,9861,3443.9,0.02552
13214,0.35199,,9974,4080.94,0.01774
13215,0.31273,,6367,4291.2,0.02523
13218,0.16509,,3559,3137.86,0.02849
13219,0.30066,,5325,3674.04,0.02028
13220,0.20539,,5009,3393.61,0.03563
13221,0.22707,,5007,3418.71,0.02397
13222,0.25641,,7644,3490.19,0.04753
13223,0.13,,4224,3080.48,0.02031
13224,0.28453,,11449,3651.43,0.02229
13225,0.28359,,5698,3816.32,0.01405
13227,0.19045,,3497,3259.24,0.02403
13228,0.1525,,4943,3183.4,0.03116
13229,0.2704,,14928,3755.46,0.03045
13303,0.10495,,2025,3100.87,
13305,0.14519,,906,3060.22,
13307,0.08627,,91,2644.76,
13308,0.08602,,235,2805.51,
13361,0.12429,,382,2885.44,
13362,0.2363,,1,3386.16,
13363,0.11691,,74,3035.78,
13364,0.0957,,54,2976.85,
13381,0.13433,,60,3242.55,
13382,0.23158,,2,3124.5,
13401,0.10746,,254,2938.2,
13402,0.22086,,2,3724.91,
13421,0.20968,,65,3940.05,
14100,0.27869,,233731,3882.47,0.03063
14130,0.26318,,88772,3838.24,0.02114
14150,0.20428,,52258,3314.62,
14201,0.16211,,25083,3226.93,0.04361
14203,0.19601,,17810,3310.53,0.00392
14204,0.34959,,9368,4384.03,0.03856
14205,0.27582,,27962,3779.39,0.02752
14206,0.18739,,11605,3279.31,0.02819
14207,0.25265,,14549,3624.06,0.0248
14208,0.33351,,3156,4144.88,0.04484
14210,0.11976,,2514,3001.92,0.05767
14211,0.19132,,14844,3250.17,0.02318
14212,0.20833,,17047,3366.96,0.03377
14213,0.20984,,13114,3388.68,0.02575
14214,0.23404,,7074,3385.47,0.02272
14215,0.23219,,7481,3494.12,0.02114
14216,0.19883,,8108,3202.47,0.02483
14217,0.17209,,2441,3272,0.03036
14218,0.14732,,4481,3154.74,0.02041
14301,0.34245,,1741,4315.05,
14321,0.13916,,2784,3153.07,
14341,0.27704,,1820,3807.75,
14342,0.25768,,1806,3534.66,
14361,0.13934,,534,3131.59,
14362,0.16156,,982,3157.41,
14363,0.16131,,695,3203.25,
14364,0.13837,,722,3019.87,
14366,0.20036,,897,3343.74,
14382,0.1279,,491,2660.2,
14383,0.14401,,416,2898.21,
14384,0.13932,,1258,2863.52,
14401,0.10161,,2340,2805.68,
14402,0.12689,,162,3043.84,
15100,0.1441,,50625,2892.08,0.0335
15202,0.11278,,15111,2721.23,0.04243
15204,0.08909,,5019,2614.41,0.04132
15205,0.1107,,4323,2806.94,0.08089
15206,0.09603,,4996,2555.35,0.04196
15208,0.08151,,1601,2481.54,0.04049
15209,0.09054,,1555,2405.53,0.06256
15210,0.07023,,2265,2364.53,0.04932
15211,0.08378,,2003,2400.67,0.03841
15212,0.06261,,3159,2369.28,0.07706
15213,0.09402,,4140,2560.43,0.04835
15216,0.0779,,1659,2513.33,0.09138
15217,0.08167,,1608,2579.07,0.06159
15218,0.06507,,2553,2277.22,0.08382
15222,0.1032,,9253,2781.25,0.04809
15223,0.05779,,2297,2358.36,0.04535
15224,0.0878,,2173,2418.52,0.13509
15225,0.06724,,1694,2445.26,0.05147
15226,0.08341,,3474,2459.49,0.02874
15227,0.067,,1394,2430.01,0.05719
15307,0.05097,,889,2412.52,
15342,0.08098,,437,2423.56,
15361,0.09028,,785,2432.92,
15385,0.04302,,447,2277.9,
15405,0.07204,,196,2289.84,
15461,0.1122,,357,2499.58,
15482,0.06953,,418,2374.99,
15504,0.09754,,199,2983.58,
15581,0.04247,,286,2340.45,
15586,0.09524,,8,2802.91,
16201,0.17149,,22940,2952.09,0.04568
16202,0.15172,,7777,2711.15,0.06176
16204,0.12228,,1901,2720.81,0.06966
16205,0.10359,,1967,2504.83,0.08655
16206,0.14984,,1527,2710.67,0.06624
16207,0.15029,,1670,2749.19,0.0722
16208,0.15783,,2183,2701.85,0.03683
16209,0.12938,,1464,2541.05,0.07422
16210,0.12698,,2192,2474.23,0.02836
16211,0.15466,,4886,2742.41,0.05153
16321,0.20712,,177,3095.33,
16322,0.14279,,1012,2576.38,
16323,0.13708,,1197,2603.44,
16342,0.12241,,1412,2595.22,
16343,0.12262,,614,2555.35,
17201,0.1906,,31351,3161.83,0.04969
17202,0.10025,,2496,2532.13,0.08875
17203,0.14407,,4994,2753.56,0.04433
17204,0.08165,,1529,2395.96,0.11929
17205,0.07279,,455,2416.99,0.125
17206,0.10487,,2805,2489.57,0.08725
17207,0.13358,,1044,2829.59,0.10051
17209,0.12022,,1804,2594.89,0.08253
17210,0.14959,,5868,2783.08,0.03833
17211,0.15237,,2687,2794.03,0.04671
17212,0.19518,,5642,2916.37,
17324,0.18415,,345,2746.41,
17361,0.14225,,2625,2758.26,
17365,0.14198,,1864,2768.44,
17384,0.08577,,787,2480.85,
17386,0.11092,,701,2496.25,
17407,0.09501,,726,2382.28,
17461,0.09516,,398,2536.37,
17463,0.06418,,640,2539.28,
18201,0.18244,,14922,2999.52,0.05608
18202,0.1243,,2867,3041.44,0.05896
18204,0.11706,,1445,2737.54,0.09212
18205,0.1106,,1631,2523.73,0.05731
18206,0.1216,,1206,2511.17,0.0729
18207,0.14016,,3512,2628.93,0.05732
18208,0.13281,,1511,2611.36,0.07916
18209,0.13114,,4479,2678.12,0.06733
18210,0.14747,,5164,2720.94,0.08383
18322,0.16203,,1958,2730.41,
18382,0.09273,,123,2363.71,
18404,0.09944,,615,2511.18,
18423,0.11992,,1129,2491.63,
18442,0.12373,,449,2902.3,
18481,0.09037,,471,2887.31,
18483,0.11241,,339,2895.03,
18501,0.10113,,772,2657.74,
19201,0.19145,,13419,3138.37,0.04427
19202,0.10831,,2847,2837.92,0.04909
19204,0.12344,,4497,2734.22,0.05609
19205,0.15426,,1964,2760.83,0.08827
19206,0.13269,,2107,2842.31,0.10425
19207,0.15228,,1843,2816.57,0.06318
19208,0.13716,,4037,2823.16,0.06005
19209,0.17914,,2401,2719.66,0.08125
19210,0.16591,,4013,2968.29,0.03996
19211,0.13388,,3587,2700.91,0.05764
19212,0.16202,,2706,3095.23,0.06056
19213,0.15764,,1901,2727.36,0.09677
19214,0.1609,,1861,2924.85,0.03043
19346,0.12106,,854,2594.67,
19364,0.10035,,19,2507.79,
19365,0.11444,,702,2570.69,
19366,0.09387,,487,2511.79,
19368,0.10781,,838,2701.56,
19384,0.19295,,906,3146.81,
19422,0.07876,,108,2721.84,
19423,0.10137,,294,2569.36,
19424,0.20507,,352,3481.75,
19425,0.18209,,276,2996.84,
19429,0.14707,,122,2769.98,
19430,0.15209,,1661,2967.76,
19442,0.08787,,31,2613.38,
19443,0.07741,,12,2701.41,
20201,0.16134,,19323,2987.9,0.04876
20202,0.18186,,15246,3029.49,0.05677
20203,0.1517,,8944,2694.14,0.06389
20204,0.13418,,2091,2830.95,0.05707
20205,0.10543,,4417,2695.26,0.06369
20206,0.17718,,2192,2901.28,0.07207
20207,0.12046,,2236,2680.19,0.06133
20208,0.11075,,2205,2598.64,0.05895
20209,0.13446,,3106,2776.24,0.07963
20210,0.13465,,1536,2703.3,0.04269
20211,0.09868,,2064,2582.06,0.05206
20212,0.10648,,1239,2511.56,0.09049
20213,0.08439,,1097,2473.68,0.08435
20214,0.15025,,2720,2700.92,0.03774
20215,0.1628,,3253,2807.16,0.04954
20217,0.13341,,5174,2735.74,0.09037
20218,0.12984,,2985,2645.92,0.05619
20219,0.1281,,1436,2616.01,0.05783
20220,0.13683,,4280,2738.23,0.04878
20303,0.07694,,231,2597.19,
20304,0.0947,,191,2412.68,
20305,0.10824,,134,2699.98,
20306,0.08884,,54,2389.81,
20307,0.09052,,64,2642.82,
20309,0.09422,,566,2523.4,
20321,0.18356,,705,3367.55,
20323,0.14104,,603,2644.94,
20324,0.11786,,336,2560.01,
20349,0.10784,,199,2446.6,
20350,0.09652,,303,2409.76,
20361,0.14749,,811,2782.32,
20362,0.15304,,661,2587.56,
20363,0.15982,,392,2794.57,
20382,0.12263,,938,2628.31,
20383,0.12211,,1208,2652.37,
20384,0.09946,,457,2529.23,
20385,0.14766,,948,2747.5,
20386,0.08522,,273,2526.36,
20388,0.12546,,410,2714.66,
20402,0.08149,,703,2546.16,
20403,0.10538,,501,2594.15,
20404,0.06421,,313,2489.3,
20407,0.07144,,309,2428.67,
20409,0.10526,,22,2337.92,
20410,0.07356,,22,2310.8,
20411,0.07861,,201,2479.17,
20412,0.0772,,28,2261.48,
20413,0.05956,,38,2371.27,
20414,0.06857,,108,2463.29,
20415,0.07687,,245,2496.85,
20416,0.07309,,301,2475.74,
20417,0.08132,,32,2225.39,
20422,0.07146,,217,2562.51,
20423,0.07636,,183,2497.22,
20425,0.06587,,125,2523.73,
20429,0.14496,,47,2436.73,
20430,0.07677,,154,2568.67,
20432,0.09497,,519,2568.8,
20446,0.07247,,131,2504.27,
20448,0.066,,60,2460.22,
20450,0.09596,,410,2619.04,
20451,0.10352,,294,2524.17,
20452,0.0749,,190,2380.89,
20481,0.11405,,473,2625.25,
20482,0.10621,,491,2545.27,
20485,0.18224,,458,2414.7,
20486,0.10869,,94,2312.91,
20521,0.13044,,720,2675.61,
20541,0.12859,,448,2625.46,
20543,0.09001,,460,2431.02,
20561,0.08811,,568,2252.36,
20562,0.09149,,222,2409.98,
20563,0.08503,,173,2204.81,
20583,0.08913,,341,2499.2,
20588,0.07083,,121,2393.85,
20590,0.09453,,563,2631.2,
20602,0.0455,,63,2437.3,
21201,0.19032,,25276,3220.59,0.04801
21202,0.17966,,9025,3040,0.04948
21203,0.10701,,3856,2633.21,0.06797
21204,0.17395,,6689,3050.87,0.0602
21205,0.12169,,5710,2791.73,0.05289
21206,0.09386,,3714,2734.68,0.06469
21207,0.11295,,1074,2709.6,0.07488
21208,0.14467,,2854,2720.4,0.04159
21209,0.13937,,3726,2917.21,0.03759
21210,0.10364,,2467,2677.54,0.06381
21211,0.13332,,2980,2837.3,0.03267
21212,0.12437,,3344,2617.75,0.05924
21213,0.17083,,7757,3047.12,0.02772
21214,0.16135,,5127,3005.22,0.03022
21215,0.09611,,1543,2730.46,0.10195
21216,0.19059,,3624,3059.21,0.02896
21217,0.08144,,971,2552.21,0.09602
21218,0.14324,,2110,2880.13,0.04938
21219,0.0764,,1723,2606.71,0.11069
21220,0.07519,,1389,2507.91,0.07148
21221,0.11741,,2212,2748.49,0.06235
21302,0.16091,,1249,3034.27,
21303,0.15979,,1107,2994.68,
21341,0.1185,,1715,2758.6,
21361,0.14566,,1402,2762.08,
21362,0.12185,,439,2729.37,
21381,0.14257,,1056,2780.4,
21382,0.12336,,477,2771.16,
21383,0.15473,,828,2838.05,
21401,0.12197,,1153,2732.4,
21403,0.12815,,1478,2749.7,
21404,0.14661,,1510,2798.27,
21421,0.16524,,1109,3000.13,
21501,0.11202,,571,2654.23,
21502,0.11136,,295,2607.69,
21503,0.10252,,576,2727.08,
21504,0.06211,,187,2532.18,
21505,0.0897,,596,2669.53,
21506,0.04895,,349,2489.25,
21507,0.04278,,43,2442.19,
21521,0.10367,,1022,2668.72,
21604,0.10345,,51,2919.5,
22100,0.16727,,37948,3168.32,0.03646
22130,0.16075,,38258,3079.12,0.03179
22203,0.16592,,9101,3108.89,0.0354
22205,0.14189,,1430,2865.07,0.05694
22206,0.20872,,6821,3304.01,0.03415
22207,0.13106,,5762,2911.88,0.04627
22208,0.1313,,2426,2606.95,0.05508
22209,0.11984,,4708,2825.66,0.05112
22210,0.15172,,11867,3085.77,0.02978
22211,0.15284,,7692,2881.94,0.03648
22212,0.1279,,6585,2928.13,0.03048
22213,0.14566,,5291,2933.2,0.04724
22214,0.15964,,6844,3028.02,0.03088
22215,0.14292,,3866,3035.92,0.04079
22216,0.13688,,3658,2879.89,0.03315
22219,0.1189,,820,2543.13,0.06027
22220,0.18225,,2297,3139.51,0.03079
22221,0.12831,,2660,2881.19,0.04515
22222,0.11307,,1393,2557.6,0.1153
22223,0.09348,,1436,2730.4,0.03494
22224,0.12487,,2092,2732.15,0.04811
22225,0.13952,,2129,2843.66,0.04291
22226,0.10258,,2138,2709.43,0.0371
22301,0.10845,,506,2317.65,
22302,0.10459,,243,2466.1,
22304,0.09497,,240,2353.17,
22305,0.09539,,209,2388.01,
22306,0.0686,,213,2340.51,
22325,0.14608,,1778,2898.22,
22341,0.16711,,1635,3110.71,
22342,0.22632,,2412,3488.12,
22344,0.14537,,945,2962.65,
22424,0.12117,,1261,2791.28,
22429,0.06434,,269,2515.06,
22461,0.09957,,859,2680.16,
23100,0.21917,,136774,3704.52,0.03584
23201,0.15281,,21292,3175.34,0.04268
23202,0.18492,,20981,3425.94,0.03125
23203,0.16016,,21543,3076.73,0.03128
23204,0.17197,,8799,3125.11,0.04374
23205,0.17144,,6941,3328.65,0.05013
23206,0.20266,,17684,3280.4,0.03351
23207,0.15313,,9365,3007.07,0.04009
23208,0.15527,,3815,3066.06,0.03421
23209,0.12622,,3817,3185.35,0.04229
23210,0.21362,,8318,3519.97,0.0286
23211,0.1573,,25126,3517.56,0.02883
23212,0.18473,,9713,3447.05,0.02843
23213,0.13496,,8916,3255.76,0.01875
23214,0.14787,,5045,3059.62,0.054
23215,0.1845,,4137,3052.87,0.04567
23216,0.15757,,2875,2926.79,0.05848
23217,0.17103,,5937,3086.4,0.03982
23219,0.17392,,8481,3198.22,0.02708
23220,0.18343,,8329,3131.74,0.0305
23221,0.11785,,2444,2812.04,0.08427
23222,0.15177,,5513,3231.34,0.03779
23223,0.22081,,4647,3465.02,0.04032
23224,0.16487,,4606,3238.58,0.03933
23225,0.19877,,3797,3386.96,0.02054
23226,0.23123,,4941,3450.59,0.03902
23227,0.12142,,2333,3131.75,0.02781
23228,0.20219,,2557,3069.26,0.02686
23229,0.18208,,4418,3292.15,0.03485
23230,0.30113,,7561,3991.76,0.035
23231,0.0914,,2835,2936.38,0.06018
23232,0.15085,,3948,2982.17,0.0435
23233,0.19682,,3937,3156.98,0.05908
23234,0.17895,,4169,3129.02,0.03246
23235,0.15487,,2472,3136.94,0.02743
23236,0.22004,,4005,3901.02,
23237,0.1476,,4476,2995.04,
23238,0.33876,,5944,3971.61,
23302,0.23327,,2298,3534.8,
23342,0.14228,,679,2949.39,
23361,0.18087,,1298,3213.92,
23362,0.20288,,1835,3081.9,
23424,0.13509,,1552,3055.76,
23425,0.17794,,2261,3195.19,
23427,0.14498,,265,3429.07,
23441,0.16968,,1375,3213.67,
23442,0.17331,,2971,3277.98,
23445,0.07316,,1153,2804.08,
23446,0.12689,,3291,3004.15,
23447,0.13925,,2432,3114.9,
23501,0.14282,,2117,3243.97,
23561,0.09684,,176,2631.19,
23562,0.07781,,83,2535.03,
23563,0.08747,,15,2631.92,
24201,0.17747,,16941,3161.65,0.06052
24202,0.16302,,15798,3207.97,0.05395
24203,0.13564,,6899,2889.45,0.07907
24204,0.13126,,7637,2938.07,0.05931
24205,0.19669,,7834,3335.86,0.05024
24207,0.13338,,10598,3143.43,0.03479
24208,0.16964,,4719,3039.26,0.05891
24209,0.08919,,629,2708.9,0.16327
24210,0.13634,,2186,2973.94,0.04766
24211,0.08417,,1101,2464.99,0.1524
24212,0.09401,,1010,2637.39,0.19849
24214,0.10914,,2347,2844.57,0.07801
24215,0.06972,,2276,2430.22,0.10027
24216,0.12177,,4567,2784.98,0.07692
24303,0.07889,,418,2697.72,
24324,0.14408,,1322,3134.8,
24341,0.1246,,2099,3116.8,
24343,0.21732,,380,3464.61,
24344,0.15577,,693,3021.29,
24441,0.11007,,657,2796.87,
24442,0.11119,,1035,2797.47,
24443,0.0883,,550,2675.11,
24461,0.10782,,730,2839.27,
24470,0.08446,,392,2623.91,
24471,0.0671,,339,2488.05,
24472,0.05018,,495,2521.08,
24543,0.07503,,553,2632.89,
24561,0.0979,,404,2596.18,
24562,0.06522,,483,2472.79,
25201,0.23201,,22485,3404.75,0.06114
25202,0.16956,,7892,3083.01,0.06945
25203,0.13871,,6646,2876.61,0.07173
25204,0.16876,,4525,3012.81,0.05806
25206,0.24331,,14104,3391.74,0.03964
25207,0.23585,,4464,3294.06,0.04329
25208,0.2076,,3423,3479.63,0.05954
25209,0.13323,,5472,2811.05,0.04868
25210,0.19595,,2911,3165.85,0.02481
25211,0.13205,,3244,2950.62,0.06212
25212,0.11513,,2838,2717,0.08788
25213,0.11994,,6451,2856.4,0.08431
25214,0.14113,,2394,2862.38,0.08192
25383,0.10292,,1090,2679.49,
25384,0.11577,,827,2875.66,
25425,0.13358,,1048,2808.38,
25441,0.0812,,361,2545.68,
25442,0.07672,,382,2615.74,
25443,0.11626,,416,2756.82,
26100,0.21256,,120155,3316.64,0.04908
26201,0.13727,,3491,2735.31,0.06877
26202,0.11247,,4174,2857.13,0.07749
26203,0.11974,,1367,2508.63,0.09367
26204,0.19822,,12412,3150.92,0.05024
26205,0.11729,,803,2649.23,0.10808
26206,0.16328,,6873,2934.88,0.05317
26207,0.18078,,4890,2953.67,0.04513
26208,0.2284,,3155,3143.36,0.04415
26209,0.30019,,4695,3482.83,0.03475
26210,0.22503,,4422,3136.45,0.04395
26211,0.2581,,10166,3527.03,0.02602
26212,0.09759,,2533,2421.96,0.07663
26213,0.13928,,3519,2716.67,0.06173
26214,0.26891,,4510,3482.02,0.05156
26303,0.25973,,934,3079.09,
26322,0.13892,,852,2833.36,
26343,0.11928,,476,3795.42,
26344,0.13046,,699,3063.2,
26364,0.09958,,87,2692.17,
26365,0.0966,,231,2661.06,
26366,0.31921,,2690,3776.78,
26367,0.11017,,117,2684.06,
26407,0.09615,,772,2498.75,
26463,0.05957,,94,2291.44,
26465,0.09073,,1102,2418.73,
27100,0.1553,,139263,3131.9,0.04536
27140,0.16814,,47248,3281.26,0.03776
27202,0.1282,,12017,3006.58,0.04261
27203,0.25773,,24800,3921.62,0.02747
27204,0.25927,,7583,3657.62,0.04194
27205,0.282,,26664,3986.26,0.03352
27206,0.1506,,4367,3106.94,0.03179
27207,0.22477,,21151,3281.75,0.03739
27208,0.13585,,5375,3028.77,0.05677
27209,0.12089,,8165,2977.9,0.04857
27210,0.21515,,27961,3349.49,0.0406
27211,0.2658,,17185,3510.83,0.02663
27212,0.15276,,15696,3170.94,0.04384
27213,0.14587,,6115,2937.93,0.05512
27214,0.19025,,9772,3382.19,0.03697
27215,0.15136,,14072,2989.73,0.03193
27216,0.21148,,7556,3396.79,0.04768
27217,0.13051,,7856,2973.09,0.0366
27218,0.13609,,8358,2909.73,0.03571
27219,0.17335,,12088,3259.64,0.044
27220,0.29153,,11429,4117.44,0.04381
27221,0.16914,,6108,3103.57,0.02426
27222,0.16135,,7748,3122.03,0.04061
27223,0.09485,,7046,2798.32,0.02675
27224,0.14764,,4776,2961.04,0.02563
27225,0.19217,,3436,3338.5,0.04481
27226,0.17156,,4257,3236.55,0.04147
27227,0.13845,,31775,3061.49,0.03809
27228,0.12989,,3401,2897.01,0.03807
27229,0.16757,,3421,3165.68,0.0377
27230,0.22114,,5519,3376.15,0.03425
27231,0.22021,,4149,3733.33,0.05665
27232,0.15829,,3501,3099.72,0.0477
27301,0.29042,,1884,3376.08,
27321,0.29166,,1571,3535.65,
27322,0.12419,,843,2863.64,
27341,0.11488,,976,2905.65,
27361,0.18119,,3765,3274.21,
27362,0.15793,,397,3051.96,
27366,0.14274,,916,2861.52,
27381,0.17711,,1201,3252.42,
27382,0.1783,,1666,3495.84,
27383,0.16877,,312,2986.71,
28100,0.22509,,100619,3515.53,0.04524
28201,0.16473,,31036,3141.76,0.06106
28202,0.16132,,23280,3046.85,0.04001
28203,0.18855,,16989,3199.83,0.04753
28204,0.30632,,33624,4074.21,0.02233
28205,0.12261,,1970,2768.97,0.12551
28206,0.40947,,5282,5735.68,0.04906
28207,0.19934,,11424,3250.19,0.01511
28208,0.14204,,1525,2823.95,0.09284
28209,0.12268,,3662,2605.31,0.06789
28210,0.17111,,15169,3153.26,0.05184
28212,0.14586,,2922,2937.15,0.10359
28213,0.10949,,1903,2674.13,0.06788
28214,0.30718,,14135,3942.75,0.04442
28215,0.15909,,4813,2953.97,0.05041
28216,0.14864,,5264,3097.89,0.04446
28217,0.25782,,9014,3477.87,0.03888
28218,0.1262,,2696,2765.62,0.03702
28219,0.25467,,11240,3662.07,0.02259
28220,0.13791,,2680,2856.71,0.06005
28221,0.13564,,2318,2819.24,0.08643
28222,0.11162,,1104,2576.09,0.13385
28223,0.11299,,3078,2611.41,0.1043
28224,0.0954,,2018,2610.63,0.09316
28225,0.12337,,1410,2670.86,0.11143
28226,0.09639,,2235,2576.69,0.11574
28227,0.09868,,1703,2632.4,0.07374
28228,0.15888,,2783,2890.99,0.06344
28229,0.14423,,4855,2875.71,0.07784
28301,0.23561,,2191,3532.04,
28365,0.09448,,1098,2511.58,
28381,0.13969,,1735,3005.82,
28382,0.15379,,1994,2986.68,
28442,0.12061,,730,2681.38,
28443,0.13825,,1524,2888.26,
28446,0.09963,,651,2664.89,
28464,0.14583,,1574,2964.55,
28481,0.15008,,872,2777.53,
28501,0.09789,,864,2585.07,
28585,0.09628,,857,2547.39,
28586,0.09458,,666,2534.37,
29201,0.27257,,25551,3669.49,0.0591
29202,0.16595,,4751,3019.47,0.05105
29203,0.20427,,5199,3098.74,0.06064
29204,0.18822,,7089,2999.59,0.05241
29205,0.19174,,7616,3233.69,0.05087
29206,0.16339,,3676,3083.53,0.06012
29207,0.12825,,2179,2821.73,0.13287
29208,0.13459,,1615,2984.99,0.086
29209,0.34247,,8012,3988.86,0.05174
29210,0.22911,,4720,3667.03,0.03933
29211,0.18049,,2059,3143.86,0.07727
29212,0.1512,,1986,2940.7,0.07909
29322,0.09627,,148,2621.06,
29342,0.2477,,1180,3323.38,
29343,0.23811,,1387,3201.12,
29344,0.23836,,1726,3206.02,
29345,0.16984,,475,2910.87,
29361,0.18912,,514,3121.16,
29362,0.17437,,426,3085.83,
29363,0.19066,,2053,3228.51,
29385,0.09004,,92,2583.72,
29386,0.07379,,100,2520.12,
29401,0.15256,,419,3024.63,
29402,0.19767,,346,3222.59,
29424,0.17685,,1425,3203.69,
29425,0.26408,,1480,3526.66,
29426,0.25138,,2570,3818.61,
29427,0.24671,,1151,3573.29,
29441,0.12078,,414,2697.17,
29442,0.12593,,1187,2919.99,
29443,0.12284,,460,2877.3,
29444,0.08548,,31,2671,
29446,0.07703,,22,2718.99,
29447,0.1,,11,2763.7,
29449,0.09915,,157,2745.09,
29450,0.09259,,5,2721.18,
29451,0.12399,,15,2932.33,
29452,0.08824,,65,2616.93,
29453,0.07688,,66,2643.82,
30201,0.15497,,19189,3174.42,0.06308
30202,0.13687,,2568,2940.27,0.1002
30203,0.17648,,4380,3060.89,0.07172
30204,0.09927,,1408,2931.82,0.12839
30205,0.11135,,1695,2768.38,0.1009
30206,0.0936,,3119,2667.62,0.10138
30207,0.10032,,1308,2678.82,0.11137
30208,0.13549,,3925,2837.77,0.08155
30209,0.14534,,3196,3034.66,0.09083
30304,0.08844,,404,2661.75,
30341,0.13404,,1037,2681.47,
30343,0.12006,,258,2739.88,
30344,0.20241,,327,2736.7,
30361,0.08951,,597,2709.95,
30362,0.08754,,450,2675.56,
30366,0.09526,,1239,2894.32,
30381,0.12048,,324,2750.84,
30382,0.11957,,310,2864.85,
30383,0.08872,,267,2622.26,
30390,0.0812,,381,2444.44,
30391,0.07974,,585,2665.7,
30392,0.10165,,553,2611.83,
30401,0.08339,,766,2369.22,
30404,0.08391,,641,2621.89,
30406,0.05731,,139,2386.58,
30421,0.08699,,573,2364.29,
30422,0.08077,,123,2380.71,
30424,0.08345,,74,2415.79,
30427,0.09276,,8,2724.88,
30428,0.08355,,501,2508.26,
31201,0.14898,,11987,2708.55,0.06712
31202,0.14509,,7187,2751.52,0.05519
31203,0.12618,,2457,2475,0.08385
31204,0.11128,,1496,2487,0.07317
31302,0.0893,,525,2377.74,
31325,0.10394,,170,2209.6,
31328,0.06772,,324,2217.97,
31329,0.11401,,886,2370.29,
31364,0.08487,,264,2195.52,
31370,0.12342,,742,2366.1,
31371,0.0969,,738,2303.67,
31372,0.10616,,731,2262.05,
31384,0.13178,,133,2704.38,
31386,0.09502,,656,2318.3,
31389,0.10875,,462,2376.07,
31390,0.10435,,482,2448.92,
31401,0.0601,,168,2303.61,
31402,0.08714,,130,2348.39,
31403,0.0794,,162,2396.78,
32201,0.15712,,12943,2838.58,0.06885
32202,0.10937,,2974,2589.63,0.10674
32203,0.11883,,8099,2616.94,0.04387
32204,0.10359,,2102,2515.61,0.08957
32205,0.09806,,1346,2407.45,0.16947
32206,0.09107,,1754,2462.59,0.06605
32207,0.11177,,1178,2413.09,0.12827
32209,0.07693,,1635,2453.61,0.07034
32343,0.06858,,738,2294,
32386,0.08523,,255,2378.51,
32441,0.10684,,153,2488.52,
32448,0.0778,,113,2245.63,
32449,0.09717,,386,2402.75,
32501,0.0811,,274,2290.48,
32505,0.06738,,183,2401.62,
32525,0.11214,,80,2568,
32526,0.08682,,41,2603.13,
32527,0.09582,,12,2670.54,
32528,0.0928,,579,2627.06,
33100,0.21077,,47089,3087.96,
33202,0.15325,,25748,2956.07,0.06756
33203,0.12504,,5827,2692.18,0.09766
33204,0.13363,,3117,2757.23,0.07147
33205,0.12238,,2643,2677.97,0.11857
33207,0.10546,,2031,2574.35,0.11365
33208,0.16132,,4097,2743.46,0.08579
33209,0.09151,,2860,2560.36,0.11336
33210,0.09432,,1891,2457.19,0.11413
33211,0.11625,,1801,2555.04,0.10076
33212,0.13016,,1981,2637.83,0.07907
33213,0.15637,,2246,2688.4,0.09123
33214,0.0933,,1768,2420.43,0.11692
33215,0.08988,,1108,2395.61,0.11624
33216,0.14498,,1787,2656.69,0.13624
33346,0.10809,,643,2508.85,
33423,0.18792,,575,2829.68,
33445,0.16026,,548,2732.67,
33461,0.13315,,687,2510.84,
33586,0.08344,,39,2580.41,
33606,0.10094,,496,2673.82,
33622,0.11962,,448,2512.23,
33623,0.07831,,239,2474.05,
33643,0.0969,,65,2255.89,
33663,0.08585,,245,2401.7,
33666,0.08663,,599,2392.95,
33681,0.09333,,723,2528.8,
34100,0.22294,,71008,3281.05,0.04175
34202,0.15391,,12192,2938.11,0.10189
34203,0.12225,,1238,2668.06,0.12053
34204,0.13564,,5043,2813.4,0.07697
34205,0.13365,,6811,2829.63,0.11646
34207,0.15086,,22756,2897.83,0.04596
34208,0.11875,,1715,2497.94,0.07438
34209,0.1188,,2258,2594.34,0.0983
34210,0.10097,,2087,2518.23,0.09972
34211,0.14052,,1360,2844.67,0.06729
34212,0.19494,,20322,3090.8,0.05759
34213,0.20755,,6717,3011.68,0.05461
34214,0.10607,,1243,2508.1,0.10876
34215,0.1115,,926,2668.59,0.1699
34302,0.22315,,2958,3216.2,
34304,0.1911,,1555,2981.43,
34307,0.13594,,1270,2680.92,
34309,0.17956,,650,2769.29,
34368,0.08076,,218,2477.83,
34369,0.1106,,900,2561.79,
34431,0.10232,,576,2624.28,
34462,0.09722,,685,2451.59,
34545,0.07803,,343,2384.41,
35201,0.12851,,13999,2791,0.0813
35202,0.15063,,10081,2936.76,0.06059
35203,0.18882,,14579,2980.19,0.05186
35204,0.09567,,1973,2533.43,0.10462
35206,0.12708,,4993,2792.05,0.05858
35207,0.14722,,1873,3013.39,0.07062
35208,0.12062,,5885,2918.38,0.07792
35210,0.13027,,2149,3000.51,0.07134
35211,0.09671,,1342,2524.51,0.09008
35212,0.13921,,1274,2821.71,0.10463
35213,0.10264,,1087,2509.08,0.13225
35215,0.12917,,6190,3027.74,0.07378
35216,0.12,,2886,2722.08,0.0786
35305,0.10687,,762,2498.32,
35321,0.13555,,299,2870.43,
35341,0.0655,,92,3076.89,
35343,0.11257,,616,2728.73,
35344,0.11296,,422,2656.03,
35502,0.05814,,78,2295.03,
36201,0.18537,,17000,3138.65,0.04248
36202,0.14646,,3281,2840.77,0.09853
36203,0.1247,,1824,2638.69,0.07822
36204,0.13072,,3903,2809.3,0.07535
36205,0.1251,,1939,2572.24,0.07739
36206,0.10759,,1629,2545.94,0.09456
36207,0.10453,,1372,2535.3,0.14918
36208,0.07588,,1036,2531.05,0.1699
36301,0.07657,,338,2423.69,
36302,0.06305,,31,2167.93,
36321,0.06784,,91,2269.54,
36341,0.15337,,1208,2690.67,
36342,0.05967,,158,2269.18,
36368,0.06807,,256,2462.3,
36383,0.09054,,142,2389.83,
36387,0.0875,,242,2408.1,
36388,0.08601,,394,2294.59,
36401,0.15202,,701,3017.01,
36402,0.20297,,1003,3043.06,
36403,0.14801,,1684,2858.16,
36404,0.11657,,685,2698.96,
36405,0.12788,,537,2643.21,
36468,0.08009,,447,2465.8,
36489,0.09124,,613,2573.68,
37201,0.20235,,20206,3068.23,0.05882
37202,0.15469,,4886,2856.18,0.10012
37203,0.15768,,2323,2851.13,0.07269
37204,0.15159,,2060,2727.33,0.09506
37205,0.13045,,2687,2684.22,0.08204
37206,0.13707,,2924,2631.3,0.02441
37207,0.10214,,1258,2594.36,0.07843
37208,0.12403,,3124,2615.13,0.10575
37322,0.11687,,545,2411.36,
37324,0.11762,,539,2382.53,
37341,0.14834,,1619,2766.71,
37364,0.1166,,89,3099.97,
37386,0.20566,,873,3235.78,
37387,0.13496,,1249,2669.83,
37403,0.14962,,393,2572.81,
37404,0.13915,,916,2807.77,
37406,0.10586,,733,2539.25,
38201,0.19689,,34530,2947.63,0.03795
38202,0.14029,,6558,2898.26,0.09842
38203,0.09104,,3449,2586.3,0.09194
38204,0.10555,,1484,2626.88,0.08241
38205,0.13896,,4624,2875.91,0.06265
38206,0.13337,,4280,2751.82,0.0753
38207,0.09365,,2110,2560.1,0.09467
38210,0.13022,,1918,2593.75,0.0638
38213,0.12581,,3467,2843.26,0.08543
38214,0.09211,,1477,2459.59,0.13498
38215,0.17677,,2184,2901.96,0.04407
38356,0.09509,,475,2782.26,
38386,0.06672,,256,2503.85,
38401,0.16932,,1499,2740.21,
38402,0.13757,,1222,2617.59,
38422,0.07611,,807,2327.32,
38442,0.06819,,338,2555.08,
38484,0.06064,,139,2180.96,
38488,0.07261,,413,2569.88,
38506,0.06718,,854,2606.86,
39201,0.14094,,18414,2860.21,0.04835
39202,0.05538,,370,2281.89,0.17343
39203,0.09208,,813,2330.99,0.10542
39204,0.13983,,3385,2672.15,0.06968
39205,0.09655,,1493,2476.2,0.08048
39206,0.07061,,1505,2593.43,0.11414
39208,0.08153,,877,2473.7,0.094
39209,0.05755,,425,2423.59,0.17422
39210,0.10299,,1287,2603.66,0.09588
39211,0.11142,,1616,2511.3,0.09047
39212,0.09634,,2305,2483.26,0.09675
39301,0.05509,,71,2138.14,
39302,0.06325,,111,2283.61,
39303,0.08363,,88,2282.95,
39304,0.06368,,122,2145.77,
39305,0.05673,,35,2227.79,
39306,0.1,,53,2547.24,
39307,0.07721,,147,2143.2,
39341,0.07425,,162,2397.32,
39344,0.03973,,110,2162.52,
39363,0.05431,,104,2281.67,
39364,0.0672,,5,2556.58,
39386,0.11225,,1327,2655.32,
39387,0.0323,,122,2295.95,
39401,0.04129,,242,2336.31,
39402,0.07418,,600,2463.29,
39403,0.0426,,200,2291.25,
39405,0.05867,,140,2524.65,
39410,0.07075,,296,2238.65,
39411,0.03573,,239,2252.24,
39412,0.05065,,511,2366.89,
39424,0.04734,,158,2246.83,
39427,0.05313,,49,2338.71,
39428,0.05348,,416,2299.55,
40100,0.14543,,54730,2973.54,0.04714
40130,0.21586,,107661,3304.74,0.02242
40202,0.10632,,6177,2605.11,0.08351
40203,0.15555,,20081,2974.44,0.03868
40204,0.11211,,2761,2682.09,0.09487
40205,0.12768,,8950,2707.31,0.06134
40206,0.09312,,2878,2572.7,0.08751
40207,0.09317,,4387,2585.1,0.05356
40210,0.07496,,3653,2535.8,0.06529
40211,0.11525,,2601,2669.08,0.04193
40212,0.09067,,2301,2425.69,0.04569
40213,0.11689,,3416,2820.34,0.04929
40214,0.10823,,1146,2677.1,0.12511
40215,0.09511,,2080,2599.08,0.06215
40216,0.20321,,4204,3102.8,0.04253
40217,0.22704,,7718,3161.02,0.02913
40218,0.21609,,7636,3210.33,0.01929
40219,0.21468,,6295,3242.53,0.04158
40220,0.20423,,7274,3111.91,0.04194
40221,0.22323,,4952,3048.95,0.02755
40223,0.18549,,3758,2973.29,0.02469
40224,0.18997,,3112,2949.78,0.0395
40225,0.08227,,1526,2397.48,0.08208
40226,0.09138,,1329,2509.6,0.09033
40227,0.07465,,1924,2289.77,0.1
40228,0.10482,,2994,2559.87,0.06578
40229,0.08499,,1997,2495.82,0.06788
40230,0.14839,,6649,2816.98,
40231,0.15786,,2874,2935.89,
40341,0.11942,,2144,2692.96,
40342,0.17491,,1791,2815.28,
40343,0.16343,,2080,2868.88,
40344,0.11445,,1289,2571.79,
40345,0.23687,,2047,3369.42,
40348,0.17086,,476,2846.56,
40349,0.1751,,1973,2840.99,
40381,0.09066,,687,2829.71,
40382,0.10313,,1475,2657.93,
40383,0.13187,,1655,2864.84,
40384,0.12673,,998,2807.99,
40401,0.08021,,343,2379.02,
40402,0.08198,,746,2525.78,
40421,0.08803,,694,2398.05,
40447,0.1055,,1607,2587.93,
40448,0.0758,,112,2308.52,
40503,0.10276,,923,2546.18,
40522,0.10164,,753,2566.08,
40544,0.08701,,1164,2557.01,
40601,0.08518,,503,2407.12,
40602,0.07913,,429,2371.28,
40604,0.0695,,395,2359.27,
40605,0.0564,,841,2263.09,
40608,0.07084,,239,2377.21,
40609,0.06911,,128,2264.01,
40610,0.06627,,1096,2327.28,
40621,0.11512,,1917,2888.64,
40625,0.08688,,941,2608.64,
40642,0.09821,,324,2690.7,
40646,0.10901,,303,2492.41,
40647,0.09342,,783,2593.32,
41201,0.16842,,16043,2909.62,0.05031
41202,0.09143,,5973,2531.48,0.06463
41203,0.15895,,3714,2907.83,0.04487
41204,0.08798,,993,2303.16,0.09114
41205,0.09199,,2372,2446.9,0.06112
41206,0.10033,,2407,2533.3,0.05938
41207,0.09222,,1528,2421.98,0.0711
41208,0.11412,,2495,2642.04,0.05273
41209,0.08674,,1459,2408.16,0.06197
41210,0.12188,,1920,2605.95,0.03763
41327,0.12136,,918,2766.57,
41341,0.1819,,1273,2995.78,
41345,0.11943,,501,2716.15,
41346,0.10881,,1316,2527.87,
41387,0.04479,,273,2384.84,
41401,0.09686,,943,2272.52,
41423,0.08069,,311,2386.89,
41424,0.10758,,488,2566.29,
41425,0.08359,,1283,2615.35,
41441,0.04281,,495,2237.47,
42201,0.13901,,27864,2882.05,0.05682
42202,0.10545,,13842,2696.25,0.07824
42203,0.09107,,2003,2467.03,0.07489
42204,0.12186,,7876,2707.97,0.04366
42205,0.12068,,5135,2808.53,0.04771
42207,0.05677,,1416,2404.38,0.10214
42208,0.05987,,1052,2348.61,0.11444
42209,0.06863,,1024,2742.24,0.10699
42210,0.07055,,1116,2519.48,0.08933
42211,0.07115,,1499,2512.36,0.14864
42212,0.05291,,1215,2356.19,0.10115
42213,0.05926,,2187,2274.68,0.08282
42214,0.06014,,1999,2318.18,0.09546
42307,0.19961,,2982,3348.81,
42308,0.12313,,2133,2775.29,
42321,0.05598,,436,2236.89,
42322,0.08632,,698,2371.16,
42323,0.06441,,746,2110.41,
42383,0.05803,,95,2537.63,
42391,0.09603,,659,2553.91,
42411,0.06311,,848,2646.58,
43100,0.17414,,51018,2993.7,0.03818
43202,0.08909,,6822,2473.34,0.05997
43203,0.10872,,1323,2582.69,0.06901
43204,0.0959,,2622,2450.14,0.06496
43205,0.09452,,1104,2487.6,0.10309
43206,0.10971,,4360,2598.44,0.07655
43208,0.08965,,2625,2375.67,0.08345
43210,0.08848,,2702,2450.41,0.07423
43211,0.11521,,2080,2563.93,0.05531
43212,0.04691,,1032,2421,0.13454
43213,0.09637,,3046,2447.18,0.08215
43214,0.07485,,1208,2333.82,0.06552
43215,0.07058,,3229,2457.26,0.1297
43216,0.16545,,3335,2877.28,0.05517
43348,0.04405,,381,2153.57,
43364,0.08424,,290,2261.71,
43367,0.06727,,528,2301.85,
43368,0.09131,,721,2525.8,
43369,0.06862,,518,2309.27,
43403,0.12317,,1740,2712.16,
43404,0.17262,,2091,2929.1,
43423,0.06868,,117,2314.18,
43424,0.06671,,208,2251.08,
43425,0.07054,,52,2160.83,
43428,0.07107,,221,2288.19,
43432,0.08799,,286,2504.21,
43433,0.08952,,1197,2374.53,
43441,0.08655,,946,2359.99,
43442,0.13011,,479,2660.12,
43443,0.11463,,1699,2535.1,
43444,0.07388,,472,2165.37,
43447,0.04435,,477,2241.6,
43468,0.07387,,615,2234.79,
43482,0.06159,,718,2240.61,
43484,0.04715,,197,2115.15,
43501,0.05899,,427,2229.24,
43505,0.05534,,379,2412.95,
43506,0.04668,,174,2153.47,
43507,0.04464,,82,2176.21,
43510,0.03605,,214,2153.08,
43511,0.0473,,28,2354.73,
43512,0.03618,,159,2041.32,
43513,0.02653,,161,1985.27,
43514,0.05563,,610,2245.25,
43531,0.05926,,305,2476.4,
44201,0.15833,,27978,2982.13,0.03608
44202,0.14077,,10293,2666.39,0.04646
44203,0.11817,,3636,2656.19,0.07813
44204,0.09533,,2915,2407.57,0.07424
44205,0.08267,,2869,2562.79,0.10017
44206,0.09658,,1625,2537.29,0.09473
44207,0.0777,,731,2669,0.08587
44208,0.08634,,893,2377.2,0.11265
44209,0.10157,,925,2458.94,0.13766
44210,0.10527,,1395,2432.92,0.07507
44211,0.11211,,2719,2605.56,0.10425
44212,0.08808,,1648,2442.11,0.09345
44213,0.11293,,1617,2617.12,0.03587
44214,0.09906,,1156,2419.81,0.09981
44322,0.04052,,50,2298.09,
44341,0.1359,,1283,2668,
44461,0.06593,,339,2357.92,
44462,0.08349,,688,2510.09,
45201,0.1545,,23916,2863.14,0.03408
45202,0.08661,,8120,2474.52,0.0856
45203,0.08996,,6473,2533.6,0.05099
45204,0.06918,,2638,2483.43,0.10923
45205,0.07006,,2037,2393.96,0.09519
45206,0.08712,,2674,2486.82,0.05826
45207,0.05468,,704,2286.96,0.1499
45208,0.06325,,1435,2248.26,0.07727
45209,0.05564,,905,2345.23,0.15336
45341,0.08507,,1328,2386.07,
45361,0.05054,,368,2215.03,
45382,0.06512,,926,2282.79,
45383,0.0793,,310,2194.85,
45401,0.12352,,1312,2617.52,
45402,0.07871,,897,2466.78,
45403,0.09208,,12,2444.72,
45404,0.06902,,244,2189.47,
45405,0.0567,,709,2339.27,
45406,0.0454,,494,2269.09,
45421,0.05742,,819,2274.01,
45429,0.05749,,9,2591.87,
45430,0.06204,,20,2539.64,
45431,0.04603,,115,2346.46,
45441,0.076,,431,2487.26,
45442,0.03834,,118,2253.6,
45443,0.06255,,221,2470.99,
46201,0.15166,,39070,2946.89,0.05038
46203,0.08426,,5051,2621.83,0.0418
46204,0.05965,,978,2477.6,0.12999
46206,0.05799,,981,2311.47,0.11409
46208,0.08368,,2912,2419.77,0.09794
46210,0.07897,,1705,2346.6,0.13097
46213,0.07625,,540,2551.83,0.10227
46214,0.06978,,615,2402.16,0.16973
46215,0.087,,4739,2626.86,0.11941
46216,0.09687,,3130,2484.18,0.12228
46217,0.05561,,1468,2219.36,0.11619
46218,0.10156,,7395,2672.52,0.07595
46219,0.07901,,2032,2417.61,0.08817
46220,0.07828,,2229,2484.71,0.18604
46221,0.06525,,1183,2386.7,0.13348
46222,0.09878,,2072,2771.25,0.07007
46223,0.06244,,1628,2299.7,0.15901
46224,0.06865,,987,2352.88,
46225,0.13,,4098,2629.67,
46303,0.17493,,4,3265.72,
46304,0.13345,,8,3360.16,
46392,0.05624,,931,2474.36,
46404,0.04042,,349,2316.89,
46452,0.04712,,351,2382.34,
46468,0.05304,,482,2324.51,
46482,0.0566,,215,2296.97,
46490,0.04547,,275,2336.13,
46491,0.04543,,238,2225.96,
46492,0.05105,,579,2277.08,
46501,0.06694,,278,2367.29,
46502,0.07276,,200,2682.16,
46505,0.11163,,353,2477.01,
46523,0.06131,,76,2481.27,
46524,0.06862,,29,2519.73,
46525,0.07939,,228,2621.34,
46527,0.08692,,256,2570.86,
46529,0.08497,,271,2499.5,
46530,0.0919,,478,2861.5,
46531,0.06805,,268,2506.86,
46532,0.06305,,241,2241.11,
46533,0.09493,,219,2690.59,
46534,0.08473,,198,2539.67,
46535,0.09418,,183,2303.39,
47201,0.16253,,19848,2987.51,0.02524
47205,0.15366,,6998,2793.69,0.0257
47207,0.10828,,2108,2545.45,0.03122
47208,0.15417,,7299,2797.74,0.02827
47209,0.11933,,4629,2380.43,0.05508
47210,0.09607,,3823,2470.34,0.06084
47211,0.1085,,8437,2813.32,0.02468
47212,0.14086,,3618,2699.6,0.0264
47213,0.07795,,7310,2422.13,0.04059
47214,0.08805,,2342,2600.96,0.07942
47215,0.10745,,2641,2271.72,0.07116
47301,0.07546,,268,2118.59,
47302,0.08346,,171,2126.86,
47303,0.09569,,68,3832.52,
47306,0.09196,,577,2137.91,
47308,0.08523,,765,2044.47,
47311,0.08788,,511,2252.77,
47313,0.10476,,304,2265.97,
47314,0.08563,,640,2286.53,
47315,0.05581,,42,2519.15,
47324,0.09657,,2681,2530.89,
47325,0.09197,,954,3309.9,
47326,0.12427,,1882,3142.09,
47327,0.12975,,971,2889.48,
47328,0.13801,,1524,2620.18,
47329,0.15888,,3591,2648.41,
47348,0.14261,,1075,2502.4,
47350,0.15841,,2424,2599.22,
47353,0.1456,,6,2799.99,
47354,0.1596,,6,2526.74,
47355,0.07789,,7,2745.17,
47356,0.1197,,16,2584.08,
47357,0.06987,,14,3366.68,
47358,0.09672,,4,3234.38,
47359,0.07441,,62,2444.31,
47360,0.05239,,18,2448.29,
47361,0.09803,,340,2472.8,
47362,0.1177,,1987,2308.58,
47375,0.06303,,10,2687.32,
47381,0.14224,,15,2357.01,
47382,0.10475,,18,2596.35,
